production_id,machine_id,product_id,shift,direct_loss,indirect_loss,total_cascade_loss,downtime_reason
0,6,13,Morning,9846.623608923643,1537.2356199017906,11383.859228825433,Breakdown
1,1,19,Night,6402.207574029704,1904.2126943670294,8306.420268396734,Breakdown
2,3,8,Morning,9427.104054884298,1574.9776052703428,11002.08166015464,No Power
3,9,11,Night,11605.918241751242,1264.387493949477,12870.305735700718,Breakdown
4,10,3,Night,4833.9846162543645,1761.0676033459395,6595.052219600304,Maintenance
5,2,3,Afternoon,9800.518345298042,814.9613999102137,10615.479745208255,Breakdown
6,4,15,Afternoon,13972.799096584708,1506.03572173746,15478.834818322168,Breakdown
7,9,10,Morning,8380.012314741844,1056.662136882997,9436.67445162484,Breakdown
8,3,14,Morning,7561.799166567943,1310.608296653014,8872.407463220956,Setup
9,5,13,Morning,12616.069472584526,1324.4683541704828,13940.53782675501,Maintenance
10,4,13,Morning,10460.052404368864,701.0146269979102,11161.067031366774,Setup
11,10,6,Morning,3284.0276477114844,675.3606995001301,3959.3883472116145,Maintenance
12,1,18,Morning,10861.883253130803,1523.630975955882,12385.514229086686,Setup
13,3,9,Night,17101.382338091527,1709.7624141160884,18811.144752207616,Breakdown
14,5,17,Afternoon,11964.965408216065,1243.9330952868315,13208.898503502896,Setup
15,6,17,Night,5944.727638455119,578.11958407942,6522.847222534539,Breakdown
16,7,13,Afternoon,6485.558065553442,1209.5858402973627,7695.143905850805,Maintenance
17,4,17,Afternoon,4812.397149750025,711.9421318442422,5524.339281594267,Setup
18,1,17,Afternoon,3179.0950911617174,815.8483048164038,3994.9433959781213,Breakdown
19,8,11,Morning,9373.960356680978,1214.563242157804,10588.523598838783,No Power
20,3,4,Morning,19807.761595727497,1329.3479408328806,21137.10953656038,Breakdown
21,10,3,Afternoon,7229.770606086666,1069.0114094692883,8298.782015555955,Setup
22,8,16,Afternoon,6363.202245016402,680.0902308697353,7043.292475886137,Maintenance
23,3,9,Night,9535.188349559947,1263.2623562607573,10798.450705820704,Setup
24,4,1,Morning,5076.94411999347,416.53227708189434,5493.476397075365,Setup
25,8,2,Afternoon,4125.136092897866,961.2127000958839,5086.348792993749,Breakdown
26,4,2,Afternoon,2991.0012756897495,651.3046885225494,3642.305964212299,Maintenance
27,9,5,Morning,9563.394409615927,781.3851804057153,10344.779590021642,Setup
28,7,11,Afternoon,7877.132389150349,1237.4932756069677,9114.625664757317,Breakdown
29,1,7,Afternoon,19889.688438985162,1499.4262767650894,21389.114715750253,Setup
30,8,7,Morning,10567.622148718317,1071.6245187495917,11639.246667467909,Breakdown
31,6,18,Morning,28603.684058497118,1613.884625278522,30217.56868377564,Setup
32,9,17,Night,12852.955114049413,1078.4285518927632,13931.383665942176,Setup
33,5,18,Afternoon,17013.360249959842,2040.6856500161891,19054.04589997603,Maintenance
34,10,18,Night,15605.670928450034,1750.1629972501598,17355.833925700194,Setup
35,3,11,Morning,6482.911311614437,1141.7304071687058,7624.641718783143,Maintenance
36,7,3,Night,9468.1313157535,1689.1517185611453,11157.283034314645,Breakdown
37,10,19,Afternoon,11782.546165487145,1993.1887029737381,13775.734868460884,Setup
38,7,4,Night,18490.83909159852,1810.244023130666,20301.083114729183,Setup
39,3,12,Afternoon,11756.316562965469,1480.6678196205664,13236.984382586035,Setup
40,5,4,Afternoon,8172.534117829322,1334.3849549336649,9506.919072762987,Breakdown
41,7,12,Afternoon,8873.355501750273,1529.5917341236366,10402.94723587391,Maintenance
42,4,15,Morning,9843.929325255715,738.7620654192084,10582.691390674923,Setup
43,7,8,Morning,9167.587966764171,1268.8793072422645,10436.467274006436,Maintenance
44,5,16,Afternoon,3035.6986068415936,392.8361639466883,3428.534770788282,Maintenance
45,6,9,Night,4172.300099108182,633.7138110300473,4806.013910138229,Breakdown
46,5,16,Morning,5264.720534027119,771.7569673333102,6036.477501360429,Breakdown
47,6,6,Night,4644.031794038984,806.171115672542,5450.202909711526,Maintenance
48,3,2,Afternoon,11700.941449058439,1480.8518372519416,13181.79328631038,Breakdown
49,6,17,Night,3074.894033642742,529.2288416752647,3604.1228753180067,Setup
50,6,8,Afternoon,16548.914247045792,1763.189678464038,18312.10392550983,Breakdown
51,2,11,Night,13275.661882479406,1193.5087393834808,14469.170621862886,Maintenance
52,4,1,Afternoon,3845.3163729331704,559.7384803794533,4405.054853312624,Setup
53,2,3,Morning,10732.861144671393,547.0149942960337,11279.876138967427,Breakdown
54,10,1,Morning,7236.237280981051,1082.9298027591262,8319.167083740178,Breakdown
55,10,11,Night,6832.645847924684,1442.5910319657055,8275.23687989039,Breakdown
56,2,12,Afternoon,7239.948258384357,767.6319331980987,8007.580191582456,Setup
57,7,6,Night,11731.544444494999,834.0167266096088,12565.561171104608,Setup
58,9,6,Morning,22097.358359884718,1070.634725858022,23167.99308574274,Maintenance
59,7,7,Night,3220.420629412827,504.4307257404144,3724.8513551532415,Breakdown
60,1,20,Afternoon,7542.770460533443,1477.1829957244388,9019.953456257881,Breakdown
61,9,16,Afternoon,12408.610704583498,988.5028605784544,13397.113565161952,Maintenance
62,7,15,Morning,6818.811564727084,641.0694393350212,7459.881004062106,Breakdown
63,10,16,Morning,6747.125920368149,1072.7380141001215,7819.863934468271,Maintenance
64,10,7,Night,14159.972378647057,1833.7817005907295,15993.754079237786,Maintenance
65,4,20,Morning,4281.6269351178325,461.22804139557996,4742.854976513412,Setup
66,3,16,Morning,4900.661714590149,637.4701895296395,5538.1319041197885,No Power
67,2,15,Morning,14557.812467666057,1126.6976876297526,15684.51015529581,No Power
68,3,3,Night,4373.060984511218,827.1762814890637,5200.237266000281,Breakdown
69,4,4,Morning,6320.663034882741,649.2124701222642,6969.875505005006,Setup
70,7,15,Morning,4589.6105668893315,605.0346575857674,5194.645224475099,Breakdown
71,3,6,Morning,2491.0879337215742,420.7933182040776,2911.8812519256517,Breakdown
72,5,3,Afternoon,5682.620989019282,1317.5548289930625,7000.175818012345,Breakdown
73,9,1,Night,8013.37627675692,1351.3530649639654,9364.729341720886,Breakdown
74,5,19,Afternoon,14038.339424723956,1795.7049868798756,15834.04441160383,Setup
75,5,3,Morning,8747.899976878402,1802.2726882359207,10550.172665114322,Setup
76,2,10,Morning,4947.950122699912,987.4243298138375,5935.374452513749,Maintenance
77,4,11,Night,14293.760366430759,1015.9022096140204,15309.662576044779,Breakdown
78,8,15,Afternoon,3398.77806487957,514.9186873215212,3913.6967522010914,Setup
79,9,7,Morning,10440.119124931009,712.2986383364438,11152.417763267453,Breakdown
80,4,11,Night,14872.880998658886,1129.4096117927038,16002.29061045159,No Power
81,9,8,Night,14622.315924590535,976.2641032290487,15598.580027819584,Setup
82,2,15,Morning,8156.146044851819,1174.4695626347832,9330.615607486603,Breakdown
83,6,15,Morning,9935.66926612021,1455.471058474405,11391.140324594615,No Power
84,4,11,Morning,7248.964411927288,549.7125157415106,7798.676927668798,No Power
85,4,8,Night,11849.000829328848,1251.275548439934,13100.276377768783,Breakdown
86,1,14,Morning,6928.770857299528,1274.76320146804,8203.534058767567,Breakdown
87,4,12,Morning,10521.236364552162,1452.0973604624924,11973.333725014654,Setup
88,5,7,Morning,3263.2287440632845,485.63431960483007,3748.8630636681146,Setup
89,9,3,Night,12586.350701827578,1237.120663641255,13823.471365468833,Breakdown
90,6,2,Night,5340.180595084625,1122.209062396612,6462.389657481237,Maintenance
91,5,16,Night,7536.05188123787,775.1340701518859,8311.185951389756,Breakdown
92,2,9,Morning,13814.127257364224,1473.4945682859661,15287.621825650189,Setup
93,3,4,Afternoon,7811.902460482896,1541.452250262127,9353.354710745023,Breakdown
94,6,2,Afternoon,8805.20568402445,1264.7719294949184,10069.977613519368,Breakdown
95,10,7,Morning,6122.111265112229,1286.1172050147006,7408.22847012693,Setup
96,8,5,Morning,19130.10900747859,1528.360429038798,20658.46943651739,Breakdown
97,4,9,Morning,4000.62867427435,549.7032522585976,4550.331926532947,Maintenance
98,3,11,Night,12585.351155403023,1729.7830356826942,14315.134191085717,Breakdown
99,8,10,Afternoon,3131.8793812300655,540.8466414014124,3672.726022631478,Breakdown
100,1,8,Morning,6876.072529816807,833.0722213530646,7709.144751169872,Breakdown
101,4,3,Afternoon,13013.032765189313,1523.0893202038342,14536.122085393148,Setup
102,8,1,Night,6185.164258948556,842.4768676595463,7027.641126608103,Setup
103,8,15,Night,10124.3754270603,1321.5197649646177,11445.895192024918,Maintenance
104,5,6,Night,8138.542766892655,1737.1300369999867,9875.672803892641,Setup
105,1,17,Morning,13945.537426145524,1776.103275179805,15721.640701325328,Breakdown
106,1,11,Afternoon,18973.688668659783,1331.5733595842266,20305.26202824401,Breakdown
107,2,4,Morning,9802.338677069554,859.3037728887158,10661.64244995827,Breakdown
108,9,20,Afternoon,14265.050668297472,1241.4583217842671,15506.508990081738,Breakdown
109,3,18,Afternoon,5020.1076610789705,954.3587207347487,5974.46638181372,Setup
110,10,1,Morning,14932.310475373582,1430.1832159972455,16362.493691370828,Breakdown
111,7,14,Morning,13992.165825455151,1174.7473042699062,15166.913129725057,Maintenance
112,5,9,Morning,2688.2117417909303,503.8524916012774,3192.064233392208,No Power
113,6,18,Morning,4623.83536167702,667.0208132308353,5290.856174907855,No Power
114,5,3,Morning,4223.499797052873,724.5822084731203,4948.082005525994,Setup
115,7,1,Afternoon,4878.439568121061,778.210841413732,5656.650409534793,Breakdown
116,5,3,Morning,12459.188434201275,1326.8391581175274,13786.027592318802,Breakdown
117,10,10,Afternoon,16359.153201008778,1786.4022536650957,18145.555454673875,No Power
118,5,17,Afternoon,8644.956828279408,1083.9363992095384,9728.893227488947,Breakdown
119,3,13,Afternoon,4842.769939785441,638.2823655307606,5481.0523053162015,Maintenance
120,1,7,Morning,4437.782781371096,629.9544115935563,5067.7371929646515,Breakdown
121,7,10,Afternoon,8566.168017710885,931.4515595817162,9497.6195772926,Breakdown
122,2,1,Night,3476.75515471594,610.0098008979496,4086.7649556138895,Breakdown
123,9,3,Morning,5813.260315828139,645.8178406331023,6459.078156461242,Breakdown
124,9,14,Morning,5091.813486983235,655.1641396461564,5746.977626629391,Maintenance
125,7,5,Morning,9730.190050504763,1050.265800227195,10780.455850731958,Setup
126,3,20,Morning,3034.0820881599207,588.7632551564723,3622.845343316393,Breakdown
127,1,12,Morning,3534.637367326037,967.0101592652112,4501.647526591248,Maintenance
128,10,6,Afternoon,6736.950802010597,1433.0981392126178,8170.048941223215,Setup
129,6,5,Afternoon,11195.485602515806,758.2562874195413,11953.741889935347,Breakdown
130,4,18,Night,8631.39681365937,1271.7582297041115,9903.155043363482,Breakdown
131,2,15,Night,8796.646095566859,1325.3494526398304,10121.995548206689,No Power
132,8,8,Morning,9292.1571554739,802.7760341331735,10094.933189607074,Breakdown
133,2,13,Night,7965.273838629022,1062.7487129062044,9028.022551535227,Breakdown
134,8,7,Morning,4689.576578833528,418.30632828503326,5107.882907118562,Setup
135,3,1,Morning,3525.7159995336074,568.1820741454915,4093.898073679099,Setup
136,4,11,Morning,7146.008542422052,974.718064409657,8120.726606831709,No Power
137,8,4,Night,8646.223861047685,1011.2116170188514,9657.435478066536,Maintenance
138,1,6,Night,18457.176678552518,1830.5257593760364,20287.702437928554,Setup
139,5,8,Morning,8205.604150086618,1379.9376468294518,9585.54179691607,Setup
140,5,15,Night,11009.06564534387,2346.2914058672263,13355.357051211096,Setup
141,3,7,Night,7826.9674837366365,806.5769277868909,8633.544411523528,Breakdown
142,7,7,Night,10849.49605648189,1055.2812760822665,11904.777332564157,Setup
143,4,2,Afternoon,2733.2159436348265,469.4306245354548,3202.646568170281,No Power
144,4,17,Afternoon,7981.009231910087,1328.4205082478907,9309.429740157977,Setup
145,6,17,Afternoon,8058.189490243355,1657.3620342570466,9715.551524500403,Breakdown
146,2,11,Morning,6316.811985185491,576.8845900980702,6893.696575283561,No Power
147,9,19,Morning,15540.004024159942,1058.4426282735774,16598.44665243352,Breakdown
148,6,13,Afternoon,2794.7160883991446,548.4824030015939,3343.1984914007385,Setup
149,5,20,Afternoon,12883.67943359866,1377.4671354690654,14261.146569067725,Breakdown
150,3,10,Morning,14617.478963838847,1447.1459497844578,16064.624913623304,Setup
151,2,9,Morning,8449.258216840339,1032.7111195173013,9481.96933635764,Breakdown
152,10,11,Morning,7713.9398154675155,745.6363499884519,8459.576165455968,Setup
153,8,18,Afternoon,10078.835286344849,729.9230872629068,10808.758373607756,No Power
154,7,16,Morning,6607.643574359849,630.4126519895714,7238.05622634942,Setup
155,6,1,Night,5204.191503144399,991.7125926105183,6195.904095754917,No Power
156,2,12,Morning,9589.176898337,1005.8627123440157,10595.039610681017,Breakdown
157,4,5,Afternoon,19037.10585713291,1095.6781436262759,20132.784000759184,Setup
158,3,19,Night,9192.315265066305,1475.1345538700834,10667.449818936388,Breakdown
159,3,12,Night,7145.912892747656,857.7709515285475,8003.683844276204,Maintenance
160,3,12,Night,3771.4399104813792,558.6896537248422,4330.129564206221,Setup
161,3,5,Morning,6911.062975197421,867.8546896759807,7778.917664873402,Breakdown
162,10,4,Morning,8850.179336884063,879.8179224099167,9729.99725929398,Maintenance
163,10,9,Night,13160.529414425044,1112.3207948951822,14272.850209320226,Breakdown
164,6,7,Night,4444.280113445544,772.8114967476275,5217.091610193172,Breakdown
165,4,2,Night,5881.111381744039,1009.6980020174294,6890.809383761469,Setup
166,1,18,Night,14750.02022004425,1466.371336077816,16216.391556122067,Setup
167,6,19,Night,10200.574263749428,1385.308008493529,11585.882272242958,Setup
168,6,14,Afternoon,5249.340029017724,1183.6176817641247,6432.957710781849,Breakdown
169,9,4,Afternoon,4030.499013061616,907.2039389539907,4937.702952015607,Setup
170,2,1,Morning,3073.4014599168345,667.1837942301794,3740.585254147014,Setup
171,8,2,Morning,2513.6850397741027,461.0966244774824,2974.781664251585,Breakdown
172,7,9,Afternoon,7019.766636712266,806.9403228103837,7826.706959522649,Maintenance
173,7,10,Morning,16733.36275118656,826.8399843761518,17560.20273556271,Setup
174,8,18,Morning,11592.238549156249,1171.4284610417008,12763.66701019795,Breakdown
175,3,19,Afternoon,6649.726483444577,1034.8906402999935,7684.617123744571,Setup
176,10,20,Night,9358.05251431006,1683.6221589846282,11041.674673294689,Breakdown
177,7,13,Afternoon,17710.137911695998,1771.381180530153,19481.51909222615,Breakdown
178,7,10,Night,3437.2284709926694,458.3947699174392,3895.6232409101085,Maintenance
179,10,13,Morning,16753.050516128573,1636.8856330825993,18389.93614921117,Breakdown
180,3,15,Night,11465.344354582816,1232.42567980205,12697.770034384866,No Power
181,8,5,Afternoon,2427.5535331389906,630.0725977674791,3057.62613090647,Breakdown
182,9,4,Afternoon,4585.782646405032,701.0750742311234,5286.857720636155,No Power
183,7,6,Morning,10180.19463392701,1143.912179034736,11324.106812961747,Setup
184,3,8,Afternoon,3136.2805843601545,457.54160258943205,3593.8221869495865,Breakdown
185,5,18,Night,11118.324502943944,1930.4209564086286,13048.745459352573,Breakdown
186,5,10,Morning,6974.881892488754,1421.98462565801,8396.866518146764,Setup
187,10,15,Night,10493.030166981445,1787.7738632688945,12280.80403025034,Maintenance
188,6,18,Morning,11122.215132568179,1599.2065310906828,12721.42166365886,Maintenance
189,7,5,Night,5550.386792357857,1098.5302169304211,6648.917009288279,Breakdown
190,5,18,Morning,6636.331884526556,870.7821681729743,7507.11405269953,Maintenance
191,8,15,Afternoon,15175.295743214376,1332.012449226201,16507.308192440578,Breakdown
192,9,9,Morning,12783.603678343321,1069.7889375405746,13853.392615883895,Maintenance
193,8,11,Morning,6385.467768080762,844.8110921357678,7230.278860216529,Breakdown
194,3,7,Morning,8369.090594752397,1684.6979785780807,10053.788573330477,Breakdown
195,1,9,Afternoon,3673.1007656095467,488.74788241884744,4161.848648028394,Maintenance
196,3,16,Afternoon,10529.406709504174,1274.0540729030963,11803.46078240727,Setup
197,6,12,Night,4640.518080001905,1002.9056964132105,5643.423776415116,Breakdown
198,9,19,Morning,13105.989139917785,1016.313053105345,14122.30219302313,Breakdown
199,8,3,Night,4201.0568030709455,654.8514272720329,4855.908230342979,Setup
200,4,4,Morning,2917.045431453472,608.6227007873835,3525.6681322408554,Breakdown
201,6,6,Afternoon,22121.69674842707,1739.0736944038854,23860.77044283096,Setup
202,1,3,Afternoon,5802.757487381208,782.6038583744543,6585.361345755662,Setup
203,10,12,Night,7983.682429201367,1523.3190048651768,9507.001434066544,Breakdown
204,10,9,Afternoon,17535.371038009635,1915.0602859213243,19450.43132393096,Breakdown
205,8,1,Night,5519.541762136582,1206.1548209316957,6725.696583068278,Breakdown
206,8,12,Morning,8714.280876754898,1048.7140724954984,9762.994949250397,Breakdown
207,1,2,Morning,4332.535741690005,643.6028468439049,4976.13858853391,Setup
208,9,17,Afternoon,2049.518511091019,354.131922142288,2403.650433233307,Breakdown
209,6,9,Morning,2395.7198130214733,290.9669116969166,2686.68672471839,Maintenance
210,8,8,Night,7990.177515810936,1339.8267489967345,9330.00426480767,Breakdown
211,9,7,Morning,7355.079249615595,549.8750327904881,7904.954282406083,Setup
212,7,16,Morning,6971.419481000355,1184.3524414076664,8155.771922408021,Breakdown
213,1,2,Morning,5450.033035189254,869.6543353534863,6319.687370542741,No Power
214,7,15,Morning,10783.661333345039,1698.9804854788526,12482.641818823891,Setup
215,3,2,Night,3916.0926077278236,385.55481011336667,4301.64741784119,Breakdown
216,9,1,Afternoon,4429.912102986515,1011.2346966615836,5441.146799648098,Breakdown
217,3,8,Afternoon,7047.779827215258,1120.4045511989593,8168.184378414217,Maintenance
218,9,20,Afternoon,13070.581229163468,1358.4192560415217,14429.00048520499,Breakdown
219,5,9,Morning,10508.858747239627,1755.6685790904564,12264.527326330082,No Power
220,1,2,Morning,17506.28375441497,1539.023035412307,19045.30678982728,Setup
221,3,17,Afternoon,11229.048057320231,1495.4247043655973,12724.472761685829,Breakdown
222,2,10,Morning,8847.850102187389,1569.796123819151,10417.64622600654,Setup
223,6,13,Night,12616.160112603939,1223.0626250782175,13839.222737682156,Setup
224,2,3,Night,13327.941493208757,1480.351660190883,14808.29315339964,Breakdown
225,10,17,Morning,10355.164907198805,1222.0834025847728,11577.248309783577,Maintenance
226,6,2,Afternoon,8743.762477909664,1133.0850709073338,9876.847548816997,Setup
227,2,20,Morning,8289.231513522425,1485.4502063045186,9774.681719826944,Breakdown
228,9,16,Morning,5178.27682398723,615.062559159665,5793.339383146896,Maintenance
229,9,4,Afternoon,11583.600304592936,1062.163522836717,12645.763827429653,Maintenance
230,9,18,Afternoon,14862.436146230079,855.5044308232816,15717.94057705336,No Power
231,7,9,Afternoon,9589.400860161513,1285.813479086803,10875.214339248316,Breakdown
232,5,18,Morning,8529.780152378677,1288.238028460799,9818.018180839475,Breakdown
233,2,6,Morning,12007.441365455612,1207.3666029173692,13214.807968372981,Breakdown
234,10,3,Night,5212.47126253888,612.5571846907259,5825.028447229606,Breakdown
235,9,3,Afternoon,3254.701455600484,814.867062646508,4069.5685182469924,No Power
236,7,17,Afternoon,5283.9214150531925,746.9958888784256,6030.917303931618,Maintenance
237,9,4,Morning,2548.000623358502,470.45910881938784,3018.4597321778897,Setup
238,8,16,Afternoon,6303.028525185977,1170.005318359683,7473.03384354566,Setup
239,10,14,Morning,8865.977743845528,964.3863668105566,9830.364110656084,Maintenance
240,4,19,Night,3472.5420528388345,318.9942921238217,3791.536344962656,Maintenance
241,7,7,Morning,12684.930893476732,1150.8530533546245,13835.783946831358,Maintenance
242,8,12,Morning,8356.664081124673,1377.8237313432685,9734.487812467942,Breakdown
243,1,13,Morning,3327.043793126227,637.8187579651595,3964.862551091386,Maintenance
244,4,10,Afternoon,4034.3426284106267,437.2314770735258,4471.574105484153,No Power
245,3,14,Afternoon,7756.909489745795,1645.8175011747655,9402.72699092056,Breakdown
246,4,2,Afternoon,11063.75464164582,514.9029752698807,11578.657616915702,Maintenance
247,10,14,Morning,5575.130748450452,1340.7274011557608,6915.858149606213,Breakdown
248,9,1,Morning,2645.3799121591055,392.259774674319,3037.6396868334245,Setup
249,8,6,Night,3227.0265256742887,580.7419313770672,3807.7684570513557,Breakdown
250,6,12,Afternoon,7537.494281468506,1603.5842892531396,9141.078570721646,Breakdown
251,2,1,Morning,7444.438493916512,729.6264946845913,8174.064988601103,Setup
252,9,5,Afternoon,5298.167607435457,792.4354140571102,6090.603021492568,Setup
253,3,3,Night,14585.182454869879,1575.462154353514,16160.644609223393,Setup
254,1,17,Morning,19588.720413324212,1432.0888959973577,21020.80930932157,Maintenance
255,2,11,Morning,4603.992407915274,924.1661967331997,5528.158604648474,Maintenance
256,5,5,Morning,6014.87317398278,816.794874151943,6831.668048134723,Breakdown
257,3,5,Night,10482.088483624142,1135.32712325658,11617.415606880722,No Power
258,7,18,Morning,3047.5527622381337,572.2533699847842,3619.8061322229178,No Power
259,6,14,Morning,8229.429167959588,1463.8409232358506,9693.270091195438,Maintenance
260,3,14,Night,20480.018707168816,1536.5144560358838,22016.5331632047,Setup
261,10,19,Morning,7534.163082037605,1782.4253568632248,9316.58843890083,Setup
262,7,18,Night,12432.23152627937,1518.6760756765314,13950.907601955902,Maintenance
263,3,2,Night,11864.18953142945,1801.4309124735562,13665.620443903006,Setup
264,6,12,Afternoon,7997.707658192905,2171.531370510069,10169.239028702974,Setup
265,9,8,Afternoon,3106.3689447548577,563.4511679992193,3669.820112754077,Setup
266,1,11,Night,6273.86601892338,1226.1243180869453,7499.990337010325,No Power
267,7,13,Night,13583.421269189856,1863.4052138907373,15446.826483080593,Maintenance
268,4,15,Afternoon,13966.776676258758,956.8455660770384,14923.622242335796,Breakdown
269,1,7,Afternoon,9763.04648304271,915.3663384142678,10678.412821456977,Breakdown
270,7,15,Night,7559.49945884909,1108.7094959997446,8668.208954848835,Maintenance
271,9,12,Afternoon,21186.94872550758,1282.9910024908188,22469.9397279984,Setup
272,2,8,Morning,8998.19724084283,777.0965113226949,9775.293752165526,Setup
273,2,2,Morning,2237.391099214309,482.4917900984777,2719.882889312787,Setup
274,5,7,Night,7383.550131498761,1360.448336600946,8743.998468099708,No Power
275,5,13,Night,3654.7947263732435,864.5530037946245,4519.347730167868,No Power
276,10,3,Morning,4122.832636762565,989.5352981635405,5112.367934926106,Setup
277,4,18,Morning,15989.121339909645,1339.0539045210062,17328.17524443065,Breakdown
278,5,4,Night,8684.825943376916,1384.8857612988982,10069.711704675814,Breakdown
279,9,3,Night,2953.104045768595,683.026896468366,3636.130942236961,Setup
280,3,11,Night,6189.166119033667,687.6726781710926,6876.838797204759,Maintenance
281,4,6,Morning,10391.935999824404,995.6630645847652,11387.599064409169,No Power
282,6,6,Afternoon,26663.51146333434,1765.232656454045,28428.744119788385,Setup
283,9,14,Night,23830.784108797456,1785.6149741824242,25616.39908297988,Breakdown
284,6,5,Morning,9471.846157472435,1343.5840122800685,10815.430169752504,No Power
285,9,6,Night,13346.423514603546,1162.1622736780337,14508.58578828158,Breakdown
286,2,2,Night,6801.327509835957,736.7467557958228,7538.07426563178,Setup
287,3,13,Night,6534.639320468439,1000.295729732449,7534.935050200888,No Power
288,1,1,Night,9782.450048510793,951.1509307141756,10733.600979224968,Setup
289,4,10,Night,2873.4687897247095,703.6776386008083,3577.1464283255177,Breakdown
290,4,7,Afternoon,9692.225721429439,1001.6842842191217,10693.91000564856,Maintenance
291,6,14,Morning,4425.886694850706,698.1832888876412,5124.069983738347,Breakdown
292,1,17,Morning,11435.144870030836,961.4753685984936,12396.62023862933,Breakdown
293,7,20,Morning,3023.9333690169146,440.96730559209414,3464.900674609009,No Power
294,8,17,Night,5861.409076168693,1011.51215673768,6872.921232906373,Setup
295,8,8,Morning,7633.989875573547,882.0322090184077,8516.022084591954,Maintenance
296,5,5,Afternoon,7576.617518513618,1010.217596236722,8586.83511475034,Setup
297,6,17,Night,11536.6820496731,1789.325128795642,13326.007178468742,Breakdown
298,6,13,Afternoon,4956.761647668763,1228.3852132928857,6185.146860961649,Breakdown
299,7,12,Afternoon,7608.262187220662,996.261775238585,8604.523962459247,Breakdown
300,6,9,Night,20730.074456299128,1925.4906026102947,22655.565058909422,Setup
301,3,6,Morning,3170.094338126009,726.4917243744932,3896.586062500502,Maintenance
302,1,17,Afternoon,5579.163973852863,981.7101148680879,6560.874088720951,Setup
303,4,2,Morning,19326.266847721843,1331.45023016109,20657.71707788293,No Power
304,8,1,Morning,5903.267815494226,1082.8534679007123,6986.1212833949385,Setup
305,7,16,Afternoon,7412.894825777635,959.7288256140457,8372.623651391681,Setup
306,3,15,Morning,8115.329295572843,1636.1144116154246,9751.443707188268,Breakdown
307,5,19,Afternoon,5500.400844499458,803.5692357646527,6303.970080264111,Setup
308,10,5,Morning,4643.602832621132,744.119991215783,5387.722823836914,Setup
309,2,7,Morning,4369.011800779688,490.9815181404605,4859.993318920148,Maintenance
310,1,10,Morning,5618.825103183844,1086.8092737217223,6705.634376905566,Breakdown
311,9,9,Night,4850.478182257939,891.7496116333508,5742.227793891289,Setup
312,6,16,Afternoon,6935.946478583542,800.904758564062,7736.851237147604,Setup
313,1,15,Afternoon,12375.540575364445,1089.4602913175986,13465.000866682043,Breakdown
314,10,15,Afternoon,9731.666475053471,1255.521896070243,10987.188371123713,Breakdown
315,2,17,Morning,3389.5941154722514,657.2336199486739,4046.8277354209254,Maintenance
316,5,12,Night,6289.36017528034,1353.7806887642548,7643.140864044594,Breakdown
317,6,4,Night,5699.961515034333,662.0540043563747,6362.0155193907085,Maintenance
318,1,4,Night,14763.892637189496,1477.600562240672,16241.493199430168,Maintenance
319,5,15,Morning,13079.091069785127,1586.4655395384443,14665.556609323572,Setup
320,4,19,Morning,5020.70916196472,988.9754567324833,6009.684618697203,Maintenance
321,9,14,Afternoon,16724.657448938568,1072.329258430403,17796.98670736897,Setup
322,4,15,Morning,17295.619798197404,1318.98805707936,18614.607855276765,No Power
323,1,13,Morning,3313.701536408588,572.2666480850046,3885.968184493592,Setup
324,4,15,Afternoon,7518.974587725839,680.267191874125,8199.241779599965,No Power
325,5,15,Afternoon,3411.137509787107,649.7197878033403,4060.857297590447,Setup
326,5,12,Afternoon,6545.949453498279,948.2455923671158,7494.195045865395,Breakdown
327,3,12,Morning,10479.046922470421,1651.19148398346,12130.238406453882,Maintenance
328,6,12,Afternoon,18481.90984400395,1546.9657163955003,20028.87556039945,Breakdown
329,10,2,Afternoon,5472.211946001983,1057.931888571411,6530.143834573394,Breakdown
330,3,6,Afternoon,20678.25586712737,1673.1534074851725,22351.409274612543,No Power
331,8,10,Morning,8400.797147966443,943.4626603863624,9344.259808352805,Setup
332,8,9,Night,5133.06508134214,412.0039667314006,5545.06904807354,Maintenance
333,7,15,Morning,13729.909239408169,1591.3347226183657,15321.243962026534,Breakdown
334,3,3,Morning,17465.15973980819,1401.8670905686868,18867.026830376875,Maintenance
335,6,20,Afternoon,2781.86021048075,711.2919092103317,3493.1521196910817,Breakdown
336,3,5,Afternoon,4583.167807055823,593.7991430160957,5176.966950071918,No Power
337,1,7,Morning,3348.8139393747,556.3463922195822,3905.160331594282,Breakdown
338,4,20,Morning,5669.656444934024,501.7367427802466,6171.39318771427,Breakdown
339,5,13,Night,6746.4511495035495,1056.6130336541348,7803.064183157684,Setup
340,8,9,Afternoon,18130.454914773185,1968.9361953771588,20099.391110150344,Breakdown
341,4,4,Afternoon,5589.51173114543,664.580634839948,6254.092365985378,Maintenance
342,7,17,Afternoon,13030.246880839568,1457.5243884043198,14487.771269243887,Setup
343,8,6,Night,7626.04753042239,1386.7085094480121,9012.756039870403,Setup
344,2,15,Night,12102.37525068133,1475.3935294900427,13577.768780171373,Setup
345,3,13,Morning,4548.989551535947,685.0835554656339,5234.073107001581,Setup
346,8,14,Afternoon,5641.550007385189,924.3940816654126,6565.944089050601,Breakdown
347,10,7,Morning,10400.676023327358,1831.9269922879978,12232.603015615356,Breakdown
348,3,1,Morning,2497.0245705909933,498.76155604630907,2995.7861266373025,Breakdown
349,5,1,Morning,4356.390165572815,702.553063413221,5058.943228986036,Breakdown
350,5,16,Morning,21581.97812331394,1880.2204190560124,23462.19854236995,Maintenance
351,8,11,Afternoon,9819.232412797606,1237.4635282437648,11056.695941041371,No Power
352,7,5,Morning,5119.705665867534,664.4640818494712,5784.169747717005,No Power
353,2,14,Night,15560.972789824236,1379.5256054290492,16940.498395253286,No Power
354,6,8,Afternoon,7088.877612675374,634.6641072772276,7723.541719952601,Breakdown
355,8,18,Afternoon,5863.900396324842,812.9566030122261,6676.856999337068,Setup
356,3,8,Night,7233.710498178734,1228.798692599321,8462.509190778055,Setup
357,7,10,Morning,9174.85765687196,957.2122431538752,10132.069900025836,Setup
358,4,10,Morning,3956.062906051776,567.3018000378778,4523.364706089654,Breakdown
359,3,10,Afternoon,12432.640305662642,1176.4337703753647,13609.074076038007,Breakdown
360,8,10,Morning,4781.401952682819,608.4370722911672,5389.839024973986,Setup
361,10,5,Morning,14191.962859103347,1831.0883095237145,16023.051168627062,Breakdown
362,9,4,Morning,4573.477656535352,397.54170513847464,4971.019361673827,Setup
363,2,1,Morning,5397.586475665371,603.3633600260856,6000.949835691456,Breakdown
364,2,13,Morning,6044.624486304568,1080.0433604922262,7124.667846796794,Maintenance
365,8,17,Morning,6743.158532098506,945.1003099099977,7688.258842008504,Setup
366,5,19,Afternoon,4119.048664184775,742.7606521763776,4861.809316361152,Setup
367,4,16,Morning,5244.042522127526,822.0885231163045,6066.131045243831,Setup
368,6,20,Morning,10955.416435764473,1346.6569434188298,12302.073379183303,Maintenance
369,9,10,Night,9737.47647273327,839.1803623222328,10576.656835055503,Maintenance
370,10,10,Afternoon,2993.291362156052,501.18103359014196,3494.472395746194,No Power
371,4,11,Morning,5005.521748588792,586.2942953222106,5591.816043911003,No Power
372,6,13,Afternoon,9580.818126633661,967.3340202939195,10548.152146927581,Setup
373,9,5,Morning,4546.6593838824465,457.5283936604588,5004.187777542906,Breakdown
374,6,15,Night,6812.040814161791,1273.2662315389102,8085.307045700702,Maintenance
375,8,20,Afternoon,6829.7715849987035,1238.7002996909139,8068.471884689618,No Power
376,10,16,Morning,4392.590922150082,641.8502818118451,5034.441203961927,Breakdown
377,7,12,Morning,8056.714247835635,786.0741974192642,8842.7884452549,Maintenance
378,9,18,Morning,6770.267661494957,642.3282961909559,7412.595957685913,Breakdown
379,7,18,Night,21112.85122884394,1694.685721186132,22807.536950030073,Setup
380,4,5,Night,23235.71141100484,1556.1278077272968,24791.839218732137,Setup
381,10,3,Night,18492.701861319758,1757.688128391021,20250.38998971078,Setup
382,3,20,Morning,9268.37482364343,1253.720967123355,10522.095790766783,Maintenance
383,8,8,Morning,12869.304374304123,1450.398906836652,14319.703281140775,Maintenance
384,3,15,Morning,4542.762929463544,785.3046465744034,5328.067576037948,Breakdown
385,7,11,Morning,8846.296905984205,1271.6948725370378,10117.991778521244,Setup
386,5,20,Night,4287.076353000693,661.9476404156666,4949.02399341636,Breakdown
387,10,8,Morning,7741.604736680683,1208.9852966227272,8950.590033303411,Breakdown
388,9,1,Morning,8828.911837902428,723.4635302439581,9552.375368146386,Breakdown
389,10,3,Morning,9519.590945141654,1144.4649936644273,10664.055938806081,Maintenance
390,5,16,Afternoon,4743.230194227941,662.8664840855088,5406.09667831345,Setup
391,5,16,Morning,3080.4856642206973,733.9077946460737,3814.393458866771,No Power
392,7,2,Night,18695.480165347766,1718.0067796431827,20413.48694499095,Breakdown
393,10,13,Afternoon,9766.615397671336,1574.3060043567214,11340.921402028058,Breakdown
394,7,4,Night,3975.8584346724188,551.5077798256742,4527.366214498093,Maintenance
395,1,13,Afternoon,3929.922332449509,628.6170445501199,4558.539376999629,Breakdown
396,10,3,Afternoon,5027.487171184714,643.9639642352062,5671.451135419919,Setup
397,2,17,Afternoon,2131.8026016233407,396.96721642785366,2528.7698180511943,Breakdown
398,7,2,Morning,4393.983124010956,658.7355341292433,5052.718658140199,Breakdown
399,3,8,Night,8537.373408989331,590.6139591644463,9127.987368153777,Breakdown
400,5,17,Night,5535.791590288899,675.7857645852067,6211.577354874105,Breakdown
401,10,18,Afternoon,3154.184604501315,663.0571479145524,3817.2417524158673,Maintenance
402,10,19,Morning,4117.925595190098,715.3395668152499,4833.2651620053475,Breakdown
403,3,7,Morning,5367.852712101499,1138.316595357834,6506.169307459333,Setup
404,5,13,Afternoon,11416.910682498587,1688.065962307068,13104.976644805654,Setup
405,9,15,Night,4968.003845758117,689.7617251402274,5657.765570898344,Setup
406,3,5,Afternoon,3785.3975071800105,691.9899643844313,4477.3874715644415,Breakdown
407,7,14,Night,7961.310093914859,1084.9074864583345,9046.217580373193,Setup
408,7,12,Night,10459.952712863318,1117.0273750331332,11576.98008789645,Setup
409,1,12,Night,10461.311517723432,1064.493655874241,11525.805173597673,Setup
410,5,2,Morning,4472.488782876613,1171.369263334036,5643.858046210649,Setup
411,8,4,Night,4016.937494772028,786.9674253838995,4803.904920155927,Breakdown
412,1,1,Afternoon,6619.604429789278,1205.5324672993636,7825.1368970886415,Breakdown
413,2,17,Morning,5236.483267754891,862.9653779001578,6099.448645655049,Breakdown
414,6,14,Morning,10217.214603084854,981.785968063736,11199.00057114859,No Power
415,8,5,Morning,23680.390592160762,2048.445390901691,25728.835983062454,Breakdown
416,7,10,Morning,5262.736647216414,703.4128727709718,5966.149519987386,Setup
417,3,12,Afternoon,2778.8071356145765,590.956409071357,3369.7635446859335,Breakdown
418,3,4,Night,6464.392098820622,1058.0037347460873,7522.395833566709,Breakdown
419,6,13,Night,3640.0476212053745,548.3473761725905,4188.394997377965,Breakdown
420,5,17,Morning,19637.995302052816,1663.5283252691788,21301.523627321993,Setup
421,8,10,Morning,7315.592313704356,745.6524443489712,8061.244758053327,Breakdown
422,9,14,Morning,6746.631696786069,1148.1907433287608,7894.82244011483,Breakdown
423,9,16,Night,2441.7185459944926,419.5110033346433,2861.229549329136,Breakdown
424,3,4,Morning,5780.834949499922,1000.0993739671122,6780.934323467034,Breakdown
425,1,9,Morning,11692.310390747378,1550.807290687037,13243.117681434414,Breakdown
426,8,9,Afternoon,23447.413123313374,1753.6062139404833,25201.019337253856,Breakdown
427,1,16,Night,5264.9567630834645,909.8816570675388,6174.838420151003,Setup
428,4,6,Afternoon,20084.736239297657,1345.2689472021584,21430.005186499817,Maintenance
429,8,16,Morning,6998.2559933870325,722.6830448496,7720.939038236633,Setup
430,1,16,Morning,5132.667361275416,925.4817305795749,6058.149091854991,Setup
431,3,5,Night,6078.300477505327,758.0872475487893,6836.387725054116,Setup
432,4,4,Afternoon,7036.550276604234,604.0506061653496,7640.600882769583,Setup
433,7,8,Morning,5736.138139433977,684.2779397490722,6420.416079183049,Maintenance
434,5,17,Morning,5077.41062397844,1244.9990125871398,6322.40963656558,Breakdown
435,5,10,Night,4352.669827854573,840.9538735153756,5193.623701369948,Setup
436,10,3,Afternoon,9261.012847524125,1251.972890897028,10512.985738421154,Breakdown
437,8,12,Afternoon,5731.594189990623,823.1997480509015,6554.793938041525,Setup
438,1,10,Morning,10131.142580052527,1603.1305238679777,11734.273103920505,Setup
439,9,20,Afternoon,19389.903704058626,1238.3184593808148,20628.22216343944,Breakdown
440,1,20,Morning,7734.617749680813,1029.247620087543,8763.865369768357,Maintenance
441,6,12,Afternoon,8933.432315862,857.9181217594415,9791.350437621442,Maintenance
442,8,3,Morning,8077.627836276744,1061.7100044175309,9139.337840694276,Breakdown
443,7,17,Night,7134.283322153735,1206.591951587169,8340.875273740903,Breakdown
444,7,14,Night,12051.093080322396,1567.3390411682121,13618.432121490609,Maintenance
445,7,12,Afternoon,5421.595873669423,907.7524776990019,6329.348351368425,Maintenance
446,7,3,Morning,6801.774191315729,816.8708413059967,7618.6450326217255,No Power
447,7,8,Morning,2532.9876261679156,637.3034282149557,3170.291054382871,Setup
448,8,1,Night,6112.1914343032795,742.0936339021781,6854.285068205458,Setup
449,1,18,Afternoon,6283.814355164661,1376.9585661463816,7660.772921311042,Maintenance
450,7,7,Afternoon,8929.450652533058,864.0055206696348,9793.456173202692,Setup
451,8,17,Night,5188.65682072374,895.2329043856167,6083.889725109357,Maintenance
452,6,9,Afternoon,4657.860225603712,1022.115121953545,5679.975347557257,Maintenance
453,3,9,Night,4476.24756403547,848.7546975114789,5325.002261546949,Setup
454,6,9,Night,9263.461140080002,981.4729293350903,10244.934069415092,Breakdown
455,8,6,Morning,13601.95877656013,1363.0977042404916,14965.056480800622,Setup
456,7,20,Morning,3049.438278263937,720.0354642151552,3769.473742479092,Breakdown
457,6,11,Afternoon,4768.161710460727,970.9458912793099,5739.107601740036,No Power
458,1,16,Afternoon,8639.775941883341,1419.7776792236994,10059.553621107041,Breakdown
459,4,20,Night,11133.606490195067,1497.6200525473282,12631.226542742395,Breakdown
460,7,4,Morning,16187.00433374405,1507.5725101344556,17694.576843878505,Breakdown
461,3,19,Morning,6563.589179294436,932.8108957079877,7496.400075002423,Breakdown
462,2,20,Morning,16276.411617969663,1341.615284768268,17618.026902737933,Maintenance
463,7,16,Night,8675.076975072618,1385.3169157409702,10060.393890813588,Setup
464,10,20,Morning,13001.770738809211,1645.1373665123454,14646.908105321556,No Power
465,5,4,Afternoon,8838.91393779541,959.7472383780133,9798.661176173424,Maintenance
466,9,2,Morning,11406.696637545983,885.6807093356671,12292.37734688165,Breakdown
467,3,3,Morning,10705.372424413721,1516.918610611699,12222.29103502542,Breakdown
468,5,1,Morning,16267.608657592735,1944.895278539727,18212.503936132463,No Power
469,9,17,Afternoon,6825.99972852682,953.0410731425118,7779.040801669332,Breakdown
470,3,18,Morning,9046.673403817633,1021.9329441482798,10068.606347965913,Setup
471,2,10,Morning,12163.586857768974,906.1430800356579,13069.729937804632,Breakdown
472,10,8,Afternoon,2905.3577566171416,982.9824247483605,3888.340181365502,Setup
473,4,6,Afternoon,13248.90261157156,1018.3244254936142,14267.227037065175,Maintenance
474,4,2,Night,7009.787838811723,1113.7811317777175,8123.568970589441,Setup
475,6,1,Night,8962.90138061166,1037.862335426503,10000.763716038164,Breakdown
476,6,19,Morning,4472.991698138135,613.2002115467775,5086.191909684912,Setup
477,4,10,Morning,4648.235111828198,608.9754981805355,5257.210610008733,Breakdown
478,8,2,Afternoon,7863.741332739079,1270.9769388050852,9134.718271544163,Setup
479,8,12,Morning,10144.318636634758,1097.712199222015,11242.030835856773,Setup
480,5,20,Morning,12543.436809963121,1498.0720398313413,14041.508849794462,Breakdown
481,1,11,Morning,8498.30247212038,1428.1795850030715,9926.482057123452,Setup
482,10,10,Afternoon,6028.788036243879,725.805458267909,6754.593494511788,Breakdown
483,2,18,Morning,5589.628916902664,715.8466081838743,6305.475525086538,Maintenance
484,4,12,Morning,8062.652241253847,1108.9286755865623,9171.580916840408,Setup
485,8,17,Afternoon,12115.02051725471,1352.0199799665627,13467.040497221273,Setup
486,10,13,Night,10387.971826788675,1657.2419316240894,12045.213758412763,No Power
487,6,19,Afternoon,10631.453066724474,1541.0912252351125,12172.544291959586,Setup
488,6,10,Afternoon,4079.2477408714603,783.7119264111761,4862.9596672826365,Maintenance
489,3,15,Afternoon,15382.51318034669,1342.2201492235718,16724.733329570263,Maintenance
490,4,2,Night,12229.142694431886,1254.440483328657,13483.583177760544,Breakdown
491,2,16,Night,6852.053586622766,967.3580771788149,7819.41166380158,No Power
492,2,6,Morning,9121.964697822794,797.8014860049943,9919.766183827789,Maintenance
493,10,4,Afternoon,3933.973136013147,770.8461558659112,4704.819291879058,Setup
494,10,5,Morning,8526.867624578326,1551.2471292627906,10078.114753841117,Setup
495,5,8,Morning,9225.545827721095,1420.2003636738216,10645.746191394916,Breakdown
496,2,7,Morning,7313.538838753289,1388.0260223802024,8701.564861133491,Breakdown
497,5,19,Morning,8092.602413030264,1623.4979315715768,9716.10034460184,No Power
498,10,15,Afternoon,14466.886960679894,1674.9762361496273,16141.863196829521,Breakdown
499,7,11,Night,15566.829354286401,1254.5472802702525,16821.376634556655,Maintenance
500,5,10,Night,8342.670112404105,1842.6649198625446,10185.335032266648,Setup
501,3,6,Night,10809.48556254794,1336.547321312192,12146.03288386013,Breakdown
502,7,18,Morning,8884.109706157235,933.0254765187285,9817.135182675964,No Power
503,9,1,Night,6023.394785338819,358.02044875043634,6381.415234089255,Breakdown
504,1,5,Afternoon,5828.5252326989075,1644.3550836726763,7472.880316371584,Setup
505,10,16,Afternoon,4979.756307546616,690.8388347437955,5670.595142290412,Maintenance
506,1,6,Afternoon,14027.318942659851,1228.2378508474003,15255.55679350725,Breakdown
507,6,20,Night,8714.326774341922,838.6350300184944,9552.961804360417,Breakdown
508,10,14,Night,6220.862960443524,1424.651609994496,7645.514570438019,Maintenance
509,10,18,Night,13710.708298938811,1379.7862072116723,15090.494506150484,Breakdown
510,5,7,Morning,8052.008234885971,962.3733185913497,9014.38155347732,No Power
511,2,2,Night,4851.604916359897,607.5389891332702,5459.143905493167,Breakdown
512,6,5,Night,8636.107651336019,1919.2736639108014,10555.38131524682,Breakdown
513,9,6,Night,2137.5251503171257,469.5568528102009,2607.0820031273265,No Power
514,5,3,Afternoon,15645.717508153413,1560.96911500376,17206.686623157173,Breakdown
515,10,18,Morning,13162.73313494598,1251.6321123760722,14414.365247322052,Maintenance
516,6,10,Night,16455.242486138828,1942.9474507359723,18398.1899368748,Setup
517,4,20,Night,11444.649229547826,1067.6483992256242,12512.29762877345,Breakdown
518,1,5,Morning,7206.610740825299,1040.5206536189423,8247.13139444424,Breakdown
519,5,16,Morning,7094.1508738491775,1778.1733870756552,8872.324260924834,Breakdown
520,1,14,Afternoon,8170.824758845929,1055.867666475922,9226.692425321851,Breakdown
521,3,15,Morning,6876.112899324571,915.8221231273749,7791.935022451946,Maintenance
522,3,3,Afternoon,4279.874710100981,568.578626333802,4848.4533364347835,Setup
523,9,13,Afternoon,6383.380168261015,568.7761364614287,6952.156304722444,Breakdown
524,6,20,Morning,4822.522946934156,806.1770981839705,5628.700045118127,Setup
525,3,14,Morning,7058.082276870072,748.7071087002842,7806.789385570356,Breakdown
526,3,16,Morning,5697.071360605329,654.0648662306909,6351.13622683602,No Power
527,3,6,Morning,4543.121337607805,731.393542931534,5274.514880539339,Maintenance
528,1,14,Night,3468.2054874956684,630.6487378253405,4098.854225321009,Breakdown
529,9,19,Afternoon,4423.380854656906,714.08387146639,5137.464726123296,Setup
530,7,10,Morning,14892.397483667151,1150.7229807894394,16043.120464456591,Breakdown
531,8,15,Morning,12619.444894981363,1141.433228976216,13760.87812395758,Breakdown
532,1,17,Afternoon,5457.6192918075885,871.9296856886936,6329.5489774962825,Setup
533,4,13,Night,10788.761856544175,749.3655938073522,11538.127450351527,Breakdown
534,3,6,Morning,7348.3903039556935,698.9316834897219,8047.321987445415,Breakdown
535,2,16,Afternoon,11315.7328157547,1113.8064968522272,12429.539312606927,Setup
536,1,6,Afternoon,12833.221575845999,1796.4794152001793,14629.700991046178,Breakdown
537,8,2,Afternoon,9297.170757092019,1437.5429437693065,10734.713700861324,Setup
538,8,9,Afternoon,12638.501515356449,1124.5522057377257,13763.053721094175,Setup
539,5,11,Morning,7576.259097949953,1092.0870403147494,8668.346138264702,Maintenance
540,5,8,Afternoon,4777.946796182834,1050.208075394308,5828.154871577142,Maintenance
541,10,8,Morning,10721.398800419767,1166.0906376544308,11887.489438074197,Breakdown
542,10,3,Afternoon,12360.423943980066,900.8973944090887,13261.321338389154,Breakdown
543,2,1,Night,6074.226160896726,468.3008959148785,6542.527056811604,Maintenance
544,2,15,Morning,6011.970980395114,476.71700472062975,6488.687985115744,Setup
545,8,8,Afternoon,3322.145592457565,498.09546415567286,3820.2410566132376,Maintenance
546,7,11,Night,8751.316378905274,829.0620026426337,9580.378381547907,Setup
547,2,4,Morning,17296.920396493806,1307.8486746509968,18604.7690711448,Breakdown
548,4,13,Morning,11207.904527539587,917.6318346604729,12125.53636220006,Setup
549,7,9,Night,3592.4609254200313,280.4284556030001,3872.8893810230315,Setup
550,2,7,Afternoon,6024.440161603833,398.5251187621469,6422.96528036598,Setup
551,5,7,Morning,9522.638671130873,1189.3990082237156,10712.03767935459,Maintenance
552,8,2,Morning,5417.873322453801,821.055049168639,6238.92837162244,Breakdown
553,2,17,Afternoon,10495.992280451055,1407.0612868338821,11903.053567284936,Breakdown
554,1,16,Morning,9534.210693385938,1417.9184062695647,10952.129099655502,Breakdown
555,1,2,Afternoon,13271.345578290178,1633.3898483952432,14904.735426685422,No Power
556,2,16,Morning,9300.374558934524,1117.634975463237,10418.009534397761,Setup
557,8,6,Afternoon,8420.229710733976,1018.0200330918201,9438.249743825796,No Power
558,1,12,Morning,3199.970330145511,768.1777655387657,3968.148095684277,Maintenance
559,5,2,Night,9006.793468844846,1364.5024555739617,10371.295924418808,Setup
560,6,18,Afternoon,15004.12059779411,1448.246578424921,16452.36717621903,Setup
561,7,3,Night,3242.1832615875505,857.3075470043206,4099.490808591871,Setup
562,2,17,Afternoon,18081.03513613348,1140.3448954774303,19221.380031610912,Breakdown
563,10,5,Morning,7420.960891778905,857.9935138037276,8278.954405582632,Setup
564,1,3,Afternoon,13660.282977251245,1387.0829815154018,15047.365958766646,Setup
565,3,17,Afternoon,11315.17672451458,1318.8765801962354,12634.053304710815,Setup
566,2,16,Afternoon,7770.886970516253,1290.1317439613028,9061.018714477555,Setup
567,9,13,Afternoon,7346.333860001028,683.5056499851194,8029.839509986148,Setup
568,9,7,Morning,11149.326813680455,947.2318989430795,12096.558712623533,Breakdown
569,4,19,Night,11256.482155482952,1259.0157554299537,12515.497910912905,Setup
570,2,3,Afternoon,2357.820865460599,498.753324770142,2856.5741902307414,Setup
571,4,13,Morning,3714.233319758524,551.7570989839012,4265.990418742425,Maintenance
572,2,7,Morning,18892.04743401881,1123.3279901726983,20015.37542419151,Setup
573,1,1,Night,5283.632133541469,876.5901336139319,6160.222267155401,Breakdown
574,1,4,Night,10935.364836468436,1117.334033391092,12052.698869859527,Maintenance
575,4,5,Afternoon,4543.8983478478585,680.6843821078838,5224.582729955742,Maintenance
576,10,1,Afternoon,9567.550405873328,1806.530086435743,11374.08049230907,Maintenance
577,5,5,Night,9033.83336538529,1650.9560362514364,10684.789401636726,No Power
578,9,7,Morning,7850.905211401901,1241.5642895090805,9092.469500910982,Breakdown
579,4,4,Afternoon,5147.8189381474685,740.8204022380335,5888.639340385502,Breakdown
580,8,2,Night,3962.2584456837903,920.2005159849373,4882.458961668728,Breakdown
581,2,15,Night,12961.34943916766,1100.195262486189,14061.54470165385,Maintenance
582,2,10,Morning,12464.974446940329,1507.7774252493734,13972.751872189701,No Power
583,2,7,Morning,8933.056176386835,953.766556650789,9886.822733037625,Maintenance
584,3,10,Afternoon,6527.344956276296,921.2183706680288,7448.563326944325,Breakdown
585,4,14,Morning,2456.6201198755844,503.18348519587437,2959.8036050714586,Maintenance
586,1,14,Afternoon,8315.471846668188,1057.474672642188,9372.946519310375,Breakdown
587,10,14,Afternoon,3619.062199397252,748.3817029692789,4367.443902366531,Setup
588,9,11,Afternoon,3489.7199407284616,370.193839978934,3859.9137807073957,Breakdown
589,3,19,Morning,12245.390823853635,1067.372723406556,13312.76354726019,Maintenance
590,3,19,Night,9583.657061983718,1031.0554144124296,10614.712476396147,Setup
591,10,9,Night,10263.23900861258,1377.7664587628642,11641.005467375444,Setup
592,9,13,Afternoon,3997.0853994991394,676.8744467451814,4673.959846244321,Breakdown
593,8,16,Morning,4570.108990561376,1237.3282875593789,5807.437278120755,Maintenance
594,4,16,Morning,1811.8679605286472,292.8406384212446,2104.708598949892,Setup
595,8,19,Morning,4816.843585087183,1154.9678309291746,5971.811416016358,Breakdown
596,7,16,Afternoon,3934.2059116925725,513.6103469181056,4447.816258610678,Breakdown
597,2,5,Afternoon,4733.792893898841,622.3349165576411,5356.127810456482,Breakdown
598,7,14,Night,14243.29310226229,951.659382163534,15194.952484425825,Breakdown
599,2,6,Night,5362.692445733027,1318.208208451465,6680.900654184492,Setup
600,4,5,Morning,4985.002193945754,489.8222305668785,5474.8244245126325,Maintenance
601,4,10,Morning,5868.547959480307,889.7263520381867,6758.274311518494,Setup
602,2,13,Afternoon,11230.515804068664,1487.9452806981874,12718.461084766852,Maintenance
603,10,7,Afternoon,6089.107180946166,1465.5742980835098,7554.681479029676,Breakdown
604,9,10,Night,14083.563150046144,1449.3001742652095,15532.863324311355,No Power
605,6,14,Afternoon,9199.935724918376,1384.6038079462153,10584.539532864592,Setup
606,6,16,Night,4197.343974110235,883.7778483913324,5081.121822501567,Maintenance
607,7,18,Morning,9409.287727710907,1068.179610312387,10477.467338023294,No Power
608,1,17,Afternoon,7505.215793154937,1259.1684843367027,8764.38427749164,Maintenance
609,5,3,Night,5877.393500703389,689.3248164109892,6566.718317114378,Breakdown
610,9,16,Morning,2397.018477133885,461.43080475139516,2858.44928188528,Breakdown
611,5,5,Afternoon,7996.609917210417,1121.6662454668015,9118.276162677219,Breakdown
612,2,2,Morning,11294.499862009401,1585.3908808438039,12879.890742853206,Setup
613,1,8,Morning,7017.849483754122,1227.6643315935162,8245.513815347638,Maintenance
614,3,12,Night,10467.507719760944,2018.1164010154162,12485.62412077636,Maintenance
615,7,19,Afternoon,5284.064974043367,630.0326424396497,5914.097616483017,Setup
616,10,10,Afternoon,12970.30414896355,1611.0714788514608,14581.375627815012,Setup
617,6,5,Night,19142.917222628006,1842.8516019984309,20985.768824626437,No Power
618,9,1,Night,11681.339495160308,1206.2566690585713,12887.59616421888,Breakdown
619,7,9,Night,5006.362142531678,965.5752545373473,5971.937397069025,Maintenance
620,6,10,Morning,6800.266803343928,1217.3800247671884,8017.646828111116,Setup
621,8,8,Morning,11304.602590533961,1427.0145568692528,12731.617147403214,Maintenance
622,9,10,Night,7481.023554103841,827.5835314824262,8308.607085586267,Setup
623,9,10,Night,11746.090647609251,892.3240986057759,12638.414746215027,Breakdown
624,3,1,Night,5636.0457898425375,1180.7618281132588,6816.807617955797,Setup
625,6,3,Night,8534.562978087231,1656.720537512503,10191.283515599735,Setup
626,2,6,Afternoon,5703.633033975845,585.6255789626323,6289.258612938477,Breakdown
627,9,5,Morning,6364.725779158548,863.3223790180202,7228.048158176568,Setup
628,6,6,Morning,4068.381046133157,568.9919462845629,4637.37299241772,Maintenance
629,5,3,Night,11029.753704753752,1804.019268668461,12833.772973422212,Setup
630,4,5,Night,12916.297641886042,1527.1001709737232,14443.397812859765,Maintenance
631,4,19,Night,7371.020150722887,642.7010207841419,8013.721171507029,Breakdown
632,2,5,Morning,6879.18077378777,772.884871322878,7652.065645110648,Maintenance
633,5,17,Night,11769.160243912725,1611.426352963301,13380.586596876026,Breakdown
634,8,19,Night,14479.76382116943,2096.7735760383857,16576.537397207816,Maintenance
635,4,9,Night,13221.009697358175,1471.3105778274705,14692.320275185646,Maintenance
636,7,3,Night,15738.992754229392,1496.03005241837,17235.02280664776,Setup
637,3,20,Morning,9197.056307562181,675.3906479797901,9872.446955541971,Breakdown
638,4,13,Morning,13773.49774720439,1268.7697675752343,15042.267514779625,Maintenance
639,2,20,Morning,19087.38834781333,1137.3047396736906,20224.69308748702,No Power
640,7,19,Afternoon,6492.811565951045,1446.033797224694,7938.845363175738,Setup
641,6,9,Night,3185.4766627439603,852.807607579635,4038.2842703235956,Breakdown
642,2,1,Morning,1985.2977450308522,272.9187419968167,2258.216487027669,Maintenance
643,10,1,Afternoon,21070.237186427494,1466.0549242226718,22536.292110650167,Breakdown
644,8,14,Morning,13307.378294642604,1203.3012556524286,14510.679550295032,Breakdown
645,2,18,Night,6673.453910975273,969.4333653102482,7642.887276285522,Maintenance
646,8,5,Morning,15807.462965847784,1221.1368582833986,17028.599824131183,Setup
647,5,14,Afternoon,7478.1739115717055,1200.4649308590247,8678.63884243073,Breakdown
648,2,12,Afternoon,10251.76264986141,1010.1563411589775,11261.918991020388,Maintenance
649,2,5,Morning,7370.976907505388,824.4083581468489,8195.385265652238,Maintenance
650,3,15,Afternoon,9014.775547356634,1833.3922853465056,10848.16783270314,Setup
651,3,8,Afternoon,17997.502874642476,1669.279564223634,19666.78243886611,Maintenance
652,8,11,Night,7914.37503681021,921.7372464679224,8836.112283278133,Breakdown
653,9,12,Night,6456.0119733671,760.8466095164168,7216.858582883517,Breakdown
654,2,7,Morning,8809.694585840929,924.8727905534391,9734.567376394369,Setup
655,4,18,Night,16652.397684608248,1688.7659565567303,18341.163641164978,Maintenance
656,7,14,Morning,12393.038922632742,992.1847116122475,13385.22363424499,Breakdown
657,10,15,Morning,5039.674784552108,1353.7637612332676,6393.438545785375,Setup
658,5,9,Night,5593.557629568903,857.2197744808732,6450.777404049777,Maintenance
659,5,8,Afternoon,8076.203658404282,1332.3733225253138,9408.576980929596,Breakdown
660,10,13,Morning,4051.209488881963,728.023863219398,4779.233352101361,Maintenance
661,1,8,Morning,3627.255753074118,663.9241011169421,4291.17985419106,Maintenance
662,3,11,Morning,5320.657942503093,748.4398371128731,6069.097779615966,Breakdown
663,2,20,Afternoon,10636.825009197404,863.6745947138558,11500.49960391126,Setup
664,4,2,Night,6735.020685251748,1472.4009055615368,8207.421590813285,Maintenance
665,1,15,Night,11547.53012585557,2197.595902343123,13745.126028198692,Setup
666,7,17,Night,9300.54308267537,975.200186697041,10275.743269372411,Breakdown
667,10,19,Afternoon,3371.793677182865,650.2669227181678,4022.0605999010327,Maintenance
668,5,16,Morning,8286.240287761486,862.3679594132127,9148.6082471747,Setup
669,7,2,Night,18899.72691919925,1533.8106810840043,20433.537600283253,Breakdown
670,7,3,Night,4760.666177497494,909.1433944261707,5669.809571923664,Breakdown
671,5,20,Morning,19088.63557410639,1425.6978153374837,20514.333389443873,Maintenance
672,10,14,Afternoon,12447.329858299023,1973.5712191747423,14420.901077473765,Breakdown
673,3,5,Morning,12622.41849933922,973.8282555384606,13596.24675487768,Maintenance
674,9,7,Afternoon,6523.752310876783,577.4167283115249,7101.169039188308,Breakdown
675,8,15,Night,21759.877337816153,1982.9795618915523,23742.856899707705,Maintenance
676,3,15,Morning,13371.451446807994,1401.421378988449,14772.872825796443,Breakdown
677,2,2,Night,3092.9668061427737,645.538117340266,3738.50492348304,Maintenance
678,4,3,Morning,21600.839925261404,969.9440935340613,22570.784018795464,Maintenance
679,2,16,Morning,3602.5158870069017,627.3397332088537,4229.855620215755,Breakdown
680,1,8,Night,7052.253885443502,1299.3704717791047,8351.624357222607,Breakdown
681,6,5,Night,5357.566983898554,935.0522103998109,6292.619194298365,Breakdown
682,3,11,Night,17765.044276111992,1930.7695534185505,19695.813829530543,Setup
683,4,7,Morning,13127.541983330133,1178.1834685421845,14305.725451872317,No Power
684,2,17,Afternoon,2590.9800081148787,697.2667366977167,3288.2467448125954,Maintenance
685,3,20,Afternoon,8138.545616308738,1390.0938043325548,9528.639420641293,Breakdown
686,1,4,Afternoon,4781.28186401876,800.2465119809713,5581.528375999731,Breakdown
687,5,11,Night,11476.896795901639,1231.610814474537,12708.507610376177,Breakdown
688,10,5,Morning,8677.443705415866,1006.3067014692606,9683.750406885127,Breakdown
689,5,17,Morning,15256.923279694753,1283.643504976121,16540.566784670875,Breakdown
690,10,8,Morning,7299.661387467706,1041.8521370976628,8341.51352456537,Setup
691,4,7,Afternoon,13938.533466958796,1386.6213508601081,15325.154817818904,Breakdown
692,1,17,Afternoon,16621.531396508686,2100.0842815393967,18721.61567804808,Maintenance
693,10,5,Night,10580.169348576035,2120.031268654084,12700.200617230119,No Power
694,3,3,Morning,7037.174328529918,1036.3532195519704,8073.527548081888,Maintenance
695,8,10,Afternoon,7688.237377905135,1225.952038439433,8914.189416344569,Breakdown
696,1,10,Night,5480.69868059741,893.3084222618618,6374.007102859272,Setup
697,5,16,Night,10211.385071978082,1038.8485336758956,11250.233605653977,No Power
698,1,6,Night,7914.072367988224,1871.6422216621938,9785.714589650417,Breakdown
699,3,4,Morning,24303.752813340903,1700.6180139596597,26004.37082730056,Breakdown
700,9,7,Night,10211.075792089414,1087.8662266074166,11298.942018696831,Maintenance
701,8,11,Afternoon,15160.526678420809,1089.9232928849594,16250.449971305768,Breakdown
702,8,5,Night,2845.8940007655465,711.7524169620327,3557.6464177275793,Maintenance
703,8,10,Night,17723.245895206597,1407.5910789856528,19130.83697419225,Setup
704,4,7,Night,6175.243893738679,723.6865687164787,6898.930462455158,No Power
705,1,13,Afternoon,7439.930615639867,791.7380308581976,8231.668646498065,Maintenance
706,5,3,Afternoon,7286.048130802704,1014.4757036934966,8300.5238344962,Breakdown
707,7,4,Afternoon,6467.997764297551,802.9066888393511,7270.904453136902,No Power
708,2,13,Morning,13128.590724201227,1125.1349082218405,14253.725632423068,Breakdown
709,8,15,Afternoon,13386.903884213001,1242.2440896466385,14629.147973859639,No Power
710,7,19,Morning,7404.131787699256,1345.4415034850347,8749.573291184292,Breakdown
711,7,11,Morning,3749.9020895206463,641.4377726824559,4391.339862203102,Maintenance
712,4,5,Afternoon,3351.0395454836225,648.5409081480976,3999.58045363172,Breakdown
713,7,3,Afternoon,25607.837643920237,1357.78708561215,26965.624729532385,Maintenance
714,3,13,Afternoon,4502.492940358962,907.3853647255198,5409.878305084482,Breakdown
715,6,2,Morning,4206.7288892281995,613.8333864473632,4820.562275675563,Breakdown
716,9,18,Morning,8889.366187363306,755.01821647608,9644.384403839387,Setup
717,5,4,Afternoon,4964.2773199574585,1127.19396186123,6091.471281818689,Breakdown
718,10,6,Morning,5954.211139178288,1044.0132150678,6998.224354246088,Maintenance
719,6,3,Morning,10059.136173769413,1314.128302597392,11373.264476366805,Breakdown
720,10,11,Afternoon,7761.487521474395,1538.5366089752908,9300.024130449687,Breakdown
721,9,3,Night,3874.226517940922,677.5139010875861,4551.740419028508,Setup
722,4,15,Afternoon,4095.1233911186164,461.2527337646802,4556.376124883296,Setup
723,10,3,Afternoon,21191.780548510495,1746.6263374331575,22938.406885943652,Breakdown
724,3,9,Morning,8358.2732587917,936.9814940152019,9295.2547528069,Breakdown
725,5,3,Afternoon,2924.1269680257174,536.9579388197427,3461.08490684546,Setup
726,7,19,Morning,20250.91898999258,1688.4455173571132,21939.364507349695,Breakdown
727,6,19,Morning,20563.15907034208,1385.2946441829217,21948.453714525003,Maintenance
728,9,15,Afternoon,10058.17539163533,761.098566870851,10819.27395850618,Setup
729,9,19,Afternoon,12398.339653478994,1378.5782276122975,13776.91788109129,Breakdown
730,8,4,Afternoon,6095.856674889163,910.7973933931845,7006.654068282347,Setup
731,1,9,Morning,10504.598733310033,1496.1326985558403,12000.731431865874,Maintenance
732,1,18,Morning,11380.273777596842,1878.2873137274946,13258.561091324336,Breakdown
733,5,12,Afternoon,13144.72301506921,1754.7994550234941,14899.522470092705,Breakdown
734,9,13,Morning,3361.3998779910953,554.0565724194573,3915.456450410553,Setup
735,4,5,Morning,4479.151081399154,591.0057319417203,5070.156813340874,Breakdown
736,4,7,Morning,2112.100061529086,292.2066094946269,2404.3066710237126,Breakdown
737,4,16,Afternoon,16899.995099516538,1093.3331187439053,17993.328218260445,Setup
738,8,11,Night,12400.205268498376,1939.9149420822098,14340.120210580586,Setup
739,6,9,Afternoon,8152.962241106113,1366.5583723845155,9519.520613490628,Maintenance
740,4,1,Night,6053.147196303477,931.2824015739438,6984.429597877421,Maintenance
741,3,18,Afternoon,6435.908838124723,856.3885295993325,7292.297367724055,Setup
742,10,5,Night,6746.196112413274,1863.5432438433897,8609.739356256663,Breakdown
743,4,1,Afternoon,18660.847939141357,1301.8755404610135,19962.72347960237,Maintenance
744,10,2,Morning,15153.539288727932,1558.5535287346804,16712.092817462613,No Power
745,1,13,Night,10043.444684902857,1588.1917488296192,11631.636433732476,Setup
746,3,1,Afternoon,3151.6669543657126,555.5065799231315,3707.173534288844,Setup
747,8,10,Afternoon,6807.728660324864,951.8245923444804,7759.553252669344,Breakdown
748,1,16,Afternoon,4670.117375535981,908.4599977479713,5578.5773732839525,Maintenance
749,6,13,Morning,9521.132941878444,1194.6829917058583,10715.815933584303,Breakdown
750,5,6,Morning,7963.406268973651,956.850056595589,8920.25632556924,Breakdown
751,5,19,Afternoon,6222.288051141527,1099.2037475349377,7321.491798676465,Setup
752,7,9,Morning,14147.047301185861,1492.6252792534592,15639.67258043932,Breakdown
753,7,14,Afternoon,16693.781149144397,1459.9919561940399,18153.773105338438,Setup
754,1,20,Afternoon,11152.59296976845,2142.633070772102,13295.226040540552,Breakdown
755,6,3,Afternoon,11762.805658493036,793.5520418160652,12556.357700309101,Setup
756,7,1,Morning,7664.725843046338,1043.5563706677556,8708.282213714094,Setup
757,9,5,Morning,16781.701052861412,1169.241191289454,17950.942244150865,Setup
758,8,3,Morning,16185.264812686413,1989.645337299837,18174.91014998625,Setup
759,8,18,Afternoon,6061.563448382201,1112.283963826476,7173.847412208677,Breakdown
760,2,6,Morning,7183.545017503892,701.0629561097782,7884.607973613671,Breakdown
761,5,11,Night,3167.3164120239326,820.9129383017647,3988.2293503256974,Maintenance
762,4,2,Night,7516.57955884291,1303.7483987412875,8820.327957584197,Maintenance
763,4,8,Night,6596.0922304753985,852.2549383559628,7448.347168831361,Setup
764,5,20,Morning,4489.012662164685,644.039716302613,5133.052378467298,Setup
765,8,14,Morning,16504.85142969451,1332.4784774171721,17837.32990711168,Maintenance
766,7,1,Night,2814.8680135285435,441.56070820032403,3256.4287217288675,Maintenance
767,1,14,Morning,6028.748264225897,1206.498713016094,7235.246977241992,Setup
768,1,13,Afternoon,5868.477921375646,810.5678808284847,6679.04580220413,Breakdown
769,9,12,Morning,7148.1113752616175,787.3251268310044,7935.436502092622,Breakdown
770,10,10,Night,7115.140235310346,1562.747368992175,8677.887604302521,Breakdown
771,8,6,Morning,6716.752744963285,732.2295794040841,7448.982324367369,Breakdown
772,9,2,Night,3426.7827462995147,766.3275826973071,4193.110328996821,Breakdown
773,2,16,Afternoon,12693.180577053035,1088.3476295310916,13781.528206584127,Setup
774,10,11,Afternoon,3520.234233572957,550.6935433275659,4070.9277769005225,Maintenance
775,6,1,Morning,3430.592923957831,930.1378171835089,4360.730741141339,Breakdown
776,8,4,Afternoon,3713.1476575556453,781.1388851453862,4494.286542701031,Setup
777,9,4,Afternoon,13709.243778916385,1311.7734034270202,15021.017182343405,Setup
778,6,10,Afternoon,21688.17906044244,1452.5287374178245,23140.707797860265,Maintenance
779,1,3,Morning,14013.582575897932,1505.3922305652243,15518.974806463157,Breakdown
780,10,16,Morning,13105.736564045326,1476.430231231056,14582.166795276382,Breakdown
781,7,7,Night,4427.435557775577,495.6459644876243,4923.081522263201,Setup
782,5,13,Night,3907.5336345955316,964.3268127940049,4871.860447389537,Maintenance
783,1,4,Night,12544.162969060868,1939.983904491966,14484.146873552834,Breakdown
784,7,3,Night,10324.074892225912,1396.896497373467,11720.97138959938,Setup
785,1,6,Afternoon,8601.6978385161,1496.5428081065768,10098.240646622677,No Power
786,8,12,Morning,2981.7065236995495,716.3398769674158,3698.0464006669654,Breakdown
787,7,13,Morning,5686.193656705451,1154.6207027074472,6840.814359412898,Breakdown
788,2,10,Afternoon,10355.93755529752,1727.6679788108734,12083.605534108394,Setup
789,6,6,Morning,11111.366858773308,961.170071566924,12072.536930340233,Setup
790,9,6,Night,5202.451840140838,910.5079667344583,6112.959806875296,No Power
791,4,14,Afternoon,9427.13132293038,802.6988038131046,10229.830126743484,Breakdown
792,2,4,Morning,6421.971322384714,494.8523147003689,6916.823637085083,Setup
793,5,6,Morning,18674.8478944774,1488.227178861034,20163.075073338434,Breakdown
794,10,15,Night,4401.414129579394,826.2440311017818,5227.658160681176,Breakdown
795,7,14,Night,3414.5663475764127,355.3373536759092,3769.9037012523218,Breakdown
796,3,10,Afternoon,9512.375633182191,1372.261601220988,10884.637234403179,Setup
797,9,7,Night,3312.2629478897084,469.5329384018768,3781.7958862915852,No Power
798,8,18,Afternoon,4657.409230306801,529.9755519803517,5187.384782287153,Breakdown
799,10,8,Morning,8563.162547409542,1431.2585296881607,9994.421077097702,Setup
800,6,11,Morning,8842.204727778299,1182.5300021060752,10024.734729884374,Setup
801,1,19,Afternoon,18484.70109679717,1806.1497396623242,20290.850836459493,Breakdown
802,6,12,Night,7027.064611986909,1125.5322392021042,8152.596851189013,Setup
803,6,3,Morning,5194.577378104613,723.7040609807883,5918.281439085401,No Power
804,2,1,Afternoon,9796.982623061856,772.8358433882275,10569.818466450084,Breakdown
805,7,18,Afternoon,6538.9778279748525,998.3227485027976,7537.30057647765,Maintenance
806,2,17,Morning,9259.9582134675,1283.0264675500339,10542.984681017533,Maintenance
807,6,2,Night,7750.7064276996825,1057.0587443355182,8807.7651720352,Maintenance
808,5,9,Night,13583.210801672003,1566.628187945957,15149.83898961796,Breakdown
809,7,7,Night,5313.0164165894175,987.1386753517759,6300.155091941193,Maintenance
810,8,10,Night,6083.393623830663,878.6923336258383,6962.085957456502,Setup
811,5,10,Morning,11448.577292291777,1255.2095733590977,12703.786865650874,Breakdown
812,7,16,Morning,13036.82155338339,1331.058269303605,14367.879822686995,Breakdown
813,1,3,Morning,6497.102941226487,809.901501805214,7307.004443031701,Breakdown
814,9,13,Morning,2874.121597646945,444.45836421754166,3318.5799618644864,Maintenance
815,8,20,Night,5583.379621350366,1840.6884719959219,7424.068093346287,Breakdown
816,5,19,Afternoon,14021.469559542524,1579.8798542156842,15601.349413758207,Setup
817,10,5,Morning,3431.386270615685,586.266429112895,4017.65269972858,Setup
818,6,20,Morning,6902.471876792164,1065.3766158152994,7967.848492607463,Maintenance
819,1,4,Morning,9426.88721310541,1728.5313195205654,11155.418532625976,Maintenance
820,4,20,Afternoon,18476.94109776846,952.2775253243873,19429.21862309285,Setup
821,9,13,Night,22510.648036721694,1507.787054295557,24018.43509101725,No Power
822,6,15,Night,4749.582417312557,1008.7580329836264,5758.340450296183,Breakdown
823,6,14,Afternoon,7118.374686593931,1151.3897019960925,8269.764388590023,Breakdown
824,5,9,Afternoon,4963.508192700699,858.750256941441,5822.25844964214,Breakdown
825,10,20,Night,17833.770397287637,1756.0338729956443,19589.804270283283,Breakdown
826,6,14,Afternoon,18459.82315070289,1592.7363381047683,20052.55948880766,No Power
827,8,7,Night,7479.361286965479,1741.8760123968907,9221.23729936237,Breakdown
828,7,13,Night,16296.605720240997,1386.8573791640317,17683.463099405028,Setup
829,8,7,Afternoon,9208.872934916872,1434.6078441519849,10643.480779068857,Setup
830,1,2,Afternoon,8542.052051220764,1485.7960016100062,10027.84805283077,Maintenance
831,3,15,Morning,7254.8766222049235,936.136515542098,8191.013137747022,Setup
832,6,17,Morning,21581.162501354935,1673.6913607847837,23254.853862139717,Breakdown
833,3,18,Afternoon,6447.528431641077,832.2226426954006,7279.751074336477,No Power
834,7,9,Morning,7349.784345359297,976.3703726870305,8326.154718046328,No Power
835,10,1,Afternoon,3127.0172474995325,665.4895921471543,3792.506839646687,Breakdown
836,4,17,Night,6997.526150593724,1110.7798499608282,8108.306000554552,Maintenance
837,5,11,Afternoon,5354.9881555702905,669.4208584683109,6024.4090140386015,Breakdown
838,4,16,Night,2488.5868993222093,307.8614048902373,2796.4483042124466,Maintenance
839,10,13,Afternoon,10983.433701595943,1582.2220186374018,12565.655720233344,Breakdown
840,4,12,Afternoon,9213.960656601059,878.4972000977037,10092.457856698762,Breakdown
841,9,13,Morning,4582.197313578887,514.6372910609784,5096.834604639866,Setup
842,4,20,Afternoon,4423.847531741037,434.0921392927909,4857.939671033828,Setup
843,6,1,Night,3449.4553403877144,322.99885435999204,3772.4541947477064,Maintenance
844,4,8,Morning,10302.369799390435,791.6842849247726,11094.054084315208,Breakdown
845,10,17,Morning,11620.462046407707,1083.1433142045266,12703.605360612233,Maintenance
846,3,17,Afternoon,11309.870660281213,1256.632481280934,12566.503141562147,Maintenance
847,10,15,Afternoon,18296.125168588344,1597.3947071308237,19893.51987571917,Breakdown
848,7,16,Night,7136.477862378647,1388.5670511288,8525.044913507447,Breakdown
849,4,4,Night,17317.475200801742,1621.9175395520444,18939.392740353785,Breakdown
850,9,15,Night,13564.783115175764,854.4352085886295,14419.218323764393,Setup
851,10,17,Morning,20125.026624677615,1470.4787392626808,21595.505363940298,Breakdown
852,5,15,Morning,16349.915336952687,1816.5500549099968,18166.465391862683,Breakdown
853,7,18,Morning,6565.844021759477,1195.1057112171377,7760.9497329766145,Breakdown
854,4,7,Afternoon,11321.588061560013,1195.2706229920857,12516.858684552099,Setup
855,5,17,Morning,14034.558370727485,1194.538066791379,15229.096437518865,Breakdown
856,1,17,Morning,11755.98700127981,1115.3757393274173,12871.362740607226,Breakdown
857,3,12,Afternoon,13728.494739413607,1342.1835652729396,15070.678304686546,Breakdown
858,10,20,Morning,21527.758447075023,1745.4760410683664,23273.23448814339,No Power
859,5,18,Afternoon,3361.688533180495,585.2783531787039,3946.966886359199,Setup
860,7,4,Afternoon,5471.531093451885,609.5424985569582,6081.073592008843,Setup
861,5,3,Morning,7299.529948362712,1726.7004382830817,9026.230386645793,Setup
862,5,16,Morning,7835.068552072746,978.0934391749281,8813.161991247674,Breakdown
863,10,12,Night,6561.253792087258,825.3872963544724,7386.641088441731,Setup
864,10,16,Night,14970.162418097834,1867.4454878615068,16837.60790595934,Setup
865,6,5,Morning,9239.75549475965,1063.2917009498133,10303.047195709463,Setup
866,5,4,Morning,8339.878292411633,1338.9738120947386,9678.852104506372,Breakdown
867,2,13,Afternoon,18030.725199881475,1516.51183219014,19547.237032071615,Maintenance
868,10,11,Morning,6170.183675807236,1232.2614327408298,7402.445108548066,Breakdown
869,1,15,Morning,7184.624851589683,1262.4449907079388,8447.069842297622,Setup
870,2,11,Afternoon,10366.74612294757,1238.03170128435,11604.77782423192,Breakdown
871,6,5,Night,16228.18829290118,2013.0702913563082,18241.258584257488,Setup
872,4,20,Morning,16623.67098398204,928.8325003519045,17552.503484333945,Breakdown
873,7,16,Morning,5544.397464051699,659.2455443561507,6203.643008407849,Breakdown
874,2,18,Morning,4055.2438786221696,484.6180392852569,4539.861917907427,Setup
875,6,19,Afternoon,11630.547114857578,1682.7068518423473,13313.253966699926,Maintenance
876,6,3,Afternoon,8317.475761661042,1373.111875887659,9690.5876375487,Breakdown
877,5,7,Morning,15225.412282342662,1938.6705065150334,17164.082788857697,Setup
878,3,16,Afternoon,5948.790101906879,1759.4957155939098,7708.285817500789,Setup
879,2,2,Afternoon,16105.98195916527,1278.8709174626924,17384.852876627963,Maintenance
880,4,18,Afternoon,8708.569861486765,736.3871465049535,9444.95700799172,Breakdown
881,4,14,Morning,2421.8825595906737,263.5620834694766,2685.44464306015,Breakdown
882,6,11,Night,4709.745899902775,827.1921790607581,5536.938078963533,Setup
883,9,9,Afternoon,4054.8354874620336,465.4774113979,4520.312898859934,Breakdown
884,5,11,Night,6524.85219541211,987.7729880297828,7512.625183441893,Setup
885,1,14,Afternoon,6298.096599008024,1091.5722371716,7389.668836179624,Breakdown
886,5,4,Morning,4068.4248976544554,524.4077022891287,4592.832599943584,Maintenance
887,9,1,Morning,4677.784523435577,945.442172456081,5623.226695891658,No Power
888,4,2,Afternoon,6083.065945809174,1088.3694459848925,7171.435391794066,Setup
889,8,5,Morning,9984.717422372365,810.0874716103788,10794.804893982744,Setup
890,7,11,Morning,4243.617415311908,952.6080127754567,5196.225428087365,Breakdown
891,4,11,Morning,10605.689480966259,1360.6411364273952,11966.330617393654,No Power
892,8,20,Afternoon,7989.80834754595,1129.5918714733766,9119.400219019326,Setup
893,8,6,Morning,6148.137873983789,919.7978129799855,7067.935686963775,Breakdown
894,4,19,Morning,5070.884193181865,671.9570557702643,5742.84124895213,Breakdown
895,10,6,Morning,13077.239039418988,1526.0033588469867,14603.242398265975,Breakdown
896,9,12,Night,8938.090785805529,1316.617311694081,10254.70809749961,Setup
897,9,20,Morning,10011.35121209713,1309.2328915658607,11320.58410366299,Breakdown
898,5,2,Morning,5968.630085924666,931.9157760624657,6900.5458619871315,Setup
899,9,13,Morning,2832.8854291720563,462.91488319282035,3295.800312364877,Setup
900,8,20,Morning,10644.897569814462,1551.060095954906,12195.957665769369,Setup
901,5,17,Afternoon,7553.386686076536,1231.616811603623,8785.003497680158,Setup
902,6,10,Morning,9244.091338612645,1211.154437067232,10455.245775679878,Maintenance
903,4,2,Afternoon,16783.752781051695,1153.9746250529054,17937.7274061046,Breakdown
904,10,3,Night,15945.722987103834,1996.36190971363,17942.084896817465,No Power
905,5,12,Night,12378.206742272529,1771.1670130685518,14149.373755341081,Maintenance
906,1,8,Afternoon,3110.564810789954,745.3506255197342,3855.9154363096886,Breakdown
907,5,20,Night,6489.154079065671,1008.8080167390596,7497.962095804731,Setup
908,4,15,Morning,6904.022819805496,720.7885139167428,7624.8113337222385,Maintenance
909,6,7,Morning,15686.306154465266,1624.1534624234123,17310.45961688868,No Power
910,2,2,Morning,4640.549837804368,544.1577921530208,5184.707629957388,Breakdown
911,1,7,Night,9195.038446540562,1876.909986712813,11071.948433253376,Setup
912,6,7,Afternoon,19525.545029926827,1453.3712462760022,20978.916276202828,Maintenance
913,5,18,Afternoon,6043.384141142448,1135.6649738318927,7179.049114974341,Maintenance
914,6,1,Night,9583.801459807188,1522.5094577466386,11106.310917553827,Maintenance
915,8,8,Morning,7944.197322773873,1188.3391221256425,9132.536444899515,Setup
916,10,7,Afternoon,5405.814765328854,677.6673932437778,6083.482158572632,Breakdown
917,2,17,Morning,10260.04067645407,756.3320074998147,11016.372683953885,Breakdown
918,6,7,Night,6047.67440685582,905.5554296072295,6953.22983646305,Breakdown
919,9,19,Morning,2886.9755243384498,618.539620650383,3505.5151449888326,Maintenance
920,5,10,Afternoon,17376.9399613888,1491.0729327585352,18868.012894147338,Breakdown
921,9,14,Afternoon,4874.065932675178,702.0071933540991,5576.073126029278,Setup
922,5,13,Morning,6122.002505315575,664.7143589839911,6786.716864299566,No Power
923,3,14,Afternoon,10595.842248877023,1976.6612472106033,12572.503496087626,Breakdown
924,8,5,Morning,5543.3373471306795,999.9011328943549,6543.238480025035,Breakdown
925,10,20,Night,10872.841863204767,1868.5341587668568,12741.376021971624,Breakdown
926,5,20,Night,8667.056533799447,1577.468982089839,10244.525515889285,Setup
927,3,11,Afternoon,11967.938663668556,1349.8820641087682,13317.820727777324,Setup
928,4,7,Morning,8980.213939315978,1037.1341362308485,10017.348075546826,Setup
929,7,12,Afternoon,7851.222546589872,782.0498033174754,8633.272349907347,Breakdown
930,1,16,Morning,9819.243248492063,1054.8526115962272,10874.09586008829,Breakdown
931,3,11,Night,7814.893246606167,1369.3698507373954,9184.263097343563,Breakdown
932,1,15,Morning,4019.4682475412956,774.4683645825568,4793.936612123853,Breakdown
933,1,1,Night,7797.192695376259,1579.152494701414,9376.345190077673,Setup
934,9,11,Afternoon,5323.685987386827,727.0150611496235,6050.701048536451,Setup
935,9,18,Night,11851.603487998367,940.9534071332477,12792.556895131615,Setup
936,5,2,Afternoon,26262.637524125093,1631.2620843887269,27893.89960851382,Maintenance
937,10,3,Night,13602.970108826343,2079.5044959556635,15682.474604782006,Breakdown
938,8,9,Night,3908.966824373576,615.0740924598115,4524.040916833387,Breakdown
939,8,4,Night,14646.082809399853,1294.6382369625946,15940.721046362449,Breakdown
940,4,9,Morning,13504.21992885074,1093.7997693154964,14598.019698166236,Setup
941,10,3,Morning,6197.9548093048215,1150.9048670032657,7348.859676308088,Setup
942,2,20,Afternoon,2803.0815758102553,373.40724335532343,3176.4888191655787,Setup
943,10,19,Night,17100.824666943423,2162.7422886446207,19263.566955588045,Maintenance
944,10,19,Morning,11268.92067248823,1260.1862436207136,12529.106916108944,Breakdown
945,3,19,Morning,24504.347072975008,1448.2824353122626,25952.62950828727,Breakdown
946,1,11,Afternoon,11699.52568133359,1492.1075046494614,13191.63318598305,No Power
947,1,7,Morning,8063.4143195067545,690.4295407703494,8753.843860277104,Maintenance
948,10,19,Morning,5627.225794895789,1019.3404279283216,6646.56622282411,Setup
949,1,17,Morning,3967.158756488962,724.9646626464582,4692.12341913542,Setup
950,6,15,Afternoon,8583.580357638897,1525.8005978318968,10109.380955470793,No Power
951,9,1,Night,16921.82357099808,1285.3191253348623,18207.142696332943,Breakdown
952,8,17,Morning,17857.22971947089,1464.3494598136572,19321.57917928455,Breakdown
953,1,15,Afternoon,3776.9482179057904,986.2338247816982,4763.182042687488,Maintenance
954,1,14,Morning,15591.096020206525,1402.9260633983324,16994.022083604857,Setup
955,9,10,Night,11237.10150228586,1364.459930420498,12601.561432706358,Maintenance
956,5,17,Morning,6380.321294740782,1921.7730674658544,8302.094362206637,Setup
957,4,7,Afternoon,3433.627679978303,603.3045244989207,4036.932204477224,Setup
958,2,17,Night,7583.923199505898,1035.892425809721,8619.81562531562,Maintenance
959,3,18,Morning,10434.373695566495,2006.04517248789,12440.418868054385,Breakdown
960,6,5,Afternoon,10827.039910813382,1341.6461034245533,12168.686014237936,Breakdown
961,7,5,Morning,8366.004198520604,1304.672973539702,9670.677172060306,Maintenance
962,8,16,Night,7215.407852859571,1216.8396367204484,8432.247489580019,Maintenance
963,5,14,Morning,8090.001722783638,1278.116864489325,9368.118587272962,Setup
964,4,7,Night,7361.215845888425,1341.5034152287642,8702.719261117189,Breakdown
965,10,19,Afternoon,4373.153872182426,920.7637571187832,5293.91762930121,Setup
966,8,11,Afternoon,7153.573650817863,796.6418585203295,7950.2155093381925,Breakdown
967,4,10,Morning,1901.264731336953,434.9494878846644,2336.2142192216174,Breakdown
968,9,5,Night,12019.345215485082,1443.4959442527445,13462.841159737827,Setup
969,6,20,Morning,6443.7025367064125,618.5195205352563,7062.222057241669,Setup
970,5,5,Afternoon,8574.954893350736,1608.820907846683,10183.775801197418,Maintenance
971,4,5,Afternoon,7373.666055451111,907.2910440594326,8280.957099510544,Setup
972,8,18,Afternoon,12607.465436976201,1262.5922367927515,13870.057673768952,Breakdown
973,7,6,Morning,7437.621374179904,1516.6399719667347,8954.261346146639,Maintenance
974,4,13,Afternoon,9215.993499487804,936.2381775336094,10152.231677021413,Breakdown
975,5,18,Afternoon,10543.425626294025,1764.3773715493087,12307.802997843333,Maintenance
976,5,14,Afternoon,6645.51764259033,784.3783608364865,7429.896003426817,Breakdown
977,4,13,Morning,12559.364470366152,1045.2331803577167,13604.597650723868,Breakdown
978,1,14,Morning,7007.21844226567,1131.2163755897063,8138.434817855376,Setup
979,3,14,Morning,3457.957707444476,635.4532978142566,4093.4110052587325,No Power
980,10,18,Afternoon,7162.697353098165,693.7063119543277,7856.403665052492,Breakdown
981,2,11,Morning,3465.2761977461178,530.2055378761353,3995.481735622253,Maintenance
982,6,19,Morning,7266.318394304647,972.7549216479129,8239.073315952559,Setup
983,10,16,Afternoon,3512.4961243860225,497.5975746213679,4010.0936990073906,Breakdown
984,5,2,Morning,9106.495984293315,1192.1649113664846,10298.6608956598,No Power
985,5,15,Night,5672.153013357278,791.7433263120902,6463.896339669368,Maintenance
986,3,2,Afternoon,10708.645663955955,1057.9153234680919,11766.560987424047,Breakdown
987,7,8,Afternoon,4177.808967127755,640.0225887430303,4817.831555870785,Breakdown
988,6,20,Night,19199.353942028563,2154.1552136512705,21353.509155679832,Setup
989,6,9,Afternoon,8778.30445433443,1665.7122957877377,10444.016750122168,No Power
990,8,17,Night,4995.425571577749,1152.945408451159,6148.370980028908,Setup
991,4,20,Afternoon,16584.98556932224,1067.369312824656,17652.354882146898,Breakdown
992,8,9,Morning,11952.071007758414,1137.6048444096853,13089.675852168099,Setup
993,6,20,Afternoon,11632.074458389601,1004.4754890171719,12636.549947406773,No Power
994,8,2,Morning,14661.289688023433,1065.6643345753246,15726.954022598758,Breakdown
995,6,13,Afternoon,4900.574185476122,560.1872775599697,5460.761463036091,Maintenance
996,1,18,Afternoon,14315.676785118048,1516.5467413321455,15832.223526450194,Setup
997,2,18,Morning,14765.19915645073,956.647421174178,15721.846577624909,Setup
998,1,18,Morning,8557.105472980102,796.4311264815515,9353.536599461653,Maintenance
999,1,19,Morning,15976.827266822123,1545.4165019864586,17522.24376880858,No Power
1000,9,17,Afternoon,5930.975201262215,535.4311854668731,6466.406386729088,Breakdown
1001,1,20,Morning,14545.616122697293,1003.4344412319742,15549.050563929268,Setup
1002,6,9,Morning,7104.838550516064,1201.0921480825466,8305.930698598611,Maintenance
1003,4,16,Night,18860.190724996584,1257.0028481905233,20117.19357318711,Breakdown
1004,1,18,Morning,8286.821117398478,1512.8844926978381,9799.705610096316,Setup
1005,3,6,Night,2541.8599735392436,548.1152367892796,3089.975210328523,Maintenance
1006,2,9,Night,13205.681336519996,825.9562892413708,14031.637625761367,Breakdown
1007,7,13,Morning,12740.457001484803,1301.3404653445652,14041.797466829368,No Power
1008,8,17,Morning,10109.305702792033,1736.4939412037866,11845.799643995819,No Power
1009,10,10,Morning,21038.18461996793,1564.9169224039956,22603.101542371925,Maintenance
1010,10,6,Morning,8738.64694720157,1138.922362354707,9877.569309556278,Setup
1011,1,20,Night,7096.772139970156,1096.0948506903715,8192.866990660528,Breakdown
1012,9,2,Night,5549.120984483232,695.217674022223,6244.338658505455,Breakdown
1013,5,17,Afternoon,17652.193263429508,2121.980856384352,19774.17411981386,Breakdown
1014,4,20,Night,19251.874049546528,1489.6277228421088,20741.501772388638,Setup
1015,1,3,Morning,8867.968302338444,1210.0215536304568,10077.9898559689,Breakdown
1016,10,16,Morning,9318.382238192,914.0885671081653,10232.470805300165,Setup
1017,4,15,Morning,12760.929163431178,1193.708804311415,13954.637967742592,Setup
1018,2,3,Afternoon,7803.651787032611,847.5797604649854,8651.231547497597,Maintenance
1019,6,18,Morning,7605.134100404562,1108.3582164303666,8713.492316834929,Maintenance
1020,9,20,Night,11566.564549947683,1019.966894120486,12586.531444068169,Breakdown
1021,6,9,Morning,7333.076845383046,1452.0259783939941,8785.10282377704,Setup
1022,1,2,Afternoon,10626.353002813108,1801.480772160318,12427.833774973426,Breakdown
1023,7,10,Afternoon,3769.506140239134,536.8707105315441,4306.376850770678,Maintenance
1024,4,8,Morning,5283.360426114816,674.9225233307803,5958.282949445596,Breakdown
1025,6,12,Afternoon,7448.7215126637875,657.855099351991,8106.576612015779,Breakdown
1026,2,3,Night,9313.303984583945,933.1797290926218,10246.483713676567,Setup
1027,4,6,Night,6712.925989757132,1240.986127471712,7953.912117228844,Maintenance
1028,3,14,Morning,4154.025206852332,875.6080562465625,5029.6332630988945,Maintenance
1029,5,18,Night,10170.834688246885,1485.5175881700548,11656.35227641694,Breakdown
1030,9,4,Morning,7199.204433613881,1195.9911937566837,8395.195627370564,Breakdown
1031,4,15,Morning,8842.350500859626,645.0458422565342,9487.39634311616,Breakdown
1032,1,20,Morning,6315.718090708839,1056.1656545618043,7371.883745270643,Breakdown
1033,2,17,Morning,3203.8471636693093,411.29787325267387,3615.1450369219833,Setup
1034,10,1,Morning,5055.6095529917475,701.1592769388908,5756.768829930638,No Power
1035,1,14,Night,9827.836322812322,2067.92308952897,11895.759412341293,Breakdown
1036,7,17,Morning,8991.12785257375,1386.4156450952887,10377.54349766904,Maintenance
1037,4,4,Morning,11016.275655842353,1062.7073312678085,12078.982987110161,Maintenance
1038,5,6,Afternoon,16940.098587405868,1648.1355563922523,18588.23414379812,No Power
1039,7,7,Morning,4213.123267850558,528.470557406716,4741.593825257273,No Power
1040,4,15,Afternoon,10221.443114171047,884.2924247170989,11105.735538888146,Breakdown
1041,4,13,Morning,3037.4315816692824,817.9857116377588,3855.4172933070413,Setup
1042,3,9,Afternoon,6214.739855126159,1717.937828764899,7932.677683891057,Setup
1043,7,15,Morning,16381.163947555937,1144.2645445165865,17525.428492072522,Breakdown
1044,1,15,Afternoon,8041.500814199523,1129.546778623614,9171.047592823137,Maintenance
1045,3,14,Afternoon,3112.1999628771828,374.0060870543626,3486.2060499315453,Setup
1046,5,7,Night,13716.978827401712,1923.510866011004,15640.489693412715,Breakdown
1047,3,1,Afternoon,6604.591828337,1347.9700644494833,7952.561892786483,Maintenance
1048,9,1,Morning,13141.935648641287,761.1838358724765,13903.119484513763,No Power
1049,6,4,Afternoon,13758.537099200767,1351.7037039256868,15110.240803126453,Setup
1050,1,13,Night,14809.492883346595,2056.727306552999,16866.22018989959,Breakdown
1051,6,9,Night,7914.918561590275,977.2971301519708,8892.215691742245,Breakdown
1052,3,13,Night,11565.68626648228,1354.8775871905054,12920.563853672786,Breakdown
1053,10,7,Afternoon,11642.723716872095,1427.3683931977403,13070.092110069836,Setup
1054,4,6,Morning,3208.0754762292063,577.1975466732638,3785.27302290247,Setup
1055,3,10,Night,13082.577724264971,1201.2190125888312,14283.796736853803,Breakdown
1056,1,6,Night,8490.19057310196,1594.0014902277153,10084.192063329676,No Power
1057,2,13,Night,11512.777079712541,1574.124673866499,13086.90175357904,Maintenance
1058,4,7,Morning,6294.815820531686,1149.420451631959,7444.236272163645,Setup
1059,7,12,Morning,3819.8396547926764,550.3259013182553,4370.165556110932,Breakdown
1060,3,12,Morning,10827.33988918492,1153.983506402196,11981.323395587115,Breakdown
1061,10,2,Morning,5229.083155686706,692.9457461828707,5922.028901869577,Maintenance
1062,10,20,Morning,17546.811875029434,1766.0061187813678,19312.8179938108,Breakdown
1063,3,11,Night,4400.08433901389,722.6167853708954,5122.7011243847855,Breakdown
1064,1,3,Morning,9162.303468060334,1192.187031907176,10354.490499967511,Breakdown
1065,3,1,Night,6688.263220549621,1295.436918260421,7983.700138810042,Setup
1066,9,4,Night,5796.068482958237,1091.4933055876038,6887.5617885458405,Setup
1067,9,9,Afternoon,2356.4861673638047,394.82450636377365,2751.3106737275784,Maintenance
1068,5,7,Morning,13160.721680523971,1408.2158715547594,14568.93755207873,Maintenance
1069,6,6,Night,5676.085861007766,882.1019491534926,6558.187810161258,Setup
1070,1,12,Morning,11452.94358704088,1466.9301875794374,12919.873774620317,Breakdown
1071,2,20,Afternoon,2090.7289334646393,526.1735012578192,2616.9024347224586,Maintenance
1072,10,13,Afternoon,12707.27688489053,1048.3242668594273,13755.601151749957,Breakdown
1073,6,15,Morning,6487.855842043438,1045.1325890958556,7532.988431139294,Maintenance
1074,3,20,Afternoon,11108.492577688976,1621.8602251061802,12730.352802795156,Breakdown
1075,4,15,Morning,5217.642590881209,916.8272312348237,6134.469822116032,Breakdown
1076,2,4,Night,10255.315488720313,860.6766410976419,11115.992129817954,No Power
1077,8,3,Afternoon,12325.03985782483,1028.4615081543402,13353.50136597917,Maintenance
1078,9,1,Afternoon,7842.604258310511,1149.9612212060676,8992.56547951658,Breakdown
1079,2,12,Morning,3319.249831212656,495.5362516775579,3814.786082890214,Setup
1080,10,15,Morning,9223.065947313746,1493.5526179658557,10716.618565279601,Maintenance
1081,1,2,Afternoon,6014.1311311268855,1015.0102759227412,7029.141407049627,Breakdown
1082,10,7,Morning,11867.74492210391,1499.0118218058096,13366.756743909718,Breakdown
1083,6,9,Morning,4613.2157185484775,1102.3548959662958,5715.570614514773,Breakdown
1084,10,16,Night,10137.624096017194,2151.467436907918,12289.091532925113,Breakdown
1085,4,9,Afternoon,4607.292527658959,479.1107620464881,5086.403289705448,Breakdown
1086,10,1,Night,3519.400746231978,608.8833866363735,4128.284132868352,Setup
1087,9,8,Morning,5073.832206299545,415.98420670557203,5489.816413005117,Breakdown
1088,10,15,Morning,6022.801447250045,1047.088065181683,7069.889512431729,Maintenance
1089,2,12,Afternoon,9980.957017427603,845.1704231266408,10826.127440554244,Breakdown
1090,4,10,Morning,10816.184481566928,939.2281196223809,11755.41260118931,No Power
1091,7,6,Afternoon,7899.639250786352,756.659732391256,8656.298983177609,Breakdown
1092,8,9,Night,6444.82174593346,1196.0189939360957,7640.840739869556,Breakdown
1093,6,14,Night,17164.817831755132,1379.100579059742,18543.918410814873,No Power
1094,7,3,Morning,22381.603958833995,1281.1372431720365,23662.741202006033,Maintenance
1095,1,20,Afternoon,18168.11797729663,1826.7352498881414,19994.853227184773,Maintenance
1096,8,19,Afternoon,17503.62449463157,1112.0878234323682,18615.71231806394,Breakdown
1097,2,7,Morning,16746.593402968225,1402.250422786721,18148.843825754946,Setup
1098,6,14,Morning,5596.050592588996,653.7807929914314,6249.831385580427,No Power
1099,1,4,Night,10162.385457147708,2037.0010821928556,12199.386539340563,Maintenance
1100,10,13,Night,5093.603101101076,1257.7661791943126,6351.369280295389,Breakdown
1101,5,9,Morning,17557.79417214435,1462.8601592591235,19020.65433140347,Setup
1102,5,1,Night,7345.127960988777,1663.6123971700583,9008.740358158835,Breakdown
1103,2,17,Morning,4290.336730100946,1251.225421445769,5541.562151546715,Maintenance
1104,5,11,Night,23324.41950318669,2263.035571862897,25587.455075049587,Breakdown
1105,4,4,Morning,5775.156913178467,1153.2703720677107,6928.427285246178,Setup
1106,9,16,Morning,4397.694567554549,783.3529338082606,5181.04750136281,Setup
1107,10,10,Afternoon,9080.137764699995,1420.5712471268769,10500.709011826872,Maintenance
1108,5,14,Night,3706.410918880355,900.9544947364777,4607.3654136168325,Breakdown
1109,9,16,Afternoon,4643.105698269439,1188.4308682969095,5831.5365665663485,No Power
1110,7,16,Morning,7211.872213420405,1058.1742462977804,8270.046459718185,Breakdown
1111,5,15,Afternoon,10842.655549491055,1530.0613372214339,12372.71688671249,Maintenance
1112,1,6,Morning,15637.950162445528,1453.5421544858254,17091.492316931355,Breakdown
1113,1,17,Night,11176.826741204784,1803.181652786609,12980.008393991393,Maintenance
1114,3,6,Afternoon,14793.038266399444,1521.6029446012417,16314.641211000686,No Power
1115,9,20,Afternoon,8995.758452927392,922.9051387010069,9918.6635916284,Breakdown
1116,6,2,Morning,6224.528399740081,1439.225154581924,7663.753554322006,Setup
1117,3,18,Afternoon,3700.3746084293825,525.1422028864669,4225.51681131585,Breakdown
1118,3,14,Afternoon,12387.643528053823,1705.1415163962133,14092.785044450036,Breakdown
1119,9,8,Morning,5032.62371795527,808.928630175725,5841.552348130995,No Power
1120,3,8,Afternoon,3324.702859080703,467.5158896670474,3792.2187487477504,No Power
1121,10,9,Morning,5206.4993708787,1120.39249354522,6326.89186442392,Breakdown
1122,2,7,Afternoon,5503.084212557193,636.2897850439645,6139.373997601157,Setup
1123,9,8,Night,5713.016559615018,1553.2876686384259,7266.304228253444,Setup
1124,6,15,Night,3834.32031636598,849.0232550324038,4683.343571398384,Setup
1125,2,7,Night,4990.490084372928,715.2113904867649,5705.701474859693,No Power
1126,5,10,Night,15188.371205053987,1997.1459012142448,17185.51710626823,Breakdown
1127,4,5,Morning,10124.017654534871,1051.0760087924086,11175.09366332728,Setup
1128,8,13,Morning,4561.716169203885,1054.3678486529004,5616.084017856786,Setup
1129,8,10,Afternoon,11723.521120253161,1397.877759246283,13121.398879499444,Setup
1130,7,7,Morning,15466.65589379597,1691.5628612910402,17158.21875508701,Maintenance
1131,5,1,Morning,7790.450078556571,1309.3588393510188,9099.808917907589,Setup
1132,2,9,Night,13742.66764093643,1357.793979685379,15100.461620621809,Setup
1133,10,10,Morning,12688.616000678723,1151.2232844949797,13839.839285173703,Maintenance
1134,1,8,Afternoon,3471.372128118308,616.4436427414906,4087.8157708597987,Maintenance
1135,1,15,Morning,9139.532107915098,1931.762153130534,11071.294261045632,Setup
1136,9,14,Afternoon,4110.880241729764,556.4537818770285,4667.3340236067925,Breakdown
1137,3,5,Afternoon,10606.601925500736,1170.7117709110644,11777.3136964118,Setup
1138,8,14,Night,14795.781335518392,1924.9370767861321,16720.718412304523,Breakdown
1139,3,12,Morning,12086.37177155164,1478.4965510939987,13564.868322645638,Setup
1140,6,10,Night,7431.060292367292,1495.9840400004186,8927.04433236771,Breakdown
1141,2,16,Morning,2258.694480871475,398.7678592735154,2657.462340144991,Breakdown
1142,5,7,Afternoon,4612.276888884474,750.4338649191486,5362.7107538036225,Setup
1143,1,18,Morning,7327.142398922828,1045.4351216095754,8372.577520532403,Breakdown
1144,2,14,Afternoon,3252.1021473766,388.0946514978882,3640.196798874488,Setup
1145,8,1,Night,9474.276416342249,1748.5517818411677,11222.828198183417,Breakdown
1146,10,11,Morning,4249.708202246878,760.8610996099895,5010.569301856867,Breakdown
1147,10,9,Morning,9807.918130024413,1528.0594001995908,11335.977530224003,Maintenance
1148,7,11,Night,3389.761236640869,600.4721240389592,3990.2333606798284,No Power
1149,6,18,Afternoon,4405.621377015543,880.2909492952668,5285.9123263108095,Maintenance
1150,1,9,Afternoon,5744.883450935727,1037.977984258333,6782.86143519406,Setup
1151,4,7,Afternoon,12990.063295707163,1165.507065729703,14155.570361436867,Breakdown
1152,8,4,Morning,8472.231478667996,1182.679755375818,9654.911234043815,Setup
1153,5,11,Morning,5715.709179644021,974.3727227954017,6690.081902439422,Breakdown
1154,8,4,Morning,5523.669591585091,627.8136287388251,6151.483220323917,Breakdown
1155,1,4,Morning,2606.501237978732,590.8881476889997,3197.389385667732,Maintenance
1156,7,8,Night,12329.935775754675,1887.4126739654964,14217.348449720172,Setup
1157,10,1,Morning,4391.367340346067,616.5304866655729,5007.89782701164,Setup
1158,2,13,Afternoon,2125.672120433129,324.92974489465513,2450.601865327784,Maintenance
1159,9,17,Morning,8003.96369518127,821.6695173423686,8825.633212523639,Breakdown
1160,2,2,Night,10308.629900914606,1346.0593809385364,11654.689281853141,Breakdown
1161,9,4,Afternoon,11627.756372174801,865.633012080026,12493.389384254828,Maintenance
1162,5,15,Afternoon,13334.128476258444,1558.9985626361008,14893.127038894545,No Power
1163,9,16,Morning,4124.399516233085,636.9584357282109,4761.357951961296,Setup
1164,3,2,Afternoon,4799.366022620693,805.9544384601153,5605.320461080808,No Power
1165,8,12,Morning,19935.80667602688,1384.9326867851519,21320.739362812034,Setup
1166,5,19,Afternoon,10487.022542040875,1398.3811696493071,11885.403711690182,Breakdown
1167,6,6,Afternoon,8931.983098450053,923.0497040493773,9855.03280249943,No Power
1168,10,9,Afternoon,14020.931398704384,1767.0472194422991,15787.978618146684,No Power
1169,5,1,Afternoon,5890.749183501866,866.314804956738,6757.063988458604,Breakdown
1170,3,2,Morning,6375.851856118772,658.6851457252591,7034.537001844031,Setup
1171,1,13,Morning,9554.303833705044,1449.121709508223,11003.425543213267,Maintenance
1172,8,4,Morning,10969.110819328414,949.9404417879421,11919.051261116356,No Power
1173,4,16,Afternoon,2654.8246248199084,490.26625059832196,3145.0908754182306,Setup
1174,6,12,Morning,6121.86728600549,964.9634108746844,7086.830696880174,Breakdown
1175,10,16,Afternoon,6154.500860428726,772.2172666355125,6926.718127064239,Breakdown
1176,2,18,Afternoon,18033.465654278636,1029.4574566546921,19062.923110933327,Setup
1177,9,16,Night,7825.107504142958,1281.1686042610897,9106.276108404047,Breakdown
1178,8,7,Night,7094.090778238789,1305.9131232719214,8400.00390151071,Maintenance
1179,2,5,Morning,12266.94012709291,1008.8655100181986,13275.805637111109,Setup
1180,9,8,Morning,5313.224805204963,1017.414616697673,6330.639421902635,Breakdown
1181,10,20,Night,3937.7823688017493,693.6259092709715,4631.40827807272,Setup
1182,6,13,Morning,7844.36293637292,1154.7969469945667,8999.159883367487,No Power
1183,1,5,Afternoon,7991.7742688941435,1524.062384138257,9515.8366530324,Breakdown
1184,6,1,Afternoon,11376.29626127114,1391.0102909404807,12767.306552211621,Breakdown
1185,1,17,Night,15661.970862548438,2057.6555405095623,17719.626403058,Breakdown
1186,4,6,Night,4661.947937149234,628.7415002324196,5290.689437381654,Breakdown
1187,7,15,Morning,6784.770235443844,1436.5608345351266,8221.33106997897,No Power
1188,3,17,Morning,10637.322153592937,1000.1952754654692,11637.517429058405,Breakdown
1189,3,11,Night,7009.467884456818,1368.8209753765384,8378.288859833356,Setup
1190,3,2,Morning,4730.723207000368,613.4075289816269,5344.130735981995,Breakdown
1191,5,17,Night,9302.723879501675,994.2470500864874,10296.970929588162,Setup
1192,6,18,Night,3828.2521515091594,776.1676508715605,4604.41980238072,No Power
1193,3,4,Night,8556.274898200516,1521.6680396256672,10077.942937826183,Setup
1194,2,16,Night,11238.549499042312,1199.2947020980375,12437.84420114035,Maintenance
1195,9,17,Night,3154.8090933958247,494.7641851844024,3649.573278580227,Maintenance
1196,9,11,Afternoon,10567.885017777982,847.4304749425118,11415.315492720494,Setup
1197,8,16,Afternoon,5455.593870834366,978.8316491258688,6434.425519960234,Maintenance
1198,2,12,Afternoon,6334.519782291169,796.3765069929821,7130.896289284151,No Power
1199,10,9,Afternoon,12315.166992467564,1797.3761982051542,14112.543190672719,Breakdown
1200,2,8,Afternoon,3038.3436876820915,490.32075130938387,3528.6644389914754,Breakdown
1201,9,10,Morning,12768.197778423624,804.7968507458154,13572.99462916944,Breakdown
1202,1,18,Afternoon,16580.452610994824,1782.231339252503,18362.683950247327,Breakdown
1203,8,2,Night,6626.9387566901505,646.1393357853909,7273.078092475542,No Power
1204,4,2,Afternoon,9013.439788459491,1000.3038069639919,10013.743595423482,Setup
1205,8,19,Afternoon,4207.90885094076,745.8615638036425,4953.770414744403,Maintenance
1206,3,20,Morning,3535.9565867470856,614.4155269353093,4150.372113682395,Setup
1207,3,17,Morning,9709.144844155318,1008.7004960403801,10717.845340195698,Breakdown
1208,5,18,Afternoon,5826.647441911745,1011.2757060619156,6837.923147973661,No Power
1209,8,9,Afternoon,5748.87285196281,1133.254146079099,6882.126998041909,No Power
1210,5,8,Afternoon,9668.665614626352,1765.0488999108209,11433.714514537172,No Power
1211,3,18,Morning,6248.000414058365,1000.2983380612965,7248.298752119662,Setup
1212,6,12,Night,6348.280463239961,1201.7822826616894,7550.0627459016505,No Power
1213,2,4,Night,13781.08807388633,1360.8119895765024,15141.900063462834,Maintenance
1214,6,2,Night,6366.996679195793,740.4467695022713,7107.4434486980645,Maintenance
1215,5,16,Afternoon,8108.164030223134,987.5040358073079,9095.668066030443,Breakdown
1216,4,8,Afternoon,11731.078620849436,1036.2947323135008,12767.373353162937,Maintenance
1217,2,3,Morning,4416.904180329949,762.729301409544,5179.633481739493,Breakdown
1218,2,12,Night,4522.963409215154,559.4726503471553,5082.436059562309,Breakdown
1219,8,18,Night,3938.3379922972085,477.2559564631803,4415.593948760389,Breakdown
1220,7,20,Night,10704.097621975689,1271.2881354953865,11975.385757471075,Setup
1221,2,12,Night,5150.014920463785,766.1612159809323,5916.176136444717,Breakdown
1222,3,3,Night,2742.269475321981,569.2296762342403,3311.4991515562215,Breakdown
1223,10,9,Morning,15303.048209469416,1699.054062911659,17002.102272381075,No Power
1224,9,20,Morning,7442.252782049763,532.4309181970999,7974.683700246863,Setup
1225,3,13,Morning,3766.2567127438474,820.2276323803155,4586.484345124163,Breakdown
1226,4,20,Morning,6345.92426243674,1036.1598394901678,7382.084101926907,No Power
1227,2,5,Night,5101.598958596967,612.4657735662955,5714.064732163263,Breakdown
1228,5,4,Night,4303.044138535448,997.2388507993928,5300.282989334841,Setup
1229,10,18,Morning,4529.219389184122,963.7890469326766,5493.008436116798,Breakdown
1230,7,14,Night,6618.205679448847,1053.8341899392856,7672.0398693881325,Breakdown
1231,7,18,Afternoon,10165.037590814787,1063.114742731155,11228.152333545942,Breakdown
1232,9,16,Afternoon,10088.825676610952,1046.0642689181598,11134.889945529112,Breakdown
1233,10,8,Morning,8587.645440479135,1517.609005193104,10105.254445672239,Breakdown
1234,8,20,Morning,16722.45549567062,1720.7719335235336,18443.227429194154,Breakdown
1235,9,1,Morning,4145.155057397671,680.1302968855213,4825.285354283193,Setup
1236,3,18,Morning,16982.441010835104,1411.8473146773651,18394.28832551247,Setup
1237,1,9,Night,18752.723588630382,1574.1090944084087,20326.832683038792,Breakdown
1238,9,9,Afternoon,14190.445374462126,1163.0056830632661,15353.451057525392,Breakdown
1239,9,18,Morning,2930.557453809745,351.9521714646669,3282.5096252744115,Setup
1240,4,13,Night,9221.085843871138,908.9080108788434,10129.993854749982,Maintenance
1241,5,10,Morning,11731.658065585068,1899.7355485379198,13631.393614122988,Setup
1242,6,11,Morning,8974.601352084966,1636.1092018874099,10610.710553972376,Breakdown
1243,1,10,Night,10002.423150672566,1828.7399787909974,11831.163129463564,No Power
1244,10,19,Morning,18733.363297395364,1462.928143271283,20196.291440666646,Setup
1245,8,15,Morning,5702.076406975756,981.9691235008672,6684.045530476624,Setup
1246,5,8,Afternoon,13732.936006395856,1370.967267653654,15103.90327404951,Setup
1247,9,20,Morning,5136.144779380999,575.6632174607644,5711.807996841764,Setup
1248,7,11,Afternoon,12099.638663112884,849.2972691373684,12948.935932250253,Setup
1249,7,8,Afternoon,7856.587678457869,1360.5337523887306,9217.121430846599,Setup
1250,1,1,Morning,4109.872254361871,699.572444611867,4809.444698973737,Breakdown
1251,6,12,Afternoon,8392.088321012441,827.70802569469,9219.796346707131,No Power
1252,2,13,Afternoon,13770.610073493128,1327.8278332968111,15098.437906789939,No Power
1253,5,20,Night,2916.928437448914,563.7401980615946,3480.6686355105085,Setup
1254,10,5,Night,3116.7769873031602,875.92492705297,3992.70191435613,Setup
1255,2,5,Afternoon,7820.117397982584,1642.609941997534,9462.727339980118,Breakdown
1256,6,4,Morning,3762.0892798778646,623.18921285712,4385.278492734985,Breakdown
1257,3,7,Morning,4177.880124188831,794.8157323445535,4972.695856533384,No Power
1258,5,8,Night,3352.740538615649,810.2784266458614,4163.01896526151,Setup
1259,8,20,Afternoon,3758.494054612384,771.5337908763762,4530.02784548876,Setup
1260,2,7,Morning,8290.18218840577,672.7797601672171,8962.961948572987,No Power
1261,9,3,Morning,6118.351233181253,984.0321925276221,7102.383425708875,Setup
1262,10,9,Morning,9668.771447560017,1395.0941553829437,11063.86560294296,Breakdown
1263,10,16,Afternoon,13233.210826822451,1320.083327526357,14553.294154348809,Setup
1264,9,8,Afternoon,7228.743109782238,1250.7184616817383,8479.461571463977,Breakdown
1265,2,2,Afternoon,14730.652569616514,1443.3010299952016,16173.953599611716,Maintenance
1266,7,2,Night,2722.193044794033,489.2154287347456,3211.408473528779,Breakdown
1267,3,1,Afternoon,11625.962180191897,1340.8207055566822,12966.782885748578,Breakdown
1268,7,1,Morning,3736.137586643235,678.3315046336601,4414.469091276895,Setup
1269,1,8,Night,6586.963797867957,1221.53363156884,7808.497429436797,Breakdown
1270,6,7,Night,8766.405331533344,1122.5131244103152,9888.91845594366,Breakdown
1271,5,4,Morning,6858.093790288522,809.8121506273095,7667.905940915831,Breakdown
1272,8,18,Morning,7844.488619335899,1199.4768662010829,9043.96548553698,No Power
1273,9,15,Afternoon,2310.5682127080645,428.1457270484958,2738.71393975656,Setup
1274,7,6,Night,9465.521913314684,1072.3374432786309,10537.859356593315,Setup
1275,9,8,Afternoon,11317.704440245923,914.9779069861902,12232.682347232114,Setup
1276,1,19,Afternoon,13970.780271224112,1126.4635151636203,15097.243786387731,Maintenance
1277,9,8,Morning,6078.512900792832,1035.6478638408537,7114.160764633685,Breakdown
1278,3,3,Afternoon,4563.9412738247165,497.41427676869915,5061.3555505934155,Maintenance
1279,5,11,Morning,3734.366782866816,771.0844351446121,4505.451218011428,Setup
1280,6,13,Afternoon,11320.858174258596,1237.0268523003194,12557.885026558915,Breakdown
1281,3,4,Night,11355.144933495123,1636.9455436036856,12992.090477098809,Breakdown
1282,5,1,Night,5197.980469745579,748.0817691362406,5946.06223888182,Maintenance
1283,6,7,Morning,9529.215133416037,1420.3881213682505,10949.603254784288,Maintenance
1284,6,9,Morning,20821.84437902999,1671.2618580213211,22493.10623705131,Maintenance
1285,7,12,Morning,9171.111157684953,1258.563528283439,10429.674685968392,Breakdown
1286,10,11,Night,4019.158965095755,832.6344600571008,4851.793425152856,Maintenance
1287,8,1,Afternoon,16623.54411926987,1513.7913585451663,18137.33547781504,Breakdown
1288,1,11,Morning,16385.416066249167,1637.6278486541505,18023.04391490332,Breakdown
1289,8,11,Afternoon,3922.156234521605,712.0696191068974,4634.225853628503,Breakdown
1290,9,13,Night,6364.813251190492,610.2164648466647,6975.029716037157,Breakdown
1291,5,17,Night,5233.320138459925,1068.0204920502333,6301.340630510158,Breakdown
1292,4,9,Afternoon,13008.702184867418,797.8679543554538,13806.570139222871,Breakdown
1293,7,8,Morning,3926.947297425212,607.2107119291245,4534.158009354336,Maintenance
1294,5,7,Night,4620.752171740096,775.6704154624442,5396.42258720254,Setup
1295,9,12,Afternoon,3139.027543208473,318.200954509625,3457.228497718098,Maintenance
1296,5,15,Afternoon,11514.258014778137,1370.4630957598024,12884.72111053794,Setup
1297,4,7,Afternoon,6427.746450106485,1124.7028298598586,7552.449279966344,Breakdown
1298,4,11,Afternoon,6142.79662793569,589.3475323982802,6732.14416033397,Breakdown
1299,6,12,Night,8274.121939547003,764.4123849134098,9038.534324460414,Breakdown
1300,10,3,Night,9048.229151335847,995.6126676890066,10043.841819024854,Breakdown
1301,8,8,Night,10587.93864170413,1630.015131221884,12217.953772926014,Setup
1302,9,16,Morning,3220.4100152548526,649.3333893338448,3869.7434045886976,Breakdown
1303,2,11,Morning,15625.64310927058,1229.5402977066983,16855.183406977278,No Power
1304,8,7,Afternoon,4544.8588869380055,1057.2147969707821,5602.073683908788,Maintenance
1305,2,2,Afternoon,10406.550868489954,1295.3199148236656,11701.87078331362,Breakdown
1306,10,13,Night,10307.136076031691,1123.9141828970212,11431.050258928712,Maintenance
1307,5,6,Morning,8681.784084342613,883.8290900592157,9565.61317440183,Setup
1308,2,3,Afternoon,2697.425718652427,365.3563435435942,3062.782062196021,Breakdown
1309,10,20,Morning,3565.897882878049,718.1552198316814,4284.05310270973,Setup
1310,7,1,Night,5786.557941146018,1162.844170939603,6949.4021120856205,Maintenance
1311,1,9,Afternoon,10960.714781732555,1059.1182947457187,12019.833076478273,Setup
1312,4,16,Afternoon,13379.532531588195,1022.6079598797755,14402.14049146797,Setup
1313,2,4,Morning,10141.8830170813,1018.3103703910873,11160.193387472387,Maintenance
1314,10,6,Afternoon,4801.628632917655,699.7188321978342,5501.347465115488,Setup
1315,6,16,Afternoon,8813.547509436388,1022.9213053967658,9836.468814833153,Maintenance
1316,10,8,Afternoon,7251.2132933291805,1317.0882575550024,8568.301550884184,Setup
1317,10,9,Afternoon,9621.143288534631,1717.4784017791005,11338.621690313732,Setup
1318,4,6,Night,8123.615724839697,1007.0566742543873,9130.672399094085,Breakdown
1319,5,14,Night,2853.4563208169984,674.6310218713145,3528.0873426883127,Breakdown
1320,10,20,Night,10854.676656696558,1688.0309340310139,12542.707590727572,Breakdown
1321,10,4,Afternoon,9955.926188836102,1885.7309438282502,11841.657132664352,Setup
1322,8,18,Afternoon,10858.12069588643,1349.7358423639562,12207.856538250386,Breakdown
1323,1,7,Night,8455.016393704649,1413.8550101922444,9868.871403896894,Setup
1324,7,2,Afternoon,5611.870615268719,795.7314722475359,6407.602087516255,No Power
1325,8,16,Morning,8073.840259270064,1166.8706257884135,9240.710885058477,Setup
1326,1,11,Night,21079.344369691808,2096.2677741758685,23175.612143867675,Breakdown
1327,4,6,Morning,13042.648506875074,941.4667645942891,13984.115271469364,Breakdown
1328,1,11,Afternoon,7078.90031279072,1797.2528263735949,8876.153139164315,Maintenance
1329,4,19,Morning,2514.048494452316,483.8683275637975,2997.9168220161137,Breakdown
1330,5,9,Night,4384.473539789197,1235.9326463447999,5620.406186133997,Setup
1331,1,10,Afternoon,7000.705134784896,940.3095584750946,7941.01469325999,Breakdown
1332,7,13,Afternoon,7243.039074117475,948.4952476046203,8191.534321722095,Breakdown
1333,2,8,Night,9680.111971042521,1514.272364614193,11194.384335656714,Breakdown
1334,5,15,Morning,3742.6276883921187,640.6870203163825,4383.314708708501,Breakdown
1335,3,8,Morning,21644.623630755435,1441.1084084694976,23085.73203922493,Maintenance
1336,9,18,Afternoon,9138.735134668465,1091.9628114611648,10230.697946129629,No Power
1337,1,9,Night,7962.6310904067695,1278.673607788413,9241.304698195183,No Power
1338,2,19,Night,20362.288964901083,1402.322176398549,21764.611141299632,No Power
1339,4,11,Afternoon,2398.6481994578953,346.8990232322507,2745.547222690146,No Power
1340,10,12,Morning,6127.046653891353,790.3306428505047,6917.377296741858,Breakdown
1341,1,17,Morning,3612.0859245214606,633.7933263887388,4245.8792509101995,Breakdown
1342,1,18,Afternoon,9024.208792178164,1395.612257729876,10419.82104990804,Maintenance
1343,7,13,Afternoon,9747.301356889808,783.4946664690422,10530.79602335885,Maintenance
1344,6,15,Night,19038.456594500873,1859.9118900708934,20898.368484571765,Breakdown
1345,8,13,Morning,10130.463955483654,1451.276531599855,11581.740487083509,Breakdown
1346,1,13,Afternoon,4275.086999086183,589.8005391171957,4864.887538203378,Breakdown
1347,8,7,Morning,10725.993381589975,1200.1500058629185,11926.143387452894,Breakdown
1348,6,13,Morning,4977.799493343017,613.3619617362516,5591.161455079269,Breakdown
1349,8,8,Afternoon,9640.942439401697,1247.5726430756008,10888.515082477297,Breakdown
1350,5,15,Afternoon,9731.48657525589,1264.3980968070125,10995.884672062903,Breakdown
1351,7,3,Afternoon,7769.194805555907,963.9665342468513,8733.161339802758,Maintenance
1352,6,12,Afternoon,4930.2731159523155,1391.7327959420709,6322.005911894386,Maintenance
1353,8,2,Afternoon,10366.107782838504,1130.5202180527226,11496.628000891227,Maintenance
1354,10,1,Afternoon,12144.679596237851,1713.192269743161,13857.871865981011,Maintenance
1355,9,8,Morning,10309.283220260506,722.3815780166176,11031.664798277123,Breakdown
1356,3,7,Afternoon,3641.39557241126,695.618131124749,4337.013703536009,Maintenance
1357,9,9,Morning,6640.848216745442,889.4731227640135,7530.321339509455,Breakdown
1358,6,18,Afternoon,6905.113494868657,1305.5189530112964,8210.632447879952,Breakdown
1359,6,6,Morning,6284.827442084516,737.9842071686821,7022.811649253199,Maintenance
1360,4,10,Afternoon,11829.80366101757,1071.3812426018826,12901.184903619453,Breakdown
1361,8,13,Night,4296.614259760713,867.448422066567,5164.06268182728,Maintenance
1362,4,8,Night,3926.090916696109,590.9722878995163,4517.063204595625,Maintenance
1363,9,14,Morning,2831.522317086969,395.71439336065754,3227.2367104476266,Breakdown
1364,2,10,Morning,9478.708210079882,578.4916422941907,10057.199852374073,Maintenance
1365,1,6,Morning,10754.936876410902,1677.9169703247107,12432.853846735612,Setup
1366,10,7,Night,4304.069230404556,796.9550526558304,5101.024283060387,Breakdown
1367,6,2,Night,3040.2088560980355,509.80585827017023,3550.0147143682057,Maintenance
1368,10,20,Afternoon,8733.356401378196,1166.8355934521278,9900.191994830324,Maintenance
1369,10,8,Afternoon,2853.8430003783633,632.4544661915617,3486.297466569925,No Power
1370,7,20,Afternoon,12269.347579763744,1131.871070336398,13401.218650100142,Maintenance
1371,9,10,Afternoon,3917.126056127338,432.987830511478,4350.1138866388155,Breakdown
1372,6,3,Morning,4726.489724657298,1049.951939359147,5776.441664016445,Maintenance
1373,4,7,Afternoon,6460.117451782993,667.3061720438267,7127.4236238268195,Maintenance
1374,1,7,Afternoon,9529.422655252723,1677.684538221285,11207.107193474008,Maintenance
1375,2,9,Afternoon,3362.7725428390368,689.3708627526667,4052.1434055917034,No Power
1376,9,12,Afternoon,3072.597764475769,748.8825407592242,3821.4803052349935,Breakdown
1377,1,5,Night,2515.560726047676,619.1278646582634,3134.6885907059395,Maintenance
1378,6,13,Morning,5660.3663937817655,592.7084848777929,6253.074878659559,Breakdown
1379,5,16,Morning,11882.174723197099,1565.6057249065693,13447.780448103667,Breakdown
1380,3,14,Morning,7196.5653719916645,1290.2175336127543,8486.78290560442,Breakdown
1381,2,19,Afternoon,9158.151303012039,893.579051339882,10051.730354351921,Breakdown
1382,7,3,Morning,4717.602594831093,564.077021376638,5281.679616207731,Maintenance
1383,8,20,Afternoon,8361.266567016415,1695.7872619568845,10057.0538289733,Maintenance
1384,5,14,Afternoon,9793.425133704272,1292.6518825805258,11086.077016284797,Breakdown
1385,4,1,Afternoon,7387.996967648903,737.5471587718472,8125.54412642075,Maintenance
1386,7,13,Night,18136.06693545317,1411.4878220760586,19547.55475752923,Breakdown
1387,6,18,Night,3854.4720810867057,750.6670959394969,4605.139177026203,Breakdown
1388,4,18,Afternoon,9598.960899138274,1452.6282062830937,11051.589105421368,Breakdown
1389,6,4,Night,3844.7199748390726,590.4145826386643,4435.134557477737,Breakdown
1390,8,15,Morning,4584.738308571966,616.512143976389,5201.250452548355,Breakdown
1391,4,1,Morning,5718.547929366871,715.5229871728415,6434.070916539713,Setup
1392,2,1,Afternoon,10488.947044952505,1268.4745596043276,11757.421604556832,Breakdown
1393,1,6,Morning,4419.01501562104,831.6624142062244,5250.677429827265,Setup
1394,9,17,Night,11947.694210691852,999.8700822750426,12947.564292966896,Breakdown
1395,1,3,Morning,2966.9647842107674,577.8686599554087,3544.8334441661764,Setup
1396,3,1,Afternoon,12046.536907525211,1636.1511327702883,13682.6880402955,Breakdown
1397,9,1,Night,8108.774029790469,657.8548180826218,8766.628847873091,Breakdown
1398,4,16,Morning,10150.48903379441,927.2660331788808,11077.755066973292,Maintenance
1399,2,5,Afternoon,4291.8470104907465,393.80899376442966,4685.656004255176,Setup
1400,4,2,Morning,5745.774984753221,523.7773091766752,6269.552293929896,Breakdown
1401,3,13,Morning,6094.039143678741,821.7691098952721,6915.808253574013,Breakdown
1402,7,10,Afternoon,2033.9482009491142,415.36043297958844,2449.3086339287024,Breakdown
1403,9,15,Afternoon,6885.9470996453765,1092.3968927804633,7978.34399242584,Setup
1404,9,5,Night,7611.118776594598,1508.4012356681958,9119.520012262794,Breakdown
1405,9,9,Afternoon,12086.589478226924,1056.0162874880646,13142.605765714989,Maintenance
1406,4,14,Morning,5406.463798497363,647.7263200504616,6054.190118547825,Breakdown
1407,7,4,Afternoon,3500.119979619052,511.36088047267486,4011.480860091727,Maintenance
1408,2,17,Morning,7196.755537681958,671.5562374332839,7868.311775115242,Breakdown
1409,10,20,Morning,9804.805626758476,1110.2692135924528,10915.07484035093,Setup
1410,9,6,Afternoon,2732.3631565200453,613.605104303211,3345.968260823256,Breakdown
1411,5,2,Morning,16253.473580434102,1457.98276474654,17711.456345180643,Breakdown
1412,10,3,Afternoon,14870.334543150648,1920.8029962108583,16791.137539361505,Breakdown
1413,8,20,Night,6235.723162801714,1233.5040104863438,7469.227173288058,Setup
1414,10,17,Afternoon,12501.167090124767,1519.1371238430104,14020.304213967778,Breakdown
1415,4,16,Morning,5462.974161943163,481.04188730886926,5944.016049252033,Setup
1416,5,14,Morning,6898.219390004875,797.89698137749,7696.116371382365,Maintenance
1417,1,19,Morning,12045.460836300921,1395.045773091943,13440.506609392864,Setup
1418,6,6,Morning,12240.994945853872,1331.3339308093964,13572.328876663269,Setup
1419,1,13,Afternoon,5684.466588587282,1058.85854203222,6743.325130619502,Setup
1420,6,4,Morning,3430.326392980413,424.09134026851683,3854.41773324893,Breakdown
1421,8,8,Morning,3270.448754397321,478.7244459408383,3749.1732003381594,Setup
1422,6,17,Afternoon,3325.5346758921705,428.95311853309255,3754.487794425263,Setup
1423,10,9,Afternoon,4972.828208665467,610.0609237243051,5582.889132389772,Breakdown
1424,8,18,Night,4459.325433244039,1481.1444142609146,5940.469847504954,Breakdown
1425,2,14,Morning,15026.040257506651,771.749407226145,15797.789664732796,Breakdown
1426,10,3,Morning,5930.356166316744,1043.6488931428394,6974.005059459583,Breakdown
1427,6,12,Night,5242.589883820302,860.3698917824374,6102.95977560274,Breakdown
1428,7,7,Afternoon,11408.117416351639,1449.120185523392,12857.237601875031,Breakdown
1429,6,13,Night,8391.039228809303,1245.166122132584,9636.205350941887,Breakdown
1430,10,5,Afternoon,7065.855841305935,1027.6875450368625,8093.543386342798,Setup
1431,2,9,Morning,9654.263154549259,772.7060219906506,10426.96917653991,Setup
1432,5,9,Night,3814.2085911993404,852.4635182439989,4666.67210944334,Maintenance
1433,2,18,Afternoon,10066.060430376887,1277.2102666867033,11343.27069706359,Breakdown
1434,6,12,Morning,4388.7305966780805,664.9846080097074,5053.715204687788,Maintenance
1435,4,13,Night,4963.501810464009,741.3456827358085,5704.847493199818,Setup
1436,3,10,Afternoon,18319.5856147345,1431.3997207299415,19750.98533546444,Breakdown
1437,8,3,Afternoon,14164.377593969417,1473.01066459576,15637.388258565177,Breakdown
1438,6,5,Morning,5073.269928183663,771.9930241383172,5845.26295232198,Breakdown
1439,9,4,Night,3201.30628873351,534.9700645252146,3736.2763532587246,No Power
1440,3,17,Morning,6090.126023963668,865.0209742127055,6955.146998176373,Setup
1441,5,10,Afternoon,4393.079795657002,1083.9250141165187,5477.004809773521,No Power
1442,9,11,Afternoon,3723.3160415799584,750.8265734879284,4474.142615067887,Breakdown
1443,8,2,Night,4917.608996617392,1014.4161454642967,5932.025142081689,Breakdown
1444,1,1,Night,5029.519038534194,713.13680537357,5742.6558439077635,Breakdown
1445,5,20,Night,4873.858104748219,1227.9836120657153,6101.841716813935,No Power
1446,5,20,Morning,16696.271777702295,1723.8382049048764,18420.109982607173,Breakdown
1447,2,11,Morning,3923.5962687650717,661.1458439478691,4584.742112712941,Breakdown
1448,10,19,Morning,14227.004856985175,1813.947004475295,16040.95186146047,Setup
1449,1,3,Morning,6081.069943716226,952.1848225183103,7033.254766234536,Breakdown
1450,6,20,Night,4824.850555494834,638.563488576287,5463.414044071122,Maintenance
1451,4,8,Night,4736.233483948895,907.6609429372376,5643.894426886132,Setup
1452,5,19,Afternoon,5953.827733831278,925.6897954008052,6879.517529232084,Setup
1453,3,10,Night,11959.460732671667,1244.5029480655694,13203.963680737237,Breakdown
1454,10,17,Night,13085.497475582495,1729.787607186678,14815.285082769173,Setup
1455,7,3,Morning,7762.755044265027,951.6031268471861,8714.358171112213,Setup
1456,2,9,Afternoon,9583.742284921675,678.1890891311341,10261.931374052809,Maintenance
1457,2,15,Morning,6455.082462592158,793.421008817978,7248.503471410136,Maintenance
1458,5,5,Morning,7159.274082570691,871.6069165892869,8030.880999159977,Setup
1459,8,13,Night,8887.435985674672,1984.928548358637,10872.36453403331,Maintenance
1460,1,12,Afternoon,5789.885951833931,702.6693648732572,6492.5553167071885,Setup
1461,3,19,Afternoon,5074.803721864187,1116.375044058402,6191.178765922588,Maintenance
1462,1,13,Afternoon,4583.442011657354,746.2029090978086,5329.644920755162,Maintenance
1463,8,5,Afternoon,10809.394432975485,800.123235762068,11609.517668737553,Maintenance
1464,6,17,Morning,6828.059309422178,1022.9554988811805,7851.014808303358,Breakdown
1465,8,19,Night,11332.672948286876,1336.6659933264339,12669.33894161331,Setup
1466,10,6,Afternoon,11639.532098012347,1246.6935468750703,12886.225644887418,No Power
1467,4,4,Night,12417.975507771545,1065.981957111643,13483.957464883188,Breakdown
1468,7,16,Night,8084.075165385651,1429.5115565144356,9513.586721900087,Maintenance
1469,8,16,Afternoon,12188.780030833817,1609.468487541273,13798.24851837509,Maintenance
1470,3,11,Afternoon,12430.093005794668,1450.733298470127,13880.826304264796,Setup
1471,2,5,Morning,13006.356165788678,1268.188905017618,14274.545070806296,Breakdown
1472,8,12,Afternoon,5986.716731162699,1160.968697536052,7147.685428698751,No Power
1473,5,14,Afternoon,6600.758254979799,1106.3702479158574,7707.128502895656,Maintenance
1474,10,15,Morning,14773.297123222948,1422.6960402807817,16195.99316350373,Setup
1475,10,9,Afternoon,8181.037044814253,1150.36619386516,9331.403238679413,Setup
1476,3,9,Afternoon,4506.202703993584,887.2180417187403,5393.420745712324,Breakdown
1477,2,4,Morning,13384.75921701151,1119.1697731204144,14503.928990131924,Breakdown
1478,2,5,Afternoon,14396.782607866739,1017.731356002781,15414.51396386952,Breakdown
1479,8,2,Morning,11279.934238646614,1752.5034380213954,13032.437676668009,Breakdown
1480,5,10,Afternoon,12495.29596367841,1648.830279244984,14144.126242923394,Maintenance
1481,10,13,Morning,8937.073935725257,1288.5670363324177,10225.640972057674,Breakdown
1482,6,6,Morning,22316.3818326983,1537.0815000555344,23853.463332753832,No Power
1483,9,1,Night,1695.0652316971648,387.79575237758144,2082.8609840747463,Maintenance
1484,6,19,Morning,3205.491470512655,576.1455633686691,3781.637033881324,Setup
1485,3,18,Night,11775.133048601223,1191.7244346182083,12966.857483219432,No Power
1486,5,9,Afternoon,7618.334984015913,788.6697457182026,8407.004729734115,No Power
1487,3,5,Morning,2637.308786360693,511.3706627222809,3148.679449082974,Maintenance
1488,2,16,Night,6073.456005756829,1225.4909717836313,7298.94697754046,No Power
1489,5,1,Afternoon,7478.199162818132,1545.7480003840703,9023.947163202203,Breakdown
1490,2,9,Morning,5573.273948846376,733.7926678106834,6307.066616657059,No Power
1491,7,8,Night,4186.83701516202,833.4963884634462,5020.333403625466,Breakdown
1492,4,19,Morning,8629.657868863611,1002.434654442894,9632.092523306505,Breakdown
1493,5,18,Morning,9119.576962758925,990.1236951771631,10109.700657936088,Setup
1494,5,10,Morning,19107.305472233227,1534.3147724700775,20641.620244703307,Setup
1495,10,20,Afternoon,8381.461762450834,1186.165888122306,9567.62765057314,Breakdown
1496,2,6,Night,13435.660341816489,1465.9381256061336,14901.598467422622,Breakdown
1497,8,14,Night,5583.884027871435,813.607805154899,6397.4918330263345,Breakdown
1498,9,17,Morning,7664.588064857775,1016.7526480739482,8681.340712931724,No Power
1499,7,4,Night,6655.201572288415,955.595801861564,7610.797374149979,Breakdown
1500,6,1,Morning,7905.748412655899,809.8298806256753,8715.578293281575,Maintenance
1501,4,7,Morning,9924.795858615944,1312.013677137154,11236.809535753098,Breakdown
1502,6,5,Afternoon,11307.03118542803,1009.0035785669803,12316.03476399501,Breakdown
1503,4,5,Morning,11012.662067596337,1246.730837306592,12259.392904902928,No Power
1504,4,9,Afternoon,11702.75377460209,1301.4068852011928,13004.160659803283,No Power
1505,6,18,Afternoon,5590.749679661511,610.7908585140365,6201.540538175548,Maintenance
1506,2,9,Night,2964.6739755849558,436.7890639528738,3401.4630395378294,Breakdown
1507,9,7,Morning,12627.154650118755,888.333531023651,13515.488181142406,Breakdown
1508,9,9,Afternoon,6426.371603347425,927.7049583025264,7354.076561649951,Breakdown
1509,2,4,Morning,7585.652076476801,669.9865752423046,8255.638651719106,Breakdown
1510,10,10,Afternoon,4705.029855241991,773.4520997015485,5478.48195494354,Setup
1511,2,8,Morning,3343.4056322477195,646.7307320619549,3990.1363643096743,Maintenance
1512,9,13,Morning,3277.423816956005,706.5632411754868,3983.9870581314917,Setup
1513,8,6,Night,11520.133539395772,1851.6743750052672,13371.807914401039,Setup
1514,2,2,Night,3353.501887596969,424.7965427562097,3778.298430353179,Breakdown
1515,3,9,Night,4923.043896456596,1166.1323821504902,6089.176278607086,Breakdown
1516,3,3,Morning,4095.138433228778,362.78080699439136,4457.919240223169,Breakdown
1517,6,1,Morning,8988.714548100743,977.0338297393457,9965.74837784009,Setup
1518,6,15,Morning,6078.777330643345,777.7539358193918,6856.531266462736,Setup
1519,4,15,Afternoon,7045.402732453305,988.6126888818768,8034.0154213351825,Setup
1520,3,1,Night,3782.3142071465736,741.8093235412426,4524.123530687816,Setup
1521,10,18,Night,7832.368943155608,1545.355538825392,9377.724481981,Breakdown
1522,2,10,Afternoon,2613.7873751701136,413.4961053609963,3027.28348053111,Breakdown
1523,6,1,Afternoon,16890.04118312635,1432.4269511059586,18322.468134232306,Setup
1524,5,7,Night,10370.60619222663,1806.9358941235992,12177.54208635023,Setup
1525,7,4,Night,7677.475203219655,862.5923400386163,8540.06754325827,Setup
1526,8,3,Morning,7870.610323400445,1745.9949636147014,9616.605287015147,Setup
1527,1,6,Morning,8623.29053845863,1376.380157327368,9999.670695785999,Setup
1528,1,16,Night,6198.996966321425,1826.3121864561047,8025.30915277753,Breakdown
1529,2,17,Night,6546.110301446058,1181.91538230136,7728.025683747418,Breakdown
1530,5,6,Morning,9616.45390055752,1355.115738732535,10971.569639290055,Maintenance
1531,8,14,Afternoon,5766.392901091668,766.5203473632006,6532.913248454869,Maintenance
1532,4,19,Afternoon,2093.609700078056,440.81875623692247,2534.4284563149786,Maintenance
1533,9,7,Night,15419.012331764132,1447.844662138503,16866.856993902635,Setup
1534,5,9,Afternoon,3937.0155950973813,763.1027442744648,4700.118339371846,Breakdown
1535,6,20,Afternoon,7201.174195077386,909.3364783477844,8110.51067342517,No Power
1536,6,17,Morning,8569.396248095489,1253.1718329102384,9822.568081005727,Breakdown
1537,8,3,Morning,6902.069796812101,975.6087498617994,7877.6785466739,Breakdown
1538,2,19,Morning,3902.581179015144,630.2797502892889,4532.860929304433,Breakdown
1539,6,4,Night,8974.8622347617,1042.3375303712482,10017.199765132948,Maintenance
1540,8,2,Afternoon,4460.709102801474,998.4258434221042,5459.134946223578,Breakdown
1541,4,5,Afternoon,6998.980610213178,1121.1763922236057,8120.157002436784,Breakdown
1542,1,3,Night,3201.8946114714645,738.5992939675356,3940.493905439,Breakdown
1543,7,16,Afternoon,12110.66549547811,1098.5165219035148,13209.182017381625,Maintenance
1544,7,18,Morning,3663.6645918744025,515.306483820271,4178.971075694673,Setup
1545,6,2,Afternoon,6777.270294152453,830.7697145770618,7608.040008729515,Setup
1546,8,15,Afternoon,3379.0778487856314,684.8230067909604,4063.9008555765918,Maintenance
1547,6,9,Night,5384.647255615524,1220.032790349531,6604.680045965055,Setup
1548,8,5,Night,9521.812148790474,976.1363058466347,10497.948454637108,Breakdown
1549,2,6,Morning,19444.89788816884,1348.6471900984,20793.54507826724,Setup
1550,9,15,Afternoon,3400.136310250591,847.7060425095193,4247.842352760111,Maintenance
1551,6,1,Afternoon,4458.027409643131,575.9175107574537,5033.944920400585,Breakdown
1552,10,9,Night,6021.095553447531,686.8868903797098,6707.982443827241,Maintenance
1553,6,2,Afternoon,7038.177235065119,909.1489891753437,7947.326224240463,Maintenance
1554,3,7,Morning,3821.59830697308,944.4837716022687,4766.0820785753485,No Power
1555,3,18,Afternoon,6854.952467645123,1140.0314250913768,7994.9838927365,Breakdown
1556,4,9,Morning,8967.584319724378,1273.3002620005425,10240.88458172492,Setup
1557,2,9,Afternoon,12891.765864010027,1204.757737817422,14096.523601827448,Setup
1558,4,16,Afternoon,3358.183652309237,485.0680092504603,3843.2516615596974,Setup
1559,9,17,Morning,8591.57991965893,1378.2346386335253,9969.814558292455,Breakdown
1560,3,12,Morning,4690.348397714398,822.5936694384724,5512.942067152871,Maintenance
1561,4,7,Afternoon,11048.284898077265,1701.2476171365213,12749.532515213787,Breakdown
1562,10,1,Night,10588.805033586028,1952.9935849907586,12541.798618576786,Breakdown
1563,3,17,Morning,5202.464765198749,1227.6015084171613,6430.06627361591,Maintenance
1564,8,9,Morning,3115.629038978108,660.0332251963459,3775.662264174454,No Power
1565,1,14,Afternoon,9281.139967405177,1251.848355437269,10532.988322842446,Setup
1566,5,5,Night,6547.3291075616335,2080.2647355279714,8627.593843089606,Breakdown
1567,8,8,Afternoon,6043.478185451883,1361.2596177924408,7404.737803244324,Breakdown
1568,3,11,Morning,9451.12941117841,829.2619410103138,10280.391352188724,Setup
1569,2,2,Afternoon,11833.313617299993,815.5573772082246,12648.870994508217,Setup
1570,2,3,Night,20411.160102436945,1718.6807125625473,22129.840814999494,Breakdown
1571,5,2,Morning,11378.567111047696,1736.9477798279966,13115.514890875693,Maintenance
1572,5,6,Afternoon,7020.627644118553,1455.5330572759108,8476.160701394463,No Power
1573,10,17,Morning,4589.041057354364,810.0913764988726,5399.132433853237,Maintenance
1574,5,1,Night,6418.4897506574935,1159.3729287169745,7577.862679374468,Maintenance
1575,5,5,Morning,7379.077669078836,1163.6267487798127,8542.70441785865,Setup
1576,3,16,Afternoon,4885.8686574675485,845.2024930032882,5731.071150470837,Breakdown
1577,10,3,Afternoon,6145.929138344153,997.0487228911469,7142.9778612353,Breakdown
1578,7,15,Morning,15129.390556777702,1473.8150076487261,16603.20556442643,Breakdown
1579,3,15,Night,6410.067740197676,1556.5748628642045,7966.64260306188,Setup
1580,8,5,Afternoon,1943.8977317744611,541.4845408117101,2485.382272586171,Setup
1581,6,12,Morning,3357.8450033104336,485.67450263746736,3843.519505947901,Breakdown
1582,4,7,Afternoon,7087.189276533549,1012.7314913268917,8099.920767860441,Setup
1583,5,7,Morning,18016.774629935113,1645.559100838793,19662.333730773906,Breakdown
1584,8,1,Night,12563.060799995268,1500.3292021122006,14063.39000210747,No Power
1585,9,2,Night,4424.2032068393755,917.2837213392605,5341.486928178636,Setup
1586,7,8,Afternoon,5630.9263770726175,1018.2830082941377,6649.209385366756,Breakdown
1587,5,11,Night,6768.523485400804,1614.1853490605233,8382.708834461328,Maintenance
1588,1,10,Afternoon,10501.446860978933,1387.9190621741552,11889.365923153087,Breakdown
1589,4,18,Morning,8138.231014054785,1206.660988626902,9344.892002681687,No Power
1590,6,16,Morning,4583.308533310161,864.2636312252213,5447.572164535382,Setup
1591,9,8,Night,28380.125903150998,1373.5640952865685,29753.689998437567,Breakdown
1592,7,7,Night,4475.584815799705,1353.2099601615703,5828.794775961275,Breakdown
1593,8,5,Morning,7310.8196929732885,1279.3759536292116,8590.1956466025,Setup
1594,1,11,Night,3682.1120348934364,919.7477369198803,4601.859771813317,Breakdown
1595,1,10,Morning,7085.586759455927,1262.0356377316452,8347.622397187572,Maintenance
1596,4,16,Afternoon,16934.45585121904,1103.0949970084646,18037.550848227507,Breakdown
1597,6,15,Morning,6564.622967361374,1261.2588543809973,7825.881821742371,Setup
1598,5,17,Morning,6401.180588486744,1065.138498646288,7466.319087133033,Setup
1599,10,1,Night,24139.469877767875,2447.5214267797114,26586.991304547588,Breakdown
1600,5,14,Afternoon,6636.408032425902,1169.56346838685,7805.971500812752,Maintenance
1601,4,16,Morning,4741.8844124227635,466.5904737668711,5208.474886189635,No Power
1602,10,1,Afternoon,14289.426784850628,1382.613521193182,15672.04030604381,No Power
1603,3,3,Night,4053.3220774157035,752.0361521794138,4805.358229595117,Breakdown
1604,10,20,Night,12814.9818212219,2015.4268745115246,14830.408695733424,Setup
1605,2,14,Morning,4761.777406278292,588.5472941939252,5350.324700472217,Maintenance
1606,8,8,Morning,4577.4328908551815,602.7143927849509,5180.147283640133,Breakdown
1607,6,7,Night,5147.76723274225,966.765809501272,6114.533042243522,No Power
1608,8,17,Afternoon,5107.855472958313,671.8970102155913,5779.752483173905,No Power
1609,6,3,Afternoon,10686.996684019272,1263.1011318422575,11950.097815861529,No Power
1610,8,7,Afternoon,7841.5986465788565,1118.3532390782761,8959.951885657132,Setup
1611,9,18,Afternoon,7237.22816332462,968.6472709730294,8205.87543429765,Maintenance
1612,10,9,Morning,13054.755401082928,1415.9436662225928,14470.69906730552,Breakdown
1613,6,2,Afternoon,8051.41518742433,2022.0298110062088,10073.44499843054,Setup
1614,10,3,Afternoon,7715.9321505772,1683.6729240439186,9399.605074621119,Breakdown
1615,5,15,Morning,2737.086565960699,532.1329503167021,3269.219516277401,Breakdown
1616,6,18,Night,10238.913934532653,1448.2910711571703,11687.205005689822,Breakdown
1617,1,9,Afternoon,18953.20560601217,1879.0832945834957,20832.288900595664,Setup
1618,5,2,Afternoon,5390.689033246637,1009.5781271864636,6400.267160433101,Breakdown
1619,5,1,Afternoon,4852.1238989490685,1279.0815585869818,6131.205457536051,Breakdown
1620,1,10,Night,8867.416101558756,1004.6786007745843,9872.094702333341,Breakdown
1621,3,18,Morning,6157.606599278735,1060.0214455602536,7217.628044838989,Breakdown
1622,9,9,Morning,12127.373506497614,1070.1589474656298,13197.532453963244,Breakdown
1623,5,15,Night,12557.251599710382,1663.5036741595409,14220.755273869923,Maintenance
1624,2,13,Morning,11698.482517903883,1069.0460653429527,12767.528583246836,Setup
1625,6,19,Afternoon,8774.96966066452,1289.5107507377431,10064.480411402263,Breakdown
1626,3,5,Morning,9055.81886857038,977.9079666499451,10033.726835220326,Breakdown
1627,8,1,Morning,6220.255553557365,957.8861151841285,7178.141668741493,Breakdown
1628,7,4,Night,4929.023414773453,1069.9438480237714,5998.967262797224,Breakdown
1629,3,15,Afternoon,7795.394285861609,1726.861146362702,9522.25543222431,Breakdown
1630,7,5,Afternoon,3581.945095944633,472.8655474627109,4054.810643407344,Breakdown
1631,8,6,Afternoon,10873.03603728932,1441.610214178659,12314.646251467979,Setup
1632,9,16,Morning,6125.861909227614,439.39679881376776,6565.258708041381,Setup
1633,9,13,Night,10015.17546624151,1347.6870132229242,11362.862479464435,Breakdown
1634,8,20,Afternoon,2983.077346795948,634.0748040865859,3617.152150882534,Maintenance
1635,9,14,Morning,13013.64089971967,948.7238626337274,13962.364762353398,Breakdown
1636,2,10,Morning,7630.2070294342575,817.6335560975917,8447.840585531849,Breakdown
1637,2,13,Afternoon,7724.974032546856,841.5642997325608,8566.538332279417,Maintenance
1638,10,15,Afternoon,10560.62768289253,1806.7331486407927,12367.360831533322,Breakdown
1639,8,3,Night,7519.743508582567,1015.7776242142736,8535.52113279684,Setup
1640,7,20,Night,7947.286809530544,1823.5209224839693,9770.807732014513,Breakdown
1641,10,10,Morning,11495.515317678504,1763.702463585694,13259.217781264198,No Power
1642,10,5,Afternoon,4209.500859956901,760.9199901103361,4970.420850067238,Breakdown
1643,10,5,Night,12768.344822173996,1862.9816815047573,14631.326503678754,Maintenance
1644,6,2,Morning,12725.493396122845,1432.2975629908542,14157.7909591137,No Power
1645,5,12,Morning,3810.4512146195184,777.8043913335878,4588.255605953106,Maintenance
1646,4,14,Afternoon,4903.7895374044465,398.33487345379586,5302.124410858242,Breakdown
1647,1,2,Afternoon,7257.495238376723,1676.3599510150746,8933.855189391797,Maintenance
1648,6,14,Morning,9087.121560433403,1184.3040725802339,10271.425633013638,Setup
1649,6,13,Morning,2691.2497491083323,720.6722920507898,3411.9220411591223,Breakdown
1650,2,1,Morning,4489.908761736835,699.0020456697065,5188.910807406542,Breakdown
1651,6,12,Night,8420.483853615166,1494.6333577457785,9915.117211360945,Breakdown
1652,1,4,Morning,13841.238409578178,1699.7172005983034,15540.955610176481,Breakdown
1653,4,7,Morning,3313.9053764724695,661.1499660281528,3975.0553425006224,Maintenance
1654,4,2,Night,16935.340812385417,1984.4635273123547,18919.80433969777,Maintenance
1655,1,20,Afternoon,4606.593213920952,1041.9186398316504,5648.511853752602,Setup
1656,7,13,Afternoon,17490.314470841222,1592.0156114565452,19082.33008229777,Breakdown
1657,6,19,Afternoon,2971.4106993630503,530.0352505549895,3501.44594991804,Setup
1658,1,13,Night,6296.005401634982,1148.1765247187345,7444.181926353716,Setup
1659,5,16,Night,8002.347544927537,2192.539874068885,10194.887418996423,Setup
1660,2,10,Morning,5570.157583751107,593.6403302703912,6163.797914021498,Breakdown
1661,10,10,Afternoon,7098.415304602421,921.0245581831367,8019.439862785558,Breakdown
1662,6,10,Afternoon,19702.69377383552,1399.812486106692,21102.506259942213,Setup
1663,7,10,Afternoon,2598.9096506091337,425.094312872588,3024.0039634817217,No Power
1664,8,3,Morning,3992.8203245689497,1033.6259281262692,5026.446252695219,Breakdown
1665,8,18,Afternoon,10294.37384564211,1779.0512516340814,12073.425097276191,Maintenance
1666,5,2,Afternoon,11833.804927878024,1624.7079615565,13458.512889434523,Setup
1667,3,13,Morning,12361.833081459205,1032.9492817367181,13394.782363195922,Setup
1668,8,18,Afternoon,4965.847823103835,897.2991070883292,5863.146930192164,Setup
1669,8,15,Night,11433.91475108064,1874.4353906178426,13308.350141698482,No Power
1670,9,6,Night,3607.7584440227647,574.2918953583757,4182.0503393811405,Setup
1671,3,13,Afternoon,8112.432099995893,1577.7195111437454,9690.151611139638,Breakdown
1672,5,1,Morning,9518.559517661777,1184.9119050867814,10703.471422748558,Breakdown
1673,2,15,Morning,7474.625856649049,1161.6047104666052,8636.230567115654,Breakdown
1674,9,13,Afternoon,4712.611656038074,717.4144179146409,5430.026073952715,Setup
1675,1,20,Night,7579.290310452887,1835.707922746578,9414.998233199465,Setup
1676,6,10,Night,11322.232433535637,1324.3552700767439,12646.58770361238,Maintenance
1677,5,12,Afternoon,9555.956936799448,1227.0804634324686,10783.037400231917,Setup
1678,10,10,Morning,9566.060401148878,1475.2465562761056,11041.306957424984,No Power
1679,1,19,Morning,7121.322211227569,1648.1544066584393,8769.476617886008,No Power
1680,3,6,Afternoon,15807.30770837878,1470.7729552785986,17278.080663657376,Breakdown
1681,7,5,Afternoon,5258.491192845831,734.8025156048855,5993.293708450717,Breakdown
1682,9,5,Afternoon,3428.1158493907324,274.7712377465772,3702.8870871373097,Breakdown
1683,5,15,Afternoon,7452.425446118238,1587.9890231553973,9040.414469273635,Setup
1684,8,13,Afternoon,20105.614537437425,1396.522096360709,21502.136633798134,No Power
1685,2,19,Afternoon,9473.724875191636,1330.723011637783,10804.447886829419,Breakdown
1686,1,7,Morning,7746.212884311978,1537.1472562955064,9283.360140607485,Maintenance
1687,2,11,Morning,3285.6351877968664,614.3713078553319,3900.0064956521983,Setup
1688,4,12,Afternoon,4954.124968019568,747.8152276871089,5701.940195706677,No Power
1689,10,14,Night,5875.64845660316,1872.3633804800006,7748.011837083161,Breakdown
1690,7,12,Morning,10551.490911399125,834.4344206615623,11385.925332060688,No Power
1691,9,13,Night,15344.232246891454,1136.4256696715065,16480.65791656296,Breakdown
1692,4,11,Afternoon,9528.211833864478,826.0923223289132,10354.304156193391,Setup
1693,9,7,Night,6158.469684632288,611.3043087519262,6769.773993384214,Breakdown
1694,7,6,Morning,17261.10226075454,1214.416922629797,18475.519183384335,Setup
1695,7,10,Afternoon,13047.850130612029,1356.243184238944,14404.093314850972,Breakdown
1696,4,17,Night,3455.9276662803136,610.2646798324089,4066.1923461127226,No Power
1697,5,20,Afternoon,11225.537745170841,1395.1950391328194,12620.73278430366,Maintenance
1698,5,8,Night,11617.988385396002,2359.959367232327,13977.94775262833,Breakdown
1699,10,18,Morning,9020.689293649091,1037.0619746209484,10057.75126827004,Setup
1700,3,5,Morning,7768.7047837323935,1025.5898036253875,8794.294587357781,Setup
1701,4,20,Afternoon,13763.364502596865,872.9713811956291,14636.335883792495,Maintenance
1702,7,6,Night,12875.61712085216,1356.2351886858312,14231.85230953799,No Power
1703,7,5,Afternoon,11789.47088209949,1389.8171738163153,13179.288055915804,Breakdown
1704,7,14,Morning,8662.512575226365,1355.3886426516813,10017.901217878047,Breakdown
1705,10,15,Morning,8963.661417088955,1141.5399361112416,10105.201353200197,Setup
1706,9,16,Morning,16923.215978807126,1057.8093088710634,17981.02528767819,Setup
1707,2,20,Morning,8653.64248746287,574.8293934251544,9228.471880888024,Breakdown
1708,3,4,Morning,10181.252909451596,1276.674225840916,11457.927135292512,Breakdown
1709,1,16,Night,8460.955014549705,1233.1515764123096,9694.106590962016,Breakdown
1710,2,6,Morning,9330.218669868505,973.3776122419152,10303.59628211042,Maintenance
1711,2,11,Morning,9641.384241847609,874.6547475150196,10516.038989362629,Setup
1712,4,18,Night,7031.35427858754,909.6205183215432,7940.974796909083,Breakdown
1713,6,16,Morning,9143.832003844525,1370.6537840464716,10514.485787890997,No Power
1714,10,11,Night,8826.442388090056,1376.4126668721165,10202.855054962172,Setup
1715,9,16,Morning,5992.402077755009,630.269812688414,6622.671890443423,Breakdown
1716,4,17,Morning,2034.7814805106511,437.7746227038086,2472.5561032144597,Maintenance
1717,1,12,Night,4344.117256232453,1139.124407084353,5483.241663316806,Breakdown
1718,2,16,Morning,6897.482783346909,743.7778820317448,7641.260665378653,Setup
1719,7,20,Morning,3950.0163974948064,574.683221944334,4524.69961943914,Maintenance
1720,1,19,Afternoon,5998.515842762871,781.4079473624107,6779.923790125282,Breakdown
1721,2,6,Night,3268.6047821200464,685.6175325364557,3954.222314656502,Setup
1722,2,13,Afternoon,4752.802701061145,579.0526841080102,5331.855385169155,Maintenance
1723,5,2,Morning,4527.348843806041,792.2734020828104,5319.6222458888515,Setup
1724,8,17,Night,13842.587746233661,1712.8751795588098,15555.462925792472,Breakdown
1725,2,12,Morning,13791.757677571186,1614.0675297489177,15405.825207320104,Breakdown
1726,5,6,Morning,2900.5088728328783,579.889502350241,3480.3983751831192,Setup
1727,7,3,Morning,4641.284685116419,648.7247897665787,5290.009474882997,Maintenance
1728,5,17,Afternoon,3374.0468208498364,758.9105307582341,4132.957351608071,Setup
1729,9,19,Night,8690.739838260812,906.0342863272601,9596.774124588072,Maintenance
1730,5,14,Night,21452.423468832167,2110.2845166116067,23562.707985443772,Breakdown
1731,1,10,Morning,7039.9873437755505,1675.4017014725264,8715.389045248077,No Power
1732,8,7,Night,21030.891438431212,2086.871531763494,23117.762970194708,Setup
1733,4,1,Afternoon,6980.624757038313,1516.404519746739,8497.029276785051,Setup
1734,7,13,Night,9946.540820390308,1645.21671087865,11591.757531268959,Setup
1735,2,1,Morning,4809.6639333715575,409.2242348657146,5218.888168237272,Maintenance
1736,8,16,Afternoon,6808.495822692082,1082.934334894987,7891.430157587069,Setup
1737,3,2,Afternoon,16988.417172426434,1891.264249121822,18879.681421548255,No Power
1738,5,9,Morning,14722.379180913518,1210.3020378798194,15932.681218793337,Setup
1739,10,4,Afternoon,26528.528017614626,2026.3504974939692,28554.878515108594,Breakdown
1740,8,9,Afternoon,4532.927531291626,727.1662228291636,5260.0937541207895,Maintenance
1741,3,2,Night,15243.026170321404,1710.6493617401602,16953.675532061563,Breakdown
1742,7,3,Night,13043.766071291913,1304.7995259509983,14348.565597242912,Setup
1743,9,3,Night,12896.884701077402,1242.9152548532245,14139.799955930626,Breakdown
1744,4,16,Afternoon,4548.954536368957,558.492463588177,5107.446999957134,Breakdown
1745,4,1,Afternoon,1699.5849688389958,389.9747489195477,2089.5597177585437,No Power
1746,9,9,Morning,5839.086518713736,1217.207178446674,7056.29369716041,Breakdown
1747,1,5,Afternoon,7630.491800759308,1481.4509103367707,9111.942711096079,Setup
1748,4,1,Night,4992.136664233891,617.1420941508981,5609.2787583847885,Breakdown
1749,5,1,Morning,2701.048985253572,635.9636581149025,3337.0126433684745,Breakdown
1750,6,4,Morning,6415.108314884117,975.9038541682748,7391.012169052392,Breakdown
1751,7,2,Morning,21561.116297051136,1481.120040101414,23042.23633715255,Setup
1752,1,14,Afternoon,12405.915065321029,1543.8514913826184,13949.766556703647,Maintenance
1753,7,12,Night,12587.882445170613,1177.8082135774346,13765.690658748048,No Power
1754,3,5,Morning,16651.257397443303,1507.6519178031126,18158.909315246416,No Power
1755,2,14,Night,6780.639980507978,1188.0997623961846,7968.739742904163,Breakdown
1756,6,6,Afternoon,8228.348199420223,952.2477241395753,9180.595923559798,Breakdown
1757,9,17,Night,15302.24282434842,1170.7372891204282,16472.980113468846,Breakdown
1758,10,4,Morning,3789.4946850525516,639.3230690780471,4428.817754130599,Setup
1759,6,4,Morning,17940.162356872363,1519.5918010232303,19459.754157895593,Maintenance
1760,1,13,Night,16907.77682248922,1811.8729188741825,18719.649741363402,No Power
1761,8,2,Night,9716.91447082747,1072.3760261692505,10789.29049699672,Setup
1762,2,17,Afternoon,11624.232982537249,686.6295255637413,12310.86250810099,Breakdown
1763,4,6,Afternoon,5613.493730901848,1107.031862298178,6720.5255932000255,Maintenance
1764,6,10,Morning,22061.53351988992,1259.2419965935467,23320.775516483467,No Power
1765,5,6,Morning,17099.217250619116,1207.1087578111685,18306.326008430286,Setup
1766,7,19,Night,3807.2934721072543,642.1507059766054,4449.44417808386,Setup
1767,4,9,Afternoon,19380.610296040595,1282.5442236845875,20663.154519725183,Breakdown
1768,7,15,Afternoon,4474.663084744737,1049.7030921869257,5524.366176931662,Setup
1769,2,15,Morning,19155.932047235074,1214.0957229951737,20370.02777023025,Breakdown
1770,5,7,Morning,6725.465999261603,926.098692062917,7651.56469132452,Breakdown
1771,5,4,Morning,14168.534084776416,1075.964953987472,15244.499038763888,Breakdown
1772,4,18,Morning,10371.604658888993,774.2914181279391,11145.896077016932,Breakdown
1773,5,7,Night,6878.203889661148,1064.3910442044826,7942.594933865631,No Power
1774,10,6,Afternoon,13446.886898594883,1793.3655136686461,15240.25241226353,No Power
1775,6,18,Night,7823.646568704263,1210.7184334311023,9034.365002135364,Setup
1776,2,18,Night,8320.179685191371,900.8018515228487,9220.98153671422,Maintenance
1777,3,17,Afternoon,11004.761677541668,1803.1684537402405,12807.930131281908,Breakdown
1778,3,3,Morning,17279.76738902849,1067.550799460012,18347.3181884885,Setup
1779,3,7,Morning,7268.912349208878,738.8839331832207,8007.796282392099,Setup
1780,8,5,Night,3978.768289760882,720.8534901840866,4699.621779944969,Setup
1781,2,12,Morning,2921.427226018987,530.5338430841736,3451.9610691031603,Breakdown
1782,10,6,Afternoon,3200.6539682200287,672.6092389628392,3873.263207182868,Maintenance
1783,7,5,Night,10139.850150521359,844.1074959137453,10983.957646435105,Maintenance
1784,1,4,Afternoon,7845.695866684928,1135.1983232877903,8980.894189972718,Setup
1785,6,2,Afternoon,6146.5799951073395,963.6874401773267,7110.267435284666,Breakdown
1786,2,11,Morning,8246.114680886325,850.8730374528677,9096.987718339193,Setup
1787,1,18,Afternoon,12973.072516925442,1787.9581536401743,14761.030670565617,Setup
1788,7,4,Morning,9565.933350974765,1268.28862595828,10834.221976933044,Breakdown
1789,7,2,Morning,19169.13665978019,1520.2497799275338,20689.386439707723,Maintenance
1790,3,16,Morning,4480.315038528589,860.3836363368055,5340.698674865394,No Power
1791,10,17,Morning,6429.751801226637,973.6340976996997,7403.385898926337,Maintenance
1792,6,4,Night,3812.42638458468,827.4135783475637,4639.839962932244,Breakdown
1793,4,9,Morning,4889.7939156066805,636.9785116791597,5526.77242728584,Maintenance
1794,4,8,Afternoon,11125.401106256657,952.5816722873784,12077.982778544036,Maintenance
1795,9,6,Night,15275.322464374089,1259.4789054152327,16534.801369789322,Maintenance
1796,3,14,Morning,12732.532516342715,1221.1437115514516,13953.676227894166,Breakdown
1797,5,9,Afternoon,23454.66086656022,1980.9689572504751,25435.629823810697,Maintenance
1798,5,1,Morning,5128.105532260003,1297.6527824991401,6425.758314759143,Maintenance
1799,2,1,Night,6439.832156878511,1186.0085232927217,7625.8406801712335,Setup
1800,7,10,Afternoon,7037.813742426788,1602.37246262531,8640.186205052098,Breakdown
1801,4,4,Afternoon,13791.433838206414,1171.1241876386903,14962.558025845105,Breakdown
1802,1,9,Morning,7865.118216878509,677.846637594575,8542.964854473084,Breakdown
1803,8,19,Afternoon,5135.170555458562,653.8346629263172,5789.005218384879,Maintenance
1804,6,5,Night,10183.346807972619,1824.861092919172,12008.207900891792,Breakdown
1805,1,7,Afternoon,14738.2745351852,1891.6801261638107,16629.954661349013,Setup
1806,8,12,Morning,10012.604420728048,1619.6382780321521,11632.242698760201,Setup
1807,7,11,Morning,7228.740856450718,821.6296470275895,8050.370503478307,Maintenance
1808,4,11,Afternoon,9151.253088722118,996.6605481336048,10147.913636855723,No Power
1809,5,7,Night,6663.5328381603185,1326.3255267966676,7989.858364956986,Breakdown
1810,5,3,Morning,10417.034548021527,1226.9719400833258,11644.006488104853,Setup
1811,10,15,Morning,9991.01363041286,1046.4074606843863,11037.421091097245,No Power
1812,7,11,Morning,6344.110864690168,889.1307407151709,7233.241605405338,Breakdown
1813,9,16,Night,5448.52967334537,640.9238277102972,6089.4535010556665,Setup
1814,7,4,Night,3894.3509783694326,813.6516029434734,4708.002581312906,Maintenance
1815,5,15,Afternoon,15573.268380923908,1771.3204243130483,17344.588805236956,Breakdown
1816,4,14,Night,4942.62180556104,901.7902008560408,5844.41200641708,Maintenance
1817,5,1,Night,6995.322759366739,1111.0454253386513,8106.36818470539,Setup
1818,10,9,Morning,3363.319762270704,820.1080135416137,4183.427775812317,Breakdown
1819,6,14,Night,6985.479229180578,1088.9154247895863,8074.394653970165,Breakdown
1820,1,20,Morning,9866.406236708783,1484.1433516051598,11350.549588313943,Breakdown
1821,6,18,Morning,7701.255736974875,878.6305015103804,8579.886238485255,No Power
1822,9,4,Night,2817.362018219792,485.2111030762199,3302.573121296012,Breakdown
1823,10,14,Morning,8916.557128299863,1727.6217988000749,10644.178927099938,Maintenance
1824,1,1,Afternoon,13098.121520301647,1843.2297511970676,14941.351271498716,Maintenance
1825,3,3,Night,12689.474594446081,972.0791408979999,13661.553735344081,Maintenance
1826,10,10,Morning,5934.878792732114,985.1756099060582,6920.054402638172,No Power
1827,1,1,Morning,15378.127481593094,1127.1034090510466,16505.23089064414,Breakdown
1828,5,18,Afternoon,6545.648651859628,1180.0037682297823,7725.652420089411,Breakdown
1829,4,19,Afternoon,12211.810870127196,975.380334675288,13187.191204802484,No Power
1830,8,17,Afternoon,9418.12747558482,940.1734046233727,10358.300880208193,Breakdown
1831,6,11,Afternoon,12653.071738884293,1614.5772231040264,14267.64896198832,No Power
1832,8,8,Morning,8930.353146653993,1322.2932851095893,10252.646431763584,Breakdown
1833,1,18,Afternoon,8080.107652031691,1712.619632122227,9792.727284153918,Breakdown
1834,9,16,Morning,4138.491771999193,722.9415232785319,4861.433295277725,Breakdown
1835,3,1,Night,10973.962614745195,1254.7551810552357,12228.71779580043,Maintenance
1836,8,17,Afternoon,7670.278590338337,979.4858615511971,8649.764451889534,Maintenance
1837,9,8,Morning,5870.63389293754,692.4407097345131,6563.074602672053,Maintenance
1838,2,2,Afternoon,6220.988758643158,564.7590644776282,6785.747823120786,Maintenance
1839,10,7,Afternoon,5331.750949964817,1053.0354712925716,6384.786421257389,Breakdown
1840,4,3,Morning,5010.698951039002,713.8830966954348,5724.582047734437,Breakdown
1841,8,14,Night,3432.230601443691,707.4520728839368,4139.682674327628,Breakdown
1842,8,12,Morning,9364.149458696815,1040.2685904900145,10404.418049186828,Setup
1843,6,20,Afternoon,3372.080157398399,1025.894595517528,4397.974752915927,Setup
1844,8,15,Night,3792.379464199533,641.4072677211446,4433.786731920677,Breakdown
1845,6,18,Morning,4966.684185912726,434.3471721212562,5401.0313580339825,Maintenance
1846,5,3,Afternoon,9753.315619720739,1474.7870236847243,11228.102643405464,Setup
1847,6,13,Night,11338.931967762785,1563.09811110857,12902.030078871354,Breakdown
1848,7,19,Afternoon,17159.203389885024,1419.0321865863182,18578.235576471343,Setup
1849,10,3,Afternoon,12359.632389115783,1657.8377213032998,14017.470110419083,Breakdown
1850,7,8,Afternoon,11934.623360051624,941.5255993135527,12876.148959365177,Setup
1851,9,19,Morning,17769.31861636943,1043.7016791296783,18813.020295499107,Setup
1852,10,9,Afternoon,12867.777152192331,1390.4098496569652,14258.187001849297,No Power
1853,6,5,Afternoon,3339.9510818250787,649.742174495967,3989.6932563210457,Breakdown
1854,4,11,Morning,5544.842268087803,964.8476547343872,6509.68992282219,Setup
1855,4,13,Morning,6247.557008784638,876.5390001018111,7124.096008886449,Maintenance
1856,1,13,Morning,3684.997864500475,670.9455457612764,4355.9434102617515,Maintenance
1857,7,17,Morning,3015.979046406964,442.0463166679826,3458.025363074946,Setup
1858,10,19,Afternoon,8939.647200526075,1047.52075235611,9987.167952882184,Breakdown
1859,3,1,Afternoon,3817.3905499292227,637.2118247763315,4454.602374705554,Maintenance
1860,7,17,Afternoon,8237.7403056778,1955.7590084197534,10193.499314097553,Maintenance
1861,7,12,Afternoon,15775.482064374888,1068.6720014632003,16844.154065838087,Setup
1862,3,4,Night,9063.905569378705,1197.8049524782778,10261.710521856983,No Power
1863,1,8,Night,12174.72507656702,1840.4342848798299,14015.15936144685,Setup
1864,2,9,Morning,2312.29098201664,428.86975013155984,2741.1607321481997,Breakdown
1865,10,14,Afternoon,16182.631874683659,1421.0651884054912,17603.69706308915,Breakdown
1866,3,19,Afternoon,19820.624986594765,1452.7103663008402,21273.335352895607,Breakdown
1867,4,8,Morning,8010.045361816915,928.6495223770352,8938.69488419395,Breakdown
1868,8,5,Afternoon,11930.183104060334,1821.366941395386,13751.55004545572,Breakdown
1869,5,6,Afternoon,4650.925858727156,826.4792731107345,5477.405131837891,Breakdown
1870,2,16,Night,4085.2889105875392,676.2944584249178,4761.583369012457,Breakdown
1871,1,10,Night,10781.811748445347,1226.195512524657,12008.007260970004,Breakdown
1872,10,14,Night,9782.2259766572,1933.876872784365,11716.102849441566,Maintenance
1873,2,16,Night,5335.773873705699,847.1985074539473,6182.972381159646,Breakdown
1874,1,17,Afternoon,3011.16276542118,683.3660436212581,3694.5288090424383,No Power
1875,5,1,Morning,19000.332674345016,1611.1362114119008,20611.468885756916,Breakdown
1876,1,10,Afternoon,7751.241132025684,1655.7344564735884,9406.975588499272,Maintenance
1877,10,20,Afternoon,13421.025823827802,1971.3029824502744,15392.328806278076,Breakdown
1878,6,3,Morning,5742.256855761809,987.6291163433897,6729.885972105199,Breakdown
1879,4,16,Morning,2149.943492946444,302.72601257027327,2452.6695055167174,Breakdown
1880,7,6,Afternoon,11181.94965314484,1056.468701031091,12238.418354175932,Maintenance
1881,9,12,Morning,7139.840565057829,943.2379427692338,8083.078507827063,Breakdown
1882,1,9,Night,7200.062211499905,1127.3123380880918,8327.374549587998,Setup
1883,3,9,Morning,5709.883578456502,1062.3811965028535,6772.264774959355,Setup
1884,6,11,Morning,9839.524272045075,929.6176458474772,10769.141917892552,Breakdown
1885,2,9,Morning,17071.202598618594,1224.0433101640826,18295.245908782676,Setup
1886,1,17,Morning,2992.726165116303,376.1944857952432,3368.920650911546,Breakdown
1887,3,6,Afternoon,5909.646162303336,696.7673634854052,6606.413525788741,Breakdown
1888,2,4,Morning,5810.100551704941,730.4441615199001,6540.544713224841,Breakdown
1889,1,12,Afternoon,2318.2025694953127,616.2232339622656,2934.4258034575782,Setup
1890,7,1,Afternoon,10331.624998743911,1355.1618263830546,11686.786825126967,Setup
1891,10,18,Morning,10275.147552328432,1468.7255364221332,11743.873088750564,Breakdown
1892,4,9,Night,3205.2518342484127,470.23360881370695,3675.48544306212,Breakdown
1893,4,14,Morning,15440.751451078073,1264.061780236189,16704.813231314263,Breakdown
1894,3,5,Morning,2938.6559333180016,556.3910977769508,3495.047031094952,Maintenance
1895,5,2,Morning,6412.585963879506,597.0650363355755,7009.651000215082,Breakdown
1896,2,4,Night,6879.049305317916,552.228839530149,7431.2781448480655,Breakdown
1897,10,18,Morning,5383.480867607303,716.467022975565,6099.947890582867,Maintenance
1898,9,2,Night,2226.7771097159534,376.8112441373237,2603.588353853277,Setup
1899,5,6,Night,9106.642514350362,1100.8619629951181,10207.50447734548,No Power
1900,7,16,Morning,14467.933167439964,960.3954421171744,15428.328609557138,Breakdown
1901,8,12,Afternoon,10409.56072801548,1616.4000340894006,12025.96076210488,Breakdown
1902,7,1,Afternoon,9079.56012112816,1447.284702142209,10526.844823270369,Breakdown
1903,1,8,Morning,18598.923050788922,1768.9968551975783,20367.919905986502,Breakdown
1904,2,20,Night,3227.423691250855,355.66040990246046,3583.0841011533153,Maintenance
1905,5,14,Morning,8880.508466021342,1471.894423305594,10352.402889326935,Maintenance
1906,6,20,Afternoon,10081.834216719115,742.1293426448227,10823.963559363938,Maintenance
1907,6,13,Morning,6791.265437228688,665.1613304321309,7456.426767660819,Setup
1908,5,11,Morning,6203.985732693331,955.5743624762391,7159.56009516957,Breakdown
1909,9,3,Afternoon,4029.4144965775904,434.8279993144152,4464.2424958920055,Setup
1910,4,19,Morning,13355.124323047807,1061.1148273558222,14416.23915040363,Maintenance
1911,3,12,Morning,10916.247736107256,1471.442169615549,12387.689905722806,No Power
1912,7,16,Afternoon,9069.920405134499,1435.8208161911014,10505.7412213256,Breakdown
1913,4,5,Morning,5289.343335256916,620.2121021169523,5909.555437373869,Setup
1914,1,6,Morning,11055.220345670046,1848.5356963898469,12903.756042059893,Maintenance
1915,8,16,Afternoon,9922.969099352149,1089.53887845296,11012.50797780511,Breakdown
1916,8,1,Morning,14008.709375625232,1510.581635659033,15519.291011284266,Breakdown
1917,3,14,Morning,5618.38613271004,1080.4465483875529,6698.832681097593,Breakdown
1918,8,8,Morning,15488.686747413156,1309.8756243656512,16798.562371778808,Breakdown
1919,2,6,Night,5231.765088866578,1122.1755319087376,6353.940620775315,Breakdown
1920,7,7,Night,12631.48829626433,1642.1086202053525,14273.596916469682,Breakdown
1921,10,3,Morning,5263.728168006589,716.0498288975498,5979.7779969041385,Breakdown
1922,8,2,Afternoon,5626.583946792224,990.0902119624685,6616.674158754693,Breakdown
1923,4,3,Morning,9683.023352551138,1186.2173995815342,10869.240752132671,Setup
1924,5,10,Night,11825.64633473246,1655.578575365696,13481.224910098157,No Power
1925,2,6,Afternoon,2960.7681242262274,583.4344555134293,3544.202579739657,Breakdown
1926,4,5,Morning,3682.077615191375,590.9765350408592,4273.054150232234,Maintenance
1927,7,6,Afternoon,10934.314804852946,1373.7991502176376,12308.113955070583,Maintenance
1928,7,16,Morning,5401.46346205154,842.4495904788264,6243.913052530366,No Power
1929,5,6,Afternoon,3274.7864838961377,556.55138445032,3831.337868346458,Setup
1930,10,20,Afternoon,3408.881952140029,1017.4335296329714,4426.315481773001,Breakdown
1931,3,14,Morning,10319.867877472825,1185.0167726290213,11504.884650101847,Breakdown
1932,1,15,Afternoon,5967.513837358971,1335.5971337513506,7303.110971110322,Setup
1933,10,9,Night,7231.190584663084,1550.4996422518827,8781.690226914967,Maintenance
1934,2,7,Afternoon,7159.50253673269,930.4598209499298,8089.96235768262,Setup
1935,8,7,Morning,22698.910805337455,1739.057745772209,24437.968551109665,Breakdown
1936,8,5,Afternoon,5407.7241076931505,837.343982456493,6245.0680901496435,Breakdown
1937,3,10,Afternoon,6572.452120484074,857.1198689356731,7429.571989419747,Setup
1938,2,14,Morning,5521.221165243077,486.22969726153303,6007.45086250461,Breakdown
1939,4,3,Afternoon,3607.2556634854177,516.2554439216652,4123.511107407083,Breakdown
1940,10,11,Morning,7636.003064510989,1499.6078240996794,9135.610888610669,Breakdown
1941,4,6,Night,8083.554298829995,1061.9724416999106,9145.526740529906,Breakdown
1942,1,1,Afternoon,3558.025499914452,716.6658216597135,4274.691321574166,Setup
1943,4,19,Morning,9753.2360229277,801.8831370750601,10555.11916000276,Maintenance
1944,9,10,Morning,6240.40762620846,1004.2474132734843,7244.655039481944,Breakdown
1945,9,6,Morning,4966.029162602733,893.6853265352003,5859.714489137933,Breakdown
1946,4,4,Night,2618.157579242283,473.32073602211136,3091.4783152643945,Breakdown
1947,4,11,Morning,5390.088166462356,763.4911440154066,6153.579310477762,Setup
1948,4,4,Morning,10385.014013676495,1270.1938308033957,11655.20784447989,Setup
1949,5,11,Morning,5129.91845653062,790.6568353938987,5920.575291924519,Breakdown
1950,5,17,Morning,8594.007151505479,1706.339903695438,10300.347055200917,Breakdown
1951,10,2,Morning,16149.337569592393,1385.6538255103642,17534.991395102756,Setup
1952,2,2,Afternoon,3605.05463457819,746.3453910318974,4351.400025610087,Setup
1953,5,3,Morning,8949.441897720342,1472.6489375158167,10422.090835236158,Breakdown
1954,7,9,Morning,4051.2120004448243,883.0584452457313,4934.270445690556,No Power
1955,6,10,Morning,11981.202082372834,1437.292807209076,13418.49488958191,Setup
1956,8,16,Morning,7824.140303286623,897.2552413287391,8721.395544615361,Setup
1957,5,11,Morning,9106.836491367903,1302.524600029221,10409.361091397124,Setup
1958,1,7,Afternoon,6618.612874484292,741.102202683102,7359.715077167393,Breakdown
1959,7,8,Afternoon,5920.795034146952,905.5087134232015,6826.303747570154,Maintenance
1960,2,19,Night,2901.99113807828,580.8028879631623,3482.7940260414425,Setup
1961,9,14,Night,2889.9661015361908,241.74564445408274,3131.7117459902734,Maintenance
1962,8,17,Afternoon,14104.991400163359,1433.2566265930611,15538.24802675642,Breakdown
1963,10,3,Afternoon,10235.078734083267,1844.7511107990051,12079.829844882272,Maintenance
1964,6,18,Afternoon,13065.484366316367,1394.550297945469,14460.034664261835,Setup
1965,7,10,Afternoon,7831.247458474653,1015.044268407723,8846.291726882377,Setup
1966,1,6,Morning,6111.763004392067,1638.269574997141,7750.032579389208,Breakdown
1967,2,20,Night,7670.004243695032,809.2619259700713,8479.266169665103,Breakdown
1968,6,14,Night,5343.780844847359,1287.9437004189933,6631.724545266352,Setup
1969,8,8,Night,10841.089052438014,1937.5746854587928,12778.663737896806,Maintenance
1970,7,6,Afternoon,9308.985318463392,1657.9044712082803,10966.889789671672,Breakdown
1971,8,10,Morning,20510.744583954696,1567.893081247237,22078.63766520193,Maintenance
1972,8,12,Afternoon,12503.185379755765,1579.308552664462,14082.493932420228,Setup
1973,9,13,Morning,5166.851529215362,938.4375599589793,6105.289089174341,Breakdown
1974,6,13,Afternoon,3046.851770831492,487.1461604711166,3533.997931302609,Breakdown
1975,6,4,Afternoon,6589.977258828923,1434.156528564271,8024.133787393194,Maintenance
1976,9,19,Afternoon,20599.185471568017,1111.4130612494039,21710.59853281742,Breakdown
1977,5,20,Morning,7329.423982744358,759.2217554092897,8088.6457381536475,Setup
1978,1,4,Morning,11535.72965789019,1280.8900750094342,12816.619732899624,Breakdown
1979,5,19,Morning,8229.358060718867,1850.7394504529423,10080.097511171809,Setup
1980,7,9,Morning,8430.69497704773,852.9044964485719,9283.5994734963,Breakdown
1981,4,7,Afternoon,10327.147737969797,856.3823405585744,11183.53007852837,Setup
1982,1,2,Night,6471.7633606214495,1389.1972270310803,7860.960587652529,Breakdown
1983,6,4,Morning,16627.002010188768,1639.468601075251,18266.47061126402,Setup
1984,5,9,Morning,4593.603076462039,955.3154737926193,5548.918550254659,Maintenance
1985,7,9,Morning,11707.206316608928,1380.5190966045577,13087.725413213486,Setup
1986,7,14,Night,3820.431400958731,971.9385710586643,4792.369972017395,Breakdown
1987,10,16,Night,10864.102208443823,1187.6465655884158,12051.74877403224,Setup
1988,3,8,Morning,8744.306762218834,1195.734669169657,9940.04143138849,Setup
1989,5,16,Morning,7643.276650294071,1563.5831700286153,9206.859820322687,Setup
1990,10,17,Afternoon,11548.45830464996,1956.691322477684,13505.149627127643,Breakdown
1991,1,11,Morning,6957.612906593465,1433.327369727103,8390.940276320567,Breakdown
1992,4,13,Afternoon,4446.070643303421,932.9964695646247,5379.067112868046,No Power
1993,3,15,Morning,13627.647178764713,1017.2630709904128,14644.910249755127,Setup
1994,5,13,Night,9424.93646054147,1756.7778705480516,11181.714331089523,Breakdown
1995,6,10,Afternoon,2581.7843085789546,327.842058381841,2909.6263669607956,Breakdown
1996,10,20,Night,6162.856522623581,1300.888502009799,7463.74502463338,Breakdown
1997,8,7,Afternoon,6130.000246525409,845.9167507836308,6975.91699730904,Breakdown
1998,4,14,Morning,9898.280104388827,715.3997673895213,10613.679871778348,Maintenance
1999,6,6,Night,6443.734706573229,816.3782450408947,7260.112951614124,No Power
2000,2,6,Morning,5026.451395570603,715.2160553047324,5741.667450875336,No Power
2001,9,8,Morning,4280.919771995263,504.07539066421907,4784.995162659482,Maintenance
2002,10,7,Afternoon,12697.27127436024,2029.8927294320654,14727.164003792306,Maintenance
2003,8,16,Afternoon,6979.531304284568,1363.333729034893,8342.865033319462,Setup
2004,8,8,Night,4085.0980395621837,1087.395055262427,5172.493094824611,Maintenance
2005,3,11,Afternoon,6407.834028400231,1557.4579389463179,7965.2919673465485,Breakdown
2006,10,10,Afternoon,11076.148095983677,1284.4320100076109,12360.580105991288,Setup
2007,7,3,Afternoon,3927.9532935843613,724.9056901542964,4652.858983738658,Setup
2008,2,19,Afternoon,10516.290381278308,1215.5761577639644,11731.866539042272,Setup
2009,5,1,Night,14623.966776263054,1413.7627718318342,16037.729548094889,No Power
2010,1,14,Night,6573.443021994259,737.7894442483074,7311.232466242566,Breakdown
2011,1,20,Night,8538.673828203118,1849.648429503852,10388.32225770697,Setup
2012,10,6,Night,2925.724655212465,806.9856639864042,3732.7103191988695,Breakdown
2013,10,5,Night,14058.315191344234,1675.6312663317458,15733.94645767598,Breakdown
2014,2,8,Night,5726.353751810856,1119.3763672951732,6845.730119106029,Maintenance
2015,6,20,Afternoon,6234.613013244188,1246.4532968611018,7481.06631010529,Setup
2016,6,4,Morning,5187.19736615522,626.6949330247935,5813.892299180014,Breakdown
2017,2,17,Afternoon,5502.383344257694,832.0945992728957,6334.47794353059,Maintenance
2018,8,20,Morning,2745.1235293742475,633.314935035418,3378.4384644096654,Setup
2019,8,17,Afternoon,4895.348283956841,794.3888900781287,5689.73717403497,No Power
2020,5,2,Morning,17197.74331894109,1527.250554133738,18724.99387307483,Maintenance
2021,1,10,Afternoon,6752.2078092672,768.8608445125953,7521.068653779796,Maintenance
2022,8,16,Morning,9380.850389634765,1452.6153300772337,10833.465719711998,Breakdown
2023,4,9,Morning,9857.248640046366,863.2555371869321,10720.504177233299,No Power
2024,2,20,Night,8769.19947650067,704.8276694260993,9474.027145926768,Setup
2025,6,9,Morning,17002.079572514227,1554.1288963303705,18556.208468844598,Setup
2026,8,5,Afternoon,15658.033379369284,949.8263329477082,16607.859712316993,Setup
2027,2,6,Morning,18700.196945141284,1330.200386972033,20030.397332113316,Setup
2028,1,10,Afternoon,11393.24263593145,1825.2344784894426,13218.477114420893,Breakdown
2029,9,17,Afternoon,3119.6098979845087,268.42353967635876,3388.0334376608675,Breakdown
2030,4,19,Morning,19497.31290140654,1289.5069563247282,20786.81985773127,Maintenance
2031,10,8,Afternoon,4860.669273932887,1082.324609604072,5942.993883536959,Setup
2032,4,19,Night,6553.175068355369,1363.3893084648626,7916.564376820232,Maintenance
2033,6,8,Morning,5483.728935423651,814.6024592501971,6298.331394673848,Setup
2034,8,6,Night,8113.26756849708,1126.9800710595716,9240.247639556652,Breakdown
2035,3,15,Afternoon,17173.178013386998,1458.2492680942996,18631.427281481298,Maintenance
2036,8,9,Night,3786.3900695118136,710.5148559620634,4496.904925473877,Setup
2037,9,16,Morning,4415.899326182684,587.9563597988833,5003.855685981567,Setup
2038,4,6,Night,9302.342773919763,1096.4511560122182,10398.79392993198,Breakdown
2039,9,6,Morning,5039.374597847416,909.841380851754,5949.215978699171,Setup
2040,7,14,Morning,2225.845069230486,291.86872595674566,2517.7137951872314,Breakdown
2041,2,3,Afternoon,2030.3741395701277,495.8601587222016,2526.234298292329,Breakdown
2042,9,2,Afternoon,4293.945618569087,471.67559964322476,4765.621218212312,Setup
2043,9,15,Afternoon,7563.424537346465,633.0285854776636,8196.453122824129,Maintenance
2044,2,17,Afternoon,4615.6516685554925,584.8644059873204,5200.516074542813,Breakdown
2045,4,15,Afternoon,3196.487691557797,553.3165678796618,3749.8042594374588,No Power
2046,1,5,Afternoon,25011.48238907383,1855.4061525875845,26866.888541661414,No Power
2047,4,12,Afternoon,7117.095159826669,1005.0998695638573,8122.1950293905265,Maintenance
2048,1,1,Morning,5299.3170895937965,758.455413165222,6057.772502759019,Setup
2049,5,18,Afternoon,6700.8611030151615,1453.1383517484521,8153.999454763613,Breakdown
2050,8,20,Morning,4991.01400292747,1024.988270190351,6016.002273117821,Setup
2051,3,7,Afternoon,10315.898494974877,1676.1722001417324,11992.07069511661,Setup
2052,8,3,Afternoon,18852.240192548,1574.164101275969,20426.40429382397,Maintenance
2053,9,5,Afternoon,3060.371972022468,594.7273274940203,3655.0992995164884,No Power
2054,1,12,Afternoon,18358.07520661398,1639.3760794515806,19997.45128606556,Setup
2055,10,8,Morning,4813.597950070323,876.5494810343317,5690.147431104655,Setup
2056,2,14,Morning,7131.626883188892,992.946772758478,8124.57365594737,Setup
2057,4,7,Night,5567.466603996889,664.6747517816085,6232.141355778497,Setup
2058,4,3,Night,8302.018941799775,1129.2290969314943,9431.24803873127,Breakdown
2059,6,4,Morning,7314.91259956025,1054.4837403432625,8369.396339903513,Breakdown
2060,3,10,Afternoon,10493.18521722535,899.1490807296908,11392.33429795504,Setup
2061,4,13,Morning,4647.24910980841,643.9096100592557,5291.158719867666,Setup
2062,8,2,Night,15224.978247061888,1614.087873591592,16839.06612065348,Setup
2063,1,8,Night,6966.753115883662,1842.0577731258509,8808.810889009514,Breakdown
2064,2,13,Afternoon,3151.8000135645657,647.0330898856047,3798.8331034501703,Maintenance
2065,2,1,Afternoon,2941.174408758396,521.1388000042732,3462.313208762669,Maintenance
2066,1,15,Afternoon,11336.498228759063,1724.594537154732,13061.092765913794,Breakdown
2067,10,5,Night,15456.410930061855,2061.989594724313,17518.400524786168,Breakdown
2068,7,18,Morning,7716.947431891306,1046.669282814923,8763.61671470623,Setup
2069,8,9,Morning,15311.336729261615,1642.9659146728293,16954.302643934443,Maintenance
2070,9,15,Afternoon,4016.733641419005,570.3114397030341,4587.045081122039,Maintenance
2071,7,5,Night,10659.339036701364,1050.474920361186,11709.81395706255,Setup
2072,9,7,Morning,4978.518109838306,564.8348157519706,5543.352925590277,Setup
2073,4,8,Morning,4008.7529636534105,701.1901642112917,4709.943127864703,No Power
2074,3,14,Afternoon,14953.258615621233,1288.5782442638358,16241.836859885068,Maintenance
2075,3,16,Afternoon,5218.62821034833,664.7311486476136,5883.359358995944,Setup
2076,3,14,Night,11236.446061565885,1616.995965815701,12853.442027381585,Setup
2077,3,6,Night,18917.780644772865,1772.2417302732638,20690.02237504613,Setup
2078,3,16,Morning,23400.01554147849,1814.3256782590915,25214.34121973758,Breakdown
2079,4,20,Afternoon,11676.632892877727,1411.6100793749654,13088.242972252692,Setup
2080,9,8,Afternoon,3320.802339441432,498.4422509830202,3819.2445904244523,Breakdown
2081,9,7,Afternoon,22760.281000043324,1168.9645669732608,23929.245567016584,Breakdown
2082,7,3,Afternoon,6348.005699883201,1169.2903032434806,7517.296003126681,Setup
2083,3,12,Night,14954.750643442343,1454.6367673454802,16409.387410787822,Breakdown
2084,10,20,Morning,2327.648281007295,512.6759711698284,2840.324252177123,Setup
2085,5,5,Morning,3624.9059752853436,726.9768658752573,4351.882841160601,Setup
2086,8,7,Afternoon,4113.136506756339,602.1379498702738,4715.274456626613,Breakdown
2087,2,14,Afternoon,2910.423093872751,381.6310553147847,3292.0541491875356,Maintenance
2088,2,12,Afternoon,7538.2552639390115,905.0641549270644,8443.319418866076,Breakdown
2089,2,18,Night,4557.364409738961,1032.0522438596067,5589.416653598568,Maintenance
2090,10,20,Morning,11398.375917619265,1903.426888912692,13301.802806531958,Breakdown
2091,1,11,Morning,12269.316432069281,1285.5915626911917,13554.907994760473,Breakdown
2092,4,13,Morning,6322.239375589737,841.3541137944098,7163.593489384148,Setup
2093,9,1,Morning,11272.837932478482,906.1950112735008,12179.032943751983,No Power
2094,6,7,Morning,5570.504309791304,704.8623442883874,6275.366654079691,Breakdown
2095,3,14,Morning,9172.79628930716,1203.9190027433492,10376.715292050509,Breakdown
2096,3,4,Afternoon,5478.140421024839,1249.303338614596,6727.4437596394355,Maintenance
2097,1,1,Morning,9798.52088239083,1906.8416093894295,11705.36249178026,No Power
2098,9,6,Afternoon,9862.717280586628,947.2913958688379,10810.008676455467,Setup
2099,4,15,Afternoon,12490.658263107878,986.754663627244,13477.412926735122,Breakdown
2100,5,15,Night,9651.756263666455,1527.3081819090717,11179.064445575526,Setup
2101,2,12,Morning,7288.886026986691,938.1790069588212,8227.065033945511,Breakdown
2102,4,20,Morning,3153.45933444022,504.00204641527637,3657.4613808554964,Breakdown
2103,4,2,Morning,7291.29037941776,698.2914595960376,7989.581839013797,Breakdown
2104,5,12,Afternoon,18761.591897574028,1988.2112047790959,20749.803102353122,Setup
2105,10,8,Night,16120.632495255777,1860.038729179632,17980.67122443541,Setup
2106,8,7,Night,3500.78781814616,613.9377790214024,4114.725597167562,Breakdown
2107,5,20,Morning,9169.714199646558,1056.1399751972522,10225.854174843811,Maintenance
2108,10,1,Afternoon,22016.171359633263,2029.9269770016303,24046.098336634892,Breakdown
2109,8,5,Afternoon,5815.506809502769,822.093313049389,6637.600122552158,Breakdown
2110,6,13,Morning,4313.721834188618,1146.8535679926176,5460.575402181235,No Power
2111,10,9,Afternoon,3961.9699327717585,795.1839895765557,4757.153922348314,No Power
2112,9,11,Night,2647.0431383750547,406.37205953531674,3053.4151979103713,Maintenance
2113,4,9,Morning,5467.20036572575,701.07526003935,6168.2756257651,Breakdown
2114,3,9,Morning,2944.08120285841,439.0457274874987,3383.126930345909,Maintenance
2115,8,4,Night,3626.574569065938,705.9971758716495,4332.571744937587,Setup
2116,3,7,Afternoon,11780.521968134266,1701.4742500448835,13481.996218179149,Setup
2117,9,9,Morning,6186.250149119721,639.7692155293511,6826.019364649072,No Power
2118,4,20,Afternoon,6466.837661221249,940.566578169963,7407.404239391211,Breakdown
2119,2,10,Afternoon,12885.352846227739,1087.4575617186308,13972.81040794637,Setup
2120,10,13,Afternoon,6358.958202474001,1101.2146225225374,7460.172824996538,Breakdown
2121,9,12,Afternoon,2337.124239483593,438.80640718578945,2775.9306466693824,Setup
2122,2,13,Morning,7380.209736155651,632.1458143392778,8012.355550494928,No Power
2123,6,1,Afternoon,3318.9570298087156,628.5211772175746,3947.47820702629,Maintenance
2124,9,13,Afternoon,4095.3134039549914,868.4597571464982,4963.77316110149,Maintenance
2125,1,7,Morning,3381.161204002295,614.6628229329259,3995.824026935221,Setup
2126,2,2,Night,2363.606003873798,369.56430660507266,2733.1703104788703,Maintenance
2127,10,4,Afternoon,11595.182702024948,1275.2412914280508,12870.423993452998,Breakdown
2128,2,15,Afternoon,10224.996617529361,1065.724854649658,11290.721472179019,Setup
2129,6,4,Night,4155.689083969357,677.0633028056341,4832.7523867749915,No Power
2130,10,6,Morning,15120.173068448667,1696.8497268100157,16817.022795258683,Breakdown
2131,2,16,Morning,4606.454283458115,791.518844029254,5397.973127487369,Setup
2132,4,11,Night,3525.7878531383913,517.1016363840461,4042.8894895224375,Breakdown
2133,5,11,Afternoon,5322.2378062454545,851.0957900340611,6173.333596279515,Breakdown
2134,8,12,Afternoon,5566.97388519028,1095.7287121825268,6662.702597372807,Breakdown
2135,7,13,Night,4781.365616088235,714.0829365297222,5495.448552617957,Setup
2136,7,11,Morning,10457.677016220436,1154.4866420770802,11612.163658297515,No Power
2137,5,16,Afternoon,7471.556047579526,1189.5340168552145,8661.09006443474,Setup
2138,6,1,Night,4117.160205498929,812.3578642222245,4929.518069721154,Breakdown
2139,4,8,Morning,6368.956078368193,1042.8343812807163,7411.790459648909,Maintenance
2140,7,14,Morning,12175.812742579827,1490.8399818078715,13666.652724387699,Maintenance
2141,1,18,Afternoon,2746.056687893867,348.9584734318111,3095.015161325678,Breakdown
2142,9,8,Morning,3075.0916644584804,263.769365033767,3338.8610294922473,Maintenance
2143,8,17,Morning,5556.3231730219795,758.2918334571799,6314.615006479159,Setup
2144,6,11,Morning,10172.105476496581,930.8258697748445,11102.931346271425,Breakdown
2145,2,6,Afternoon,6462.263998904627,567.4480863069573,7029.712085211585,Setup
2146,9,4,Afternoon,5864.486545679862,1029.2153566187114,6893.701902298573,Setup
2147,1,10,Morning,9477.230265561151,1180.5412658848277,10657.771531445978,Maintenance
2148,9,12,Morning,2326.0447226577053,451.55504934942684,2777.5997720071323,Breakdown
2149,6,15,Afternoon,5242.441681516782,751.5082767558096,5993.949958272592,Setup
2150,9,9,Night,6479.074030022597,1017.0283377776524,7496.102367800249,Breakdown
2151,8,6,Afternoon,9937.627743023751,1740.5781446303695,11678.205887654121,Breakdown
2152,8,8,Afternoon,12095.333127938664,1510.0165077444183,13605.349635683082,Maintenance
2153,8,10,Morning,4615.2156963326825,798.5887580962824,5413.804454428965,No Power
2154,2,5,Afternoon,9130.019351161609,1145.2560897843246,10275.275440945934,Breakdown
2155,3,2,Afternoon,13843.28104125032,1471.441311633076,15314.722352883397,Breakdown
2156,9,9,Afternoon,9436.235220238215,1034.0031906074935,10470.238410845708,Maintenance
2157,1,2,Afternoon,21240.51757049245,1703.1804229205188,22943.69799341297,No Power
2158,5,5,Afternoon,5090.163811478564,799.7750200440981,5889.9388315226615,Setup
2159,8,16,Afternoon,5836.591252819026,961.1759680692226,6797.767220888249,Breakdown
2160,10,17,Afternoon,15113.99987152816,1527.3462190925798,16641.34609062074,Maintenance
2161,10,8,Night,9481.042239835153,2336.5040376690886,11817.546277504242,Breakdown
2162,8,4,Morning,15114.453791546124,1599.3692999807922,16713.823091526916,Setup
2163,2,17,Night,3562.8663586652983,556.0107269702697,4118.877085635568,Setup
2164,1,8,Morning,6172.787495353138,942.8932472925054,7115.6807426456435,Setup
2165,9,15,Night,7158.857353290203,627.7024334936979,7786.559786783901,Setup
2166,1,5,Night,8452.297214752585,1174.8373860337508,9627.134600786336,Breakdown
2167,9,11,Morning,7494.112118989533,1270.979383370985,8765.091502360518,Setup
2168,6,1,Morning,5510.323278840931,815.768444687379,6326.0917235283105,Setup
2169,1,1,Night,6036.724128146825,946.2612459439006,6982.985374090726,Setup
2170,2,15,Night,10270.504887166957,724.9139247525243,10995.41881191948,No Power
2171,10,5,Morning,8429.830632954785,1192.747942166633,9622.578575121417,Maintenance
2172,4,20,Afternoon,5010.137584489492,792.1676064987543,5802.305190988246,Breakdown
2173,2,10,Night,6436.386430292761,418.2780533650116,6854.6644836577725,Setup
2174,7,20,Afternoon,5126.811842011569,695.1336900357409,5821.94553204731,Breakdown
2175,9,1,Afternoon,4110.31931529317,884.3031635678462,4994.622478861016,Breakdown
2176,2,7,Afternoon,13687.055740115187,1401.3184208673342,15088.374160982521,Breakdown
2177,8,9,Night,11723.01178887158,1367.9469293371044,13090.958718208683,Breakdown
2178,6,10,Afternoon,8895.426586469144,1109.5685552855853,10004.995141754729,Setup
2179,2,2,Morning,7409.287745367714,920.4045906612583,8329.692336028973,Breakdown
2180,8,10,Night,3972.4028194625607,673.4238046413584,4645.826624103919,No Power
2181,8,5,Night,5796.413385348669,1307.9351798319187,7104.348565180588,Setup
2182,2,19,Morning,6305.705465416556,1421.7278194570813,7727.433284873638,Breakdown
2183,10,6,Afternoon,13719.70387603779,1371.0081127505994,15090.711988788391,Setup
2184,7,18,Morning,6550.196330169328,910.6561227359098,7460.852452905237,No Power
2185,10,9,Morning,15481.834998615926,1216.889983184513,16698.72498180044,Maintenance
2186,5,13,Afternoon,5117.035093175319,1128.864857432009,6245.899950607329,Breakdown
2187,3,7,Morning,7398.837301870901,1121.738624163569,8520.57592603447,Setup
2188,8,4,Afternoon,10101.361015839906,985.5347117852506,11086.895727625157,Maintenance
2189,3,4,Night,13619.633139640595,1938.107534670122,15557.740674310717,Setup
2190,4,15,Night,3688.974289315991,726.0851552001442,4415.059444516135,No Power
2191,9,9,Morning,2834.2233542600375,875.5112185552877,3709.734572815325,Maintenance
2192,2,5,Morning,3643.898075901532,659.453332937628,4303.35140883916,Maintenance
2193,4,16,Morning,9721.71340497089,1281.095699220523,11002.809104191412,Setup
2194,10,13,Night,7641.485378152809,947.7379344318437,8589.223312584652,Setup
2195,6,11,Morning,6857.2231099532955,667.9258915733059,7525.149001526602,Breakdown
2196,5,12,Night,10171.14311406553,1912.1681639425833,12083.311278008114,Setup
2197,10,4,Morning,5915.887794780575,895.7502455980951,6811.63804037867,Setup
2198,2,5,Night,2679.8758290327814,702.2975593011201,3382.1733883339016,Maintenance
2199,3,7,Afternoon,9173.137544989258,1350.3992399531712,10523.53678494243,Setup
2200,2,10,Afternoon,5241.43391446801,804.5250409771521,6045.958955445162,Setup
2201,9,14,Night,8704.821628773247,1538.3356460339864,10243.157274807232,Breakdown
2202,9,9,Morning,2861.3130067253323,308.8897549311383,3170.2027616564706,Breakdown
2203,4,4,Morning,8833.152970180257,994.6281928148202,9827.781162995077,Breakdown
2204,7,6,Afternoon,5748.173582382532,1148.1235492034004,6896.297131585932,Maintenance
2205,6,7,Afternoon,2578.454793708049,578.6534725825942,3157.108266290643,Maintenance
2206,2,7,Afternoon,22264.175163673182,1391.5682276104046,23655.743391283588,Breakdown
2207,8,18,Night,4677.478813496195,734.2393335252245,5411.718147021419,Setup
2208,2,19,Afternoon,4448.461196830672,455.83249869399134,4904.293695524663,Breakdown
2209,1,16,Morning,13030.860782110296,1083.2179008896962,14114.078682999992,Breakdown
2210,7,4,Afternoon,7635.958691664557,1035.8962050771556,8671.854896741712,Breakdown
2211,3,1,Night,3866.543455421671,657.5042452470792,4524.04770066875,Breakdown
2212,6,20,Afternoon,13266.396866529665,1539.69585833839,14806.092724868055,Breakdown
2213,7,1,Night,4274.764988930699,627.9990645066667,4902.764053437365,No Power
2214,4,3,Morning,6052.324468034651,844.9128715499304,6897.237339584581,Breakdown
2215,9,15,Afternoon,6871.87632122679,742.2604442642316,7614.136765491022,No Power
2216,8,19,Morning,14261.515363756858,1206.182822703175,15467.698186460033,Breakdown
2217,3,15,Afternoon,14111.549084195947,1552.623574072033,15664.17265826798,Breakdown
2218,6,20,Night,7879.296692752871,1326.9501724537436,9206.246865206615,Setup
2219,2,20,Morning,13632.090859805117,1658.4342636139288,15290.525123419045,Breakdown
2220,10,1,Morning,3440.592112877722,417.1637465147118,3857.7558593924336,Breakdown
2221,9,18,Afternoon,5878.441949030691,821.4758214143473,6699.9177704450385,Breakdown
2222,2,8,Night,5007.195166518566,1160.473156366557,6167.668322885123,Setup
2223,4,13,Morning,3833.9713751423424,1005.0958343507858,4839.067209493128,Breakdown
2224,10,6,Night,5636.695950857657,1009.1406216926814,6645.836572550339,Breakdown
2225,9,2,Night,18278.205224338584,1259.7385906108914,19537.943814949474,Breakdown
2226,10,3,Night,5127.524248000389,788.3777740743172,5915.902022074706,Setup
2227,9,15,Afternoon,7516.856701907564,680.5331598176132,8197.389861725176,Maintenance
2228,2,2,Night,8777.603927875722,1191.3952384923557,9968.999166368078,No Power
2229,5,7,Afternoon,6083.102079106352,528.9736964562726,6612.075775562625,Breakdown
2230,9,12,Afternoon,4349.767432213508,548.6571917649154,4898.424623978423,Breakdown
2231,7,15,Afternoon,2384.763574228272,413.08416955131634,2797.847743779588,Setup
2232,5,2,Night,9260.230822096939,1450.664265179561,10710.8950872765,Setup
2233,3,15,Night,23276.55717644696,2027.8192417246478,25304.376418171607,No Power
2234,10,4,Afternoon,5282.154908601475,751.0491245330319,6033.204033134507,Setup
2235,3,13,Morning,5072.792488296872,1299.6106889454886,6372.4031772423605,Setup
2236,9,11,Afternoon,9526.457081651448,680.8036374171519,10207.2607190686,Maintenance
2237,3,3,Afternoon,2951.536395912025,494.66693891586146,3446.2033348278865,Maintenance
2238,8,14,Night,6716.28096355291,1383.8534228574597,8100.13438641037,No Power
2239,1,11,Morning,8141.44308426018,1654.7276106618378,9796.170694922017,Breakdown
2240,7,1,Night,9506.19250617475,1322.8408246554807,10829.03333083023,Setup
2241,5,19,Night,14453.256696591205,1793.3234491561032,16246.580145747308,No Power
2242,7,7,Afternoon,5969.672035856513,877.8252515038628,6847.497287360376,Breakdown
2243,7,10,Morning,22213.69548981771,1474.6076376953902,23688.3031275131,Maintenance
2244,1,1,Morning,5129.317562911025,732.7778831523796,5862.095446063404,Breakdown
2245,4,16,Afternoon,7797.143530599766,1022.0788823895766,8819.222412989342,Breakdown
2246,1,4,Night,12923.077009943148,1435.4884740266373,14358.565483969785,Maintenance
2247,2,11,Afternoon,4311.087593157268,430.68081411123177,4741.7684072685,Setup
2248,10,9,Afternoon,12467.27153018656,1434.1953538284047,13901.466884014964,Setup
2249,6,5,Morning,10230.307495467972,1173.160387946852,11403.467883414825,Breakdown
2250,4,4,Night,6845.16560783902,1128.8648266511154,7974.030434490135,Breakdown
2251,1,13,Afternoon,9639.479876032532,1768.2847561090912,11407.764632141623,Setup
2252,8,2,Morning,5478.3736844929135,1025.4081858624304,6503.781870355344,Breakdown
2253,5,2,Night,12220.944498257963,1836.1724323220365,14057.11693058,No Power
2254,2,19,Night,7515.254558275147,1506.0314985445395,9021.286056819687,Breakdown
2255,9,16,Afternoon,8157.4053867126195,813.9938477896385,8971.399234502258,Maintenance
2256,10,6,Morning,7521.91886363939,1448.3176549288123,8970.236518568203,Maintenance
2257,8,17,Morning,7724.026279828593,931.2503717932026,8655.276651621796,Breakdown
2258,4,17,Afternoon,20125.944640758513,1543.2753946998625,21669.220035458377,Setup
2259,8,9,Afternoon,11055.02316258807,1356.792573563019,12411.81573615109,Maintenance
2260,10,18,Night,18286.77180706536,2002.6394217986197,20289.41122886398,Maintenance
2261,1,6,Morning,5533.690876912102,1097.3660190841222,6631.056895996224,Maintenance
2262,2,4,Afternoon,8715.691779244009,766.9661634982197,9482.65794274223,Breakdown
2263,2,18,Afternoon,12973.749624422871,1399.5722072187243,14373.321831641595,Breakdown
2264,1,1,Morning,4242.061222970355,588.318672225262,4830.379895195617,Breakdown
2265,2,17,Afternoon,5188.402171260039,1205.4245278661401,6393.826699126179,Setup
2266,10,13,Afternoon,5565.834221354621,724.7767850029252,6290.611006357546,Breakdown
2267,10,15,Morning,6668.201035462604,1206.4598004972286,7874.660835959832,Breakdown
2268,1,3,Afternoon,4829.387847506622,796.0273348660451,5625.415182372667,Setup
2269,6,6,Afternoon,5331.752243793105,817.2568704912916,6149.009114284397,Setup
2270,6,12,Morning,8809.061136522578,1121.8079029701482,9930.869039492725,Setup
2271,4,11,Night,6389.488486091925,1022.0526227672171,7411.541108859142,No Power
2272,3,18,Afternoon,6796.78384156985,783.5469515268475,7580.330793096698,Setup
2273,6,10,Night,6190.244249964839,1304.5564625122959,7494.800712477135,Maintenance
2274,7,9,Afternoon,16258.66134478698,1514.2520224946952,17772.913367281675,Breakdown
2275,1,7,Night,9420.565018119989,1437.8162398190007,10858.381257938989,Setup
2276,8,14,Night,4253.009718712162,934.7402915761601,5187.750010288322,Breakdown
2277,10,4,Afternoon,10751.139660355799,1152.2496110638485,11903.389271419648,Setup
2278,1,15,Morning,14869.616534531911,1576.2517629417857,16445.8682974737,Setup
2279,8,2,Night,5872.159991492546,667.9346676913434,6540.09465918389,Setup
2280,3,17,Night,5047.574331149099,1067.2336196828694,6114.807950831968,Maintenance
2281,1,5,Night,3932.168648209343,592.5674648427143,4524.736113052057,No Power
2282,8,17,Morning,4883.537902841291,600.6227970460257,5484.160699887317,Maintenance
2283,4,18,Afternoon,8873.854051559349,733.145538614963,9606.999590174311,No Power
2284,4,14,Afternoon,8251.61066597979,1300.572204140839,9552.182870120629,Breakdown
2285,5,10,Afternoon,7706.728711186973,1152.4692616701511,8859.197972857124,Setup
2286,6,18,Afternoon,4625.0839569982945,590.324013688653,5215.407970686948,Maintenance
2287,4,10,Afternoon,8689.903832611406,896.8257001929827,9586.72953280439,Setup
2288,4,7,Morning,8156.179203782176,697.1594526022576,8853.338656384434,No Power
2289,8,4,Night,10688.543567867153,1773.4773532535794,12462.020921120733,Setup
2290,5,13,Morning,3613.8902662100936,688.2878692197687,4302.178135429862,Breakdown
2291,4,11,Morning,13875.049186466445,902.124732850047,14777.173919316492,Maintenance
2292,10,14,Morning,4656.14171936172,854.1124523144489,5510.254171676169,Maintenance
2293,3,16,Night,5518.0857254497105,824.0246690387175,6342.110394488428,No Power
2294,8,3,Afternoon,5045.036186006673,994.9044960937152,6039.940682100389,Breakdown
2295,1,20,Afternoon,10985.909871238913,1838.74093835945,12824.650809598363,Setup
2296,5,2,Morning,9484.141469801454,1364.141007837489,10848.282477638943,Setup
2297,8,4,Morning,11643.741311532132,1466.8721386647385,13110.61345019687,Breakdown
2298,1,8,Morning,4570.879693147017,752.7247971564955,5323.604490303513,Maintenance
2299,6,9,Afternoon,6644.098638044064,1071.4676410443915,7715.566279088455,No Power
2300,9,3,Morning,2414.6675703422297,437.6562828447592,2852.323853186989,No Power
2301,3,7,Morning,4134.186041765246,665.9963190996851,4800.182360864931,Breakdown
2302,1,18,Night,5907.693069623595,1101.0683198946833,7008.7613895182785,Maintenance
2303,3,2,Morning,19672.405758563375,1530.5100462906003,21202.915804853976,Setup
2304,9,4,Morning,8140.816613091011,765.758210143901,8906.574823234912,Breakdown
2305,5,17,Morning,18423.900504595662,1799.4418688355852,20223.342373431246,Maintenance
2306,4,4,Morning,3225.78408587079,413.0220438662,3638.80612973699,Breakdown
2307,7,13,Night,9031.28630973512,1574.9582284211406,10606.244538156261,Maintenance
2308,2,15,Morning,7506.100329750009,897.7818364741153,8403.882166224124,No Power
2309,1,2,Morning,22872.739221447533,1973.4599746733973,24846.19919612093,Breakdown
2310,8,13,Afternoon,11771.00656092366,1673.0718735369555,13444.078434460616,Maintenance
2311,10,4,Morning,23760.028460892878,2008.0203488532802,25768.048809746157,Breakdown
2312,7,5,Night,7875.950271234011,883.2466432546785,8759.19691448869,Maintenance
2313,6,17,Afternoon,8071.201446435911,1751.3744566992743,9822.575903135184,Setup
2314,3,18,Morning,9835.816146490635,1400.6793246058958,11236.49547109653,Setup
2315,4,17,Afternoon,2485.1250334792226,421.15977970239896,2906.2848131816218,Breakdown
2316,4,4,Night,6180.596069795203,1026.4962874227474,7207.092357217951,No Power
2317,2,15,Afternoon,6761.226403808583,1315.5680853145016,8076.7944891230845,Breakdown
2318,1,9,Night,5303.123780454235,1115.024212763465,6418.1479932177,Breakdown
2319,1,17,Morning,19852.972991747985,1485.7468021427644,21338.71979389075,Breakdown
2320,1,14,Night,6878.6382320126295,1037.911148073183,7916.549380085813,Maintenance
2321,6,13,Afternoon,2786.359655889456,486.2954311006157,3272.6550869900716,Setup
2322,9,14,Morning,7700.567022744554,943.3493449801405,8643.916367724694,Breakdown
2323,2,8,Afternoon,9749.894291856635,972.0801016756985,10721.974393532333,Maintenance
2324,8,12,Night,17805.02796271606,1864.6329910619604,19669.66095377802,Breakdown
2325,4,10,Night,6386.164751326341,1080.293761515653,7466.458512841993,Maintenance
2326,3,18,Afternoon,13578.947611814889,1366.3790497807972,14945.326661595685,Breakdown
2327,3,12,Afternoon,12450.0173668468,1673.6169329022268,14123.634299749026,Maintenance
2328,7,20,Morning,4658.091674649725,478.97394759996746,5137.065622249693,Setup
2329,10,2,Afternoon,4836.89674174329,694.4623108556007,5531.35905259889,No Power
2330,8,11,Morning,7243.98592141417,940.0302836802663,8184.016205094436,Setup
2331,8,20,Morning,23645.91180804795,1378.695820576969,25024.60762862492,Setup
2332,6,12,Morning,4365.688282275011,1083.9008113554528,5449.589093630464,Breakdown
2333,10,11,Morning,25110.638861981442,1405.1379442434836,26515.776806224927,Setup
2334,7,15,Afternoon,6704.209339036571,997.7338392749016,7701.943178311472,No Power
2335,3,10,Morning,14105.234770773595,1470.673040485278,15575.907811258874,Breakdown
2336,8,16,Afternoon,3112.3061250053956,838.6630050731508,3950.969130078546,Maintenance
2337,1,6,Night,10984.435112247762,1930.325654512271,12914.760766760033,Breakdown
2338,6,5,Night,3057.0961442268017,501.3004307966963,3558.396575023498,Breakdown
2339,4,19,Morning,5267.131079705846,666.7257467780333,5933.85682648388,Maintenance
2340,5,10,Afternoon,5977.102441653711,1397.7714228603943,7374.873864514106,Maintenance
2341,9,4,Afternoon,3148.1041166056602,401.71707350237995,3549.8211901080404,Breakdown
2342,2,20,Afternoon,3852.003469905765,567.3606877557347,4419.3641576615,Breakdown
2343,3,1,Afternoon,11145.39828585472,1485.8080294080623,12631.206315262783,Setup
2344,10,13,Morning,4888.559748293745,815.388877472404,5703.948625766148,Breakdown
2345,9,13,Afternoon,6965.060943594306,550.2443451772581,7515.305288771564,No Power
2346,6,8,Afternoon,14452.295772520747,1292.2949487976484,15744.590721318396,No Power
2347,2,17,Morning,4895.374186016499,794.5835371955496,5689.957723212049,Setup
2348,6,12,Morning,8024.503239074649,1367.4802910832204,9391.98353015787,Maintenance
2349,4,5,Morning,6535.108875838672,779.8214827698863,7314.930358608559,Setup
2350,2,20,Afternoon,5602.619209219023,988.6557444359796,6591.274953655003,Breakdown
2351,7,8,Morning,12377.820584239245,692.8846103162873,13070.705194555532,Setup
2352,7,1,Night,13144.026738951952,871.8219319704931,14015.848670922445,Breakdown
2353,2,20,Morning,8938.64598313197,808.3335851921548,9746.979568324125,Breakdown
2354,9,15,Night,9413.924071853091,953.7149074427862,10367.638979295876,Setup
2355,2,20,Night,18173.84504371327,1184.8228989416511,19358.667942654924,Breakdown
2356,8,17,Night,16549.087324179476,1472.4831467071458,18021.57047088662,Breakdown
2357,7,9,Morning,5612.548104555884,604.6231840541051,6217.171288609989,Breakdown
2358,2,19,Night,3195.5209043785508,416.4722819729408,3611.9931863514917,Breakdown
2359,4,20,Afternoon,4161.628425966878,397.7666004218071,4559.395026388685,Maintenance
2360,9,9,Morning,13771.944360836436,1057.2463303847098,14829.190691221145,Setup
2361,8,2,Afternoon,9591.019821287551,872.0896471647974,10463.109468452349,Maintenance
2362,5,9,Morning,7219.226802454066,1475.5045510708505,8694.731353524916,No Power
2363,4,9,Afternoon,4220.295606523028,572.3064651316179,4792.602071654646,Breakdown
2364,5,14,Afternoon,3877.559215646686,792.9287746245119,4670.487990271198,Breakdown
2365,6,11,Night,11444.977016563165,2198.5668586614756,13643.543875224641,Breakdown
2366,6,7,Afternoon,4134.377158019943,857.8366878783585,4992.213845898301,Maintenance
2367,10,19,Morning,7289.146141425597,1093.1703753584736,8382.31651678407,Setup
2368,8,8,Morning,17102.228459026803,1154.0309433110442,18256.259402337848,Setup
2369,4,7,Night,10258.728050296366,1464.0573124310677,11722.785362727434,No Power
2370,1,10,Night,10741.110391115804,1217.3253630423549,11958.43575415816,Breakdown
2371,10,2,Morning,15919.647156562667,1383.9102414721924,17303.55739803486,Setup
2372,1,2,Afternoon,7939.862774395335,1348.5921969769759,9288.45497137231,Breakdown
2373,9,1,Night,3446.62195012891,568.3189527304743,4014.9409028593846,Setup
2374,8,4,Morning,10089.060820803816,1412.1757623602607,11501.236583164076,Breakdown
2375,7,18,Afternoon,14267.818162140466,1243.2255193428675,15511.043681483334,Breakdown
2376,10,17,Morning,6653.659355221444,1051.6107220430604,7705.270077264504,Breakdown
2377,2,8,Morning,4576.324055645875,1043.4567546382339,5619.780810284109,Breakdown
2378,2,18,Afternoon,3504.786973492406,445.8428422922281,3950.629815784634,Breakdown
2379,8,2,Afternoon,4103.122768758421,767.8970760802147,4871.019844838636,Maintenance
2380,3,11,Morning,3231.7039085981014,423.74994793057846,3655.45385652868,Setup
2381,6,19,Afternoon,7417.696781517864,831.8490541116744,8249.545835629538,Maintenance
2382,2,16,Night,8680.906850016057,1805.4782556115506,10486.385105627607,Setup
2383,6,10,Night,14823.429654172047,1886.0152360313543,16709.444890203402,Setup
2384,8,1,Morning,12107.14160560694,968.8121784171944,13075.953784024134,Maintenance
2385,7,9,Morning,9244.607488354524,1598.198228306367,10842.80571666089,Breakdown
2386,3,6,Morning,13449.902049250146,1235.9241762379236,14685.82622548807,Setup
2387,6,6,Afternoon,10356.60327769332,1213.3803116958732,11569.983589389194,Breakdown
2388,2,15,Night,9369.592212693566,1060.6531123132124,10430.245325006777,Breakdown
2389,2,11,Afternoon,2372.6372637273334,477.73873542200425,2850.3759991493375,Setup
2390,8,11,Night,13984.980311553243,2068.799783822731,16053.780095375974,Breakdown
2391,8,1,Afternoon,6540.6739572521,1285.4279862141366,7826.101943466237,Breakdown
2392,7,6,Night,13907.228567327133,1111.2461874059263,15018.474754733059,Maintenance
2393,10,9,Night,5481.858073975344,1147.2446967856322,6629.1027707609765,Breakdown
2394,3,12,Night,3059.317514448547,650.0653086030167,3709.3828230515637,No Power
2395,6,5,Night,10268.028034765222,1397.5315544359414,11665.559589201164,Setup
2396,1,5,Morning,7412.1088523439375,801.8233495886641,8213.932201932601,Setup
2397,3,13,Morning,6238.966424165645,772.9560252406781,7011.922449406323,Setup
2398,10,1,Afternoon,13563.557537109586,1651.6750700279847,15215.23260713757,Setup
2399,1,2,Afternoon,5123.743447467634,559.5150427798206,5683.258490247455,Setup
2400,9,15,Morning,9830.915744784767,1013.0710800505245,10843.98682483529,Breakdown
2401,2,19,Afternoon,8782.280140188259,1070.8757332984285,9853.155873486687,Breakdown
2402,5,8,Night,18211.645030589807,1476.8839911556645,19688.52902174547,Maintenance
2403,3,4,Morning,7091.6532963241225,1382.0701084089512,8473.723404733073,Breakdown
2404,1,15,Morning,5793.928169760439,797.4504826357261,6591.378652396165,Maintenance
2405,8,19,Morning,13935.771777785529,1477.0267739606388,15412.798551746168,Maintenance
2406,4,1,Morning,11980.274500519616,1144.412428752958,13124.686929272573,Setup
2407,7,2,Night,13653.578605275761,1225.4930368173189,14879.07164209308,Setup
2408,9,7,Afternoon,7916.973482914747,641.7871803333301,8558.760663248078,No Power
2409,1,7,Morning,6492.097264256213,999.8453423171148,7491.942606573328,No Power
2410,7,1,Afternoon,9868.663869077944,1026.0055717908126,10894.669440868756,Setup
2411,6,1,Afternoon,3714.0098532428883,828.6158348936073,4542.625688136495,Setup
2412,1,13,Night,6597.545853872611,1142.9977096454606,7740.543563518071,Maintenance
2413,7,18,Afternoon,13968.15554188597,1431.4067460242036,15399.562287910174,Maintenance
2414,1,15,Night,10365.703204831267,1469.6668228392232,11835.37002767049,Maintenance
2415,2,13,Night,3501.676732525822,624.3225707294222,4125.999303255244,Setup
2416,8,8,Afternoon,8197.407373186566,1207.9193849141345,9405.3267581007,Breakdown
2417,5,1,Night,6069.151938802645,1355.4214409722545,7424.5733797749,Breakdown
2418,8,17,Morning,5895.566691519181,645.2135740579643,6540.780265577146,Maintenance
2419,9,16,Night,6303.942017424579,1086.9969821788993,7390.938999603478,No Power
2420,2,17,Morning,5079.558593251476,582.5480465844151,5662.106639835891,Breakdown
2421,2,20,Afternoon,6680.414921560885,1100.8865777939775,7781.301499354862,Setup
2422,8,14,Afternoon,5162.515760925697,703.6732538379483,5866.189014763645,Setup
2423,3,5,Morning,4209.988291866167,578.2863733779834,4788.27466524415,No Power
2424,9,2,Morning,11598.511947604811,708.4394648676089,12306.95141247242,Maintenance
2425,9,12,Morning,13802.730281935155,1027.2781629497163,14830.008444884872,Maintenance
2426,1,13,Night,4068.0721422463403,970.4385874341468,5038.510729680487,Breakdown
2427,3,15,Afternoon,8100.865146531373,1635.24681594251,9736.111962473884,Maintenance
2428,2,5,Morning,3378.8794342248593,416.27503610777325,3795.1544703326326,No Power
2429,9,18,Morning,22223.638607488578,1221.3463681315814,23444.98497562016,Maintenance
2430,4,1,Morning,5768.799037669508,774.3635175781159,6543.1625552476235,Setup
2431,5,20,Night,12159.16492190058,1816.6450752155636,13975.809997116143,Breakdown
2432,10,19,Afternoon,5358.508398293832,927.9847875920949,6286.493185885927,Maintenance
2433,3,18,Morning,8905.935615681205,817.9506761316605,9723.886291812865,Setup
2434,8,10,Afternoon,8588.64504233643,1297.188452087163,9885.833494423592,Breakdown
2435,4,2,Afternoon,4683.2413817121915,597.5520781448895,5280.793459857081,Maintenance
2436,4,9,Afternoon,6494.022668604766,844.0661415063569,7338.088810111123,Breakdown
2437,7,4,Afternoon,13243.662990598797,1364.286694292205,14607.949684891002,Breakdown
2438,7,6,Morning,10861.19930686365,821.8222762213995,11683.021583085048,Maintenance
2439,2,8,Morning,8408.390520656423,932.427799497695,9340.818320154118,Breakdown
2440,6,5,Night,15349.072529351839,1896.5532442375995,17245.62577358944,Setup
2441,3,3,Afternoon,10784.836116919996,1564.8670807593112,12349.703197679308,Setup
2442,6,14,Morning,7399.208972023585,745.3705882533137,8144.579560276899,Setup
2443,10,19,Night,4658.892214494579,618.9367971196035,5277.8290116141825,Setup
2444,4,14,Morning,11129.957025747817,683.2316544824084,11813.188680230225,No Power
2445,2,1,Afternoon,2270.9534093061325,389.2044585741013,2660.157867880234,Breakdown
2446,9,19,Afternoon,5158.104709545084,787.4548338886324,5945.5595434337165,Setup
2447,1,7,Afternoon,12295.71520267676,2133.193456411886,14428.908659088645,Setup
2448,4,6,Night,5263.516871780338,1517.6323382826909,6781.149210063029,Setup
2449,8,7,Morning,6738.287568355443,1497.7861186040132,8236.073686959457,Setup
2450,1,18,Morning,9132.199898059294,1009.8930431137171,10142.092941173012,Breakdown
2451,6,19,Afternoon,5479.724862325347,1380.9613251083333,6860.686187433681,Setup
2452,9,7,Afternoon,8498.45541852733,630.5008382193057,9128.956256746636,Breakdown
2453,2,11,Afternoon,14598.245210133178,1321.4099732432358,15919.655183376413,Maintenance
2454,2,17,Night,2120.028187322664,398.3759924933228,2518.404179815987,Breakdown
2455,10,1,Morning,5050.4827257782445,714.744645775591,5765.227371553836,No Power
2456,10,14,Afternoon,4526.446433338282,709.7845576049327,5236.230990943215,Maintenance
2457,4,12,Night,7242.8662117413805,1210.814135248085,8453.680346989466,Breakdown
2458,2,19,Afternoon,3876.5937489748426,594.9500753718571,4471.5438243467,Maintenance
2459,10,19,Night,3342.367023016523,720.6499778756776,4063.0170008922005,Maintenance
2460,7,6,Morning,3810.85005896065,754.3280853093904,4565.17814427004,Setup
2461,9,10,Morning,10611.51009167114,943.3909251213859,11554.901016792526,Breakdown
2462,6,4,Afternoon,8904.966860816612,1808.4013425469448,10713.368203363556,Maintenance
2463,3,10,Night,19220.542476365306,2087.2761906603964,21307.818667025702,Setup
2464,2,12,Night,10692.717285345265,1399.1522950359256,12091.86958038119,Maintenance
2465,7,18,Night,10264.534995233398,1626.1938390777261,11890.728834311125,Setup
2466,9,16,Afternoon,4707.05779237669,870.2601092525728,5577.317901629262,Breakdown
2467,1,15,Afternoon,14980.430645889715,1719.8195844910238,16700.250230380738,Breakdown
2468,7,5,Night,5122.74138475043,970.493561350838,6093.234946101268,Breakdown
2469,6,18,Afternoon,4507.484790356108,802.9661135225374,5310.4509038786455,Breakdown
2470,6,7,Afternoon,2914.3885370996377,730.849541785957,3645.2380788855944,Breakdown
2471,10,7,Night,2874.617335318856,487.18154589678255,3361.7988812156386,Breakdown
2472,2,5,Afternoon,11025.586126600367,1346.702013772256,12372.288140372622,Maintenance
2473,9,17,Night,10384.160984273489,1358.6394458596915,11742.80043013318,Breakdown
2474,2,19,Morning,23305.995446914774,1394.1792073209933,24700.17465423577,Breakdown
2475,4,3,Morning,4446.947654114927,864.5440558042723,5311.491709919199,Maintenance
2476,6,6,Afternoon,8266.797846250876,1473.3865290572596,9740.184375308136,Breakdown
2477,8,10,Afternoon,21285.242519621985,1377.4166168902711,22662.659136512255,Breakdown
2478,1,10,Afternoon,8147.986314906216,1663.3993106232135,9811.385625529429,No Power
2479,2,11,Morning,10171.014669677077,960.1061038804093,11131.120773557486,Setup
2480,2,11,Morning,14391.516826056237,996.8065304715399,15388.323356527777,Maintenance
2481,1,11,Afternoon,5728.065628456705,1857.3745508220186,7585.440179278723,Setup
2482,4,12,Afternoon,10413.623542904768,1110.8571826930536,11524.480725597821,Breakdown
2483,3,14,Morning,4394.94961240248,743.7599312649244,5138.709543667404,Setup
2484,6,11,Afternoon,7656.111849587911,1026.0980712910448,8682.209920878955,Breakdown
2485,8,1,Afternoon,6184.532720422312,907.2256082285927,7091.758328650905,Breakdown
2486,8,14,Morning,10348.947144499083,1213.5868601430268,11562.53400464211,Setup
2487,3,15,Morning,3019.277073520252,424.6086736270278,3443.8857471472797,Maintenance
2488,3,6,Afternoon,12976.195367621389,1509.3456271933262,14485.540994814715,Breakdown
2489,4,14,Morning,4236.361732757731,631.9317455323297,4868.293478290061,Breakdown
2490,5,18,Morning,2672.922818323272,512.5716920428363,3185.4945103661084,Breakdown
2491,5,3,Afternoon,9063.150197204677,783.1846939561206,9846.334891160797,Setup
2492,8,6,Afternoon,7022.8660353829555,1309.112517469225,8331.97855285218,No Power
2493,5,7,Night,6987.136230652932,1157.5740997327139,8144.710330385646,Breakdown
2494,4,16,Night,5187.736811943459,618.6319279878304,5806.368739931289,Maintenance
2495,3,9,Afternoon,12270.971601105772,1663.6639746463927,13934.635575752165,Setup
2496,1,5,Morning,5576.202906138692,642.7723234057786,6218.9752295444705,Setup
2497,9,19,Night,4051.653173713589,404.94965110160734,4456.602824815196,Setup
2498,9,7,Night,6820.257670995795,1180.4110613162204,8000.668732312015,Breakdown
2499,2,4,Afternoon,16672.403653965852,1426.8335453239974,18099.237199289848,No Power
2500,1,7,Morning,16081.839273578784,1462.2735596220184,17544.1128332008,Maintenance
2501,2,16,Night,18073.56675685098,1870.524103415698,19944.09086026668,Breakdown
2502,9,18,Night,2762.379172134183,276.06272000570806,3038.441892139891,Breakdown
2503,5,14,Morning,20466.972378073533,1553.4509402473832,22020.423318320914,Maintenance
2504,3,20,Morning,10190.52556985029,1687.499581265451,11878.02515111574,Breakdown
2505,7,15,Morning,9470.246242353054,896.5707364592457,10366.8169788123,Breakdown
2506,6,5,Morning,8448.899835835406,1544.4985568345464,9993.398392669951,Setup
2507,8,8,Night,6467.226554987763,1461.0427196387666,7928.269274626529,No Power
2508,4,18,Morning,2581.0396875249653,533.8363066323883,3114.8759941573535,Setup
2509,7,18,Morning,3238.0017762880575,591.8902768074839,3829.8920530955415,Maintenance
2510,5,19,Morning,7891.769195125341,810.2042621685587,8701.9734572939,Breakdown
2511,2,19,Afternoon,14253.460610747607,1289.6886730057563,15543.149283753362,Breakdown
2512,1,1,Morning,15666.443983695919,1364.1854231577713,17030.62940685369,Breakdown
2513,2,14,Morning,9730.338841307883,880.234096743878,10610.57293805176,Setup
2514,8,3,Night,7630.743108908629,974.828475473589,8605.571584382218,Breakdown
2515,8,14,Afternoon,4472.126445961787,1029.504403240304,5501.630849202091,Breakdown
2516,7,2,Morning,17085.695792981594,1398.257702320531,18483.953495302125,Breakdown
2517,6,2,Night,8601.453521156727,1736.0688331325912,10337.522354289318,Setup
2518,1,1,Afternoon,2671.783947943964,537.3242224951557,3209.10817043912,Breakdown
2519,10,12,Afternoon,3654.6184331308264,708.0177210626849,4362.636154193511,Setup
2520,4,17,Night,6305.036413579921,1003.8973612032831,7308.933774783204,Breakdown
2521,4,3,Morning,4332.2580080017215,496.7601834264576,4829.018191428179,Breakdown
2522,5,17,Night,8018.190812584658,938.0975451359028,8956.288357720561,Breakdown
2523,6,6,Morning,5949.163474111545,663.4700686305256,6612.633542742071,No Power
2524,2,13,Afternoon,5471.088679396687,577.8045197174174,6048.893199114105,Setup
2525,6,15,Afternoon,16617.570240967056,1975.890120422744,18593.4603613898,Breakdown
2526,1,5,Morning,4815.432212410697,776.9441622570887,5592.376374667785,Setup
2527,7,4,Night,6665.36120115493,1143.2380839943044,7808.599285149235,Breakdown
2528,4,18,Afternoon,14360.779937259622,1315.8515637491662,15676.631501008787,Maintenance
2529,4,2,Morning,5005.392739716051,1473.1911859015845,6478.583925617636,Breakdown
2530,4,15,Night,11529.715277438447,1048.9360494837706,12578.651326922218,Maintenance
2531,9,9,Afternoon,6363.295928106824,1576.9117804552438,7940.207708562068,Setup
2532,10,1,Afternoon,6235.687619960044,1193.2618682896807,7428.949488249725,Maintenance
2533,7,12,Morning,2942.0951874421885,552.0056613244711,3494.1008487666595,Breakdown
2534,8,7,Afternoon,9086.20130775421,1140.4926669283138,10226.693974682525,Breakdown
2535,2,17,Morning,2591.885600526381,352.6539752731367,2944.539575799518,Maintenance
2536,8,18,Night,11280.12136967695,1440.8052550827306,12720.92662475968,Breakdown
2537,6,10,Morning,17063.81504369026,1509.1214225246563,18572.936466214916,Breakdown
2538,4,19,Afternoon,12433.304017956143,1095.3076478784697,13528.611665834613,Setup
2539,5,20,Morning,4709.846675899963,703.0947140174405,5412.941389917403,Maintenance
2540,7,4,Afternoon,16602.924880220373,1301.466170777141,17904.391050997514,Setup
2541,10,20,Morning,9842.35420814954,1233.6084992007686,11075.962707350309,Breakdown
2542,3,3,Morning,10221.22945327569,1003.0728590322842,11224.302312307973,Setup
2543,1,19,Afternoon,11750.142567267274,1438.4081141174106,13188.550681384684,Breakdown
2544,1,6,Night,12248.302639363077,1525.3151121007197,13773.617751463797,No Power
2545,3,8,Morning,5590.3186613495845,1215.2651853529326,6805.583846702517,Setup
2546,6,18,Afternoon,11577.075035178881,1064.8231479483125,12641.898183127194,Maintenance
2547,10,11,Night,18684.531571881147,1960.6388526961134,20645.17042457726,Breakdown
2548,2,16,Afternoon,3963.237890582958,620.3904068818113,4583.628297464769,Breakdown
2549,7,11,Night,13285.022082331647,1410.3498129358502,14695.371895267497,Breakdown
2550,6,8,Afternoon,3760.2953881682906,853.2046835811543,4613.500071749445,Breakdown
2551,4,14,Night,10406.910062414954,1506.4105751052202,11913.320637520173,Breakdown
2552,9,17,Morning,11943.331109585351,965.9658494704528,12909.296959055804,Maintenance
2553,9,12,Afternoon,4342.589368139296,659.5457445989529,5002.1351127382495,Maintenance
2554,1,16,Afternoon,22327.922677240054,1913.2076415515712,24241.130318791627,Breakdown
2555,9,19,Afternoon,3295.398814186509,537.3803916607541,3832.779205847263,Breakdown
2556,3,13,Morning,12887.786059986509,1235.6386978298174,14123.424757816327,Breakdown
2557,4,9,Morning,5311.055636607855,534.4940691961486,5845.549705804004,Setup
2558,6,19,Morning,6434.305068237974,849.0182185249304,7283.323286762905,Setup
2559,9,19,Afternoon,7178.178594517998,855.717005563199,8033.895600081197,Setup
2560,3,9,Night,4875.96302745452,1002.8921475701122,5878.8551750246315,Setup
2561,1,16,Afternoon,6070.877859237091,794.7539084046604,6865.631767641751,Setup
2562,5,19,Morning,5211.969424350055,962.5287598631065,6174.498184213162,Maintenance
2563,7,6,Afternoon,4956.544949512656,932.9493996784082,5889.494349191064,Maintenance
2564,4,18,Afternoon,9397.425849946238,727.9474629298137,10125.37331287605,Breakdown
2565,2,10,Morning,6909.584478835639,707.6524410316365,7617.236919867275,Breakdown
2566,6,6,Night,3537.5396799876767,836.6558406667392,4374.195520654416,Breakdown
2567,7,20,Night,10090.055612074648,1422.6047043610836,11512.660316435731,Setup
2568,6,6,Afternoon,12185.460603232641,1486.7545706688159,13672.215173901457,Setup
2569,10,5,Morning,10257.360063231803,1300.9469283769686,11558.306991608772,Breakdown
2570,5,13,Night,6009.755421102961,889.6127235819922,6899.368144684953,No Power
2571,6,4,Afternoon,6671.033314636389,1124.0118794560924,7795.045194092481,Setup
2572,9,19,Afternoon,11459.70089510853,1239.6386326257896,12699.339527734319,Breakdown
2573,5,2,Night,7620.622815663843,1113.4281284914296,8734.050944155271,Setup
2574,2,16,Night,16117.574666234676,1477.3746061793645,17594.94927241404,Maintenance
2575,8,18,Morning,9348.215161439062,971.2325756207066,10319.447737059769,Breakdown
2576,1,19,Afternoon,18073.167219696392,1952.515812441585,20025.68303213798,Maintenance
2577,9,15,Afternoon,11164.21652370928,983.0406575579474,12147.257181267227,Setup
2578,8,19,Morning,11649.494548020146,1277.7446000838163,12927.239148103963,Breakdown
2579,2,8,Afternoon,14662.1729416228,1448.2050555351975,16110.377997157999,Breakdown
2580,3,16,Afternoon,6811.639874505555,1154.9942809072304,7966.634155412785,Breakdown
2581,4,7,Night,3192.8796162276485,497.7905051198308,3690.6701213474794,Maintenance
2582,7,6,Afternoon,3651.7941905528323,806.1026873125361,4457.896877865369,Breakdown
2583,1,16,Morning,3318.2220427109305,645.3382162551053,3963.5602589660357,Breakdown
2584,1,11,Night,9376.972582028851,1746.0101169115321,11122.982698940383,Setup
2585,7,19,Afternoon,7996.071936778205,1405.214556535126,9401.286493313331,Setup
2586,4,16,Afternoon,3972.1135412595513,456.9659715643283,4429.07951282388,Setup
2587,8,10,Afternoon,12803.683768233761,1399.9564887645224,14203.640256998284,Breakdown
2588,5,6,Afternoon,15810.307322777899,1920.412002740594,17730.719325518494,No Power
2589,1,17,Night,3748.6501332192547,758.6048997170379,4507.255032936293,Breakdown
2590,4,11,Night,5527.0329848039855,574.4884754159691,6101.521460219955,Breakdown
2591,5,18,Night,14026.317804527367,1492.9714666653886,15519.289271192756,Maintenance
2592,3,11,Night,7806.307197859801,1055.6693352076195,8861.97653306742,Setup
2593,1,13,Night,9084.601929057124,1702.6878423586386,10787.289771415763,Setup
2594,3,13,Morning,9963.622701561184,1715.069899854299,11678.692601415483,Setup
2595,7,17,Morning,9702.31049090896,743.933056447095,10446.243547356054,Maintenance
2596,8,7,Morning,13310.204316637972,942.2393938995559,14252.443710537527,Maintenance
2597,2,14,Morning,18474.992884345153,1398.6295216778863,19873.622406023038,Breakdown
2598,6,8,Morning,10237.042977346397,1350.989477466219,11588.032454812615,No Power
2599,3,7,Night,18579.284868086797,1923.0290275883115,20502.31389567511,No Power
2600,10,1,Morning,10642.192123071402,1778.5905688520727,12420.782691923474,Breakdown
2601,2,8,Morning,4710.562006038104,667.3523683590463,5377.914374397151,Maintenance
2602,2,18,Morning,7375.31441966183,751.8086641398287,8127.123083801658,Maintenance
2603,8,19,Afternoon,14022.891286115986,1353.6113263711309,15376.502612487116,Setup
2604,3,14,Afternoon,5005.267568023085,979.7497861146469,5985.017354137732,Breakdown
2605,5,17,Afternoon,8503.628422938322,1987.8866079986667,10491.51503093699,Breakdown
2606,10,15,Morning,9865.073147548179,1108.0989360746682,10973.172083622847,Breakdown
2607,3,4,Night,16287.102662362122,2104.009064253184,18391.111726615305,Breakdown
2608,1,17,Morning,11116.669250530338,1319.1063363008236,12435.775586831161,Setup
2609,7,19,Morning,15160.745067539407,1435.5300789593184,16596.275146498723,Breakdown
2610,2,18,Morning,10534.615575980806,541.1935312616648,11075.80910724247,Setup
2611,5,14,Morning,9577.486530786515,1622.038553994153,11199.525084780667,Setup
2612,1,16,Afternoon,15602.869150201852,2119.3605820347007,17722.229732236552,Setup
2613,2,15,Afternoon,12075.5057520479,1341.7673045609795,13417.27305660888,Setup
2614,1,13,Afternoon,13019.84397493482,1995.4854462692788,15015.329421204098,Breakdown
2615,3,11,Afternoon,10232.783527774454,1690.6658056147198,11923.449333389173,Breakdown
2616,5,13,Night,6357.586692366236,708.9297923061886,7066.516484672425,Setup
2617,8,8,Night,13242.372608585927,1833.7036414128704,15076.076249998798,No Power
2618,9,6,Night,6358.509278042564,734.9969689803913,7093.506247022955,Maintenance
2619,5,16,Morning,4863.262160490649,577.0652857398209,5440.32744623047,Maintenance
2620,5,4,Morning,9607.418181276913,1260.6347730736527,10868.052954350565,Setup
2621,6,13,Night,2964.9751666315374,443.5512883192469,3408.5264549507842,Maintenance
2622,1,19,Afternoon,9048.992895260268,1248.776823815231,10297.769719075499,Breakdown
2623,3,11,Morning,13220.691204779745,2170.483659785124,15391.17486456487,Breakdown
2624,5,17,Night,8811.62875108087,2066.121004554312,10877.749755635183,Setup
2625,9,16,Morning,8794.695959883717,1043.4233676478711,9838.119327531587,No Power
2626,9,11,Morning,10681.581266894787,1066.3823304006864,11747.963597295475,Maintenance
2627,5,11,Afternoon,6745.79602023373,1452.7264258514779,8198.522446085208,Setup
2628,6,14,Night,9906.173342122504,1437.1846470082817,11343.357989130785,Setup
2629,5,19,Night,6917.7502153466085,1945.1994274860929,8862.949642832702,Breakdown
2630,2,19,Afternoon,8889.992758689896,1040.1763024406102,9930.169061130506,Breakdown
2631,2,13,Morning,22503.225323632763,1153.968541952951,23657.193865585716,Maintenance
2632,2,3,Afternoon,6500.188418183151,973.8426564462281,7474.031074629379,Breakdown
2633,4,2,Night,2973.7124147656905,494.88683167691465,3468.5992464426054,Breakdown
2634,2,13,Morning,6971.553369191868,1274.2148415027532,8245.768210694621,Setup
2635,10,16,Afternoon,3160.772033393186,513.286604924803,3674.058638317989,Breakdown
2636,2,16,Morning,3082.721315562798,496.62193979984124,3579.343255362639,No Power
2637,2,14,Morning,12183.729556098839,781.5135390863674,12965.243095185206,Setup
2638,8,13,Morning,8302.77202910366,1091.1018406817952,9393.873869785455,Setup
2639,8,8,Morning,9656.64644780872,1153.8340943400005,10810.48054214872,Breakdown
2640,7,13,Morning,18278.75743532632,1263.5258583341433,19542.28329366046,Breakdown
2641,4,5,Afternoon,24489.919637402207,1491.7757107355887,25981.695348137797,Breakdown
2642,1,14,Morning,9036.894843699916,1327.441450294591,10364.336293994507,Setup
2643,2,20,Afternoon,11671.681261201458,1069.8291560160553,12741.510417217514,Breakdown
2644,4,16,Morning,3860.59912976724,441.23500932713495,4301.834139094375,No Power
2645,6,6,Night,15478.217724528673,1671.270923758341,17149.488648287013,No Power
2646,6,17,Afternoon,15025.016231569301,1039.3102531949958,16064.326484764297,Maintenance
2647,8,7,Morning,2119.3105531217902,462.95768223126856,2582.268235353059,Setup
2648,5,16,Night,6115.2292529806045,1131.9544678792834,7247.183720859888,Breakdown
2649,10,3,Night,16792.391084020906,1694.0625903208631,18486.45367434177,Maintenance
2650,8,19,Morning,3997.674755842764,766.9107200356365,4764.585475878401,Maintenance
2651,3,11,Morning,3604.0842495217803,810.8177784118476,4414.902027933628,Breakdown
2652,4,7,Morning,9160.028630682968,781.4564504646186,9941.485081147586,Setup
2653,7,18,Afternoon,9904.227644931098,742.202901083856,10646.430546014954,Maintenance
2654,4,16,Night,9472.128918341132,1180.086252849008,10652.215171190139,No Power
2655,10,14,Afternoon,6489.777525095582,1993.4136428633315,8483.191167958914,Breakdown
2656,5,9,Morning,6309.08019324266,1728.6331513482762,8037.713344590937,No Power
2657,6,20,Afternoon,8627.280317455146,1453.1606620396187,10080.440979494764,Breakdown
2658,8,4,Afternoon,6861.185598717624,1019.8984194152719,7881.084018132896,Breakdown
2659,7,19,Morning,7385.224904805924,941.1038677190838,8326.328772525008,Maintenance
2660,2,16,Morning,9314.469636065742,843.748874365874,10158.218510431616,No Power
2661,3,16,Morning,11764.471949237892,1483.154412022199,13247.62636126009,Setup
2662,3,6,Afternoon,12041.470934806957,1694.8020629299979,13736.272997736954,Maintenance
2663,1,14,Night,9908.494264497105,1257.0436891122029,11165.537953609308,Breakdown
2664,10,20,Afternoon,11829.593123067327,1597.5762927843034,13427.16941585163,Breakdown
2665,8,6,Afternoon,7969.302752489735,940.8699220093594,8910.172674499094,No Power
2666,6,16,Afternoon,12100.398491689042,1629.881924633261,13730.280416322303,No Power
2667,2,1,Night,8170.877273892307,1554.6948031500706,9725.572077042378,Breakdown
2668,8,17,Afternoon,24559.285574357404,1729.7008612250452,26288.98643558245,Maintenance
2669,6,8,Night,4994.010560398839,696.3189003150395,5690.329460713878,No Power
2670,9,4,Morning,2113.046444171863,264.2922608486693,2377.3387050205324,Maintenance
2671,3,3,Afternoon,6784.762787325394,888.5984597217329,7673.361247047127,Maintenance
2672,5,7,Morning,5216.687461548688,741.2727609751073,5957.960222523795,Setup
2673,8,12,Morning,12551.12531376728,1542.1030747252407,14093.22838849252,Setup
2674,8,12,Afternoon,9034.297967452965,1673.1051931670079,10707.403160619973,Setup
2675,8,12,Morning,5577.673874061206,1226.3969561333013,6804.070830194508,Breakdown
2676,9,3,Morning,5472.020657246072,519.560403583813,5991.581060829885,No Power
2677,10,13,Morning,9393.695861919356,1257.8124289519255,10651.508290871281,Breakdown
2678,2,5,Afternoon,3093.2317914329556,474.2212030492773,3567.452994482233,Maintenance
2679,4,6,Morning,9195.262810352468,1413.3695359370647,10608.632346289533,Breakdown
2680,7,1,Night,5514.193150111838,956.3758235703724,6470.5689736822105,Maintenance
2681,6,2,Night,10267.242162273515,1744.662341083161,12011.904503356676,Breakdown
2682,7,8,Morning,3850.9211699469174,493.6603940741438,4344.581564021061,Maintenance
2683,10,6,Afternoon,4921.922661055946,1584.9508472168438,6506.87350827279,Maintenance
2684,3,11,Night,5844.775745037572,1422.1978884211112,7266.973633458683,Breakdown
2685,7,19,Night,7657.831088143172,1479.1766675126125,9137.007755655784,Maintenance
2686,4,19,Morning,10290.681639079887,747.8183226773078,11038.499961757194,Breakdown
2687,6,4,Morning,9227.943010181103,1098.1700732826741,10326.113083463777,Setup
2688,5,11,Night,9412.567209746261,1112.1641142795308,10524.731324025792,Maintenance
2689,2,6,Afternoon,15577.148482887027,978.7800324057506,16555.928515292777,Breakdown
2690,5,17,Night,3349.7024409946107,666.445371218416,4016.1478122130266,No Power
2691,1,19,Morning,17345.069519110195,1944.7022645824195,19289.771783692613,Setup
2692,1,8,Night,4442.010724747608,752.7753418509878,5194.786066598595,Breakdown
2693,7,17,Morning,5811.747645832921,1570.884263473866,7382.631909306787,Setup
2694,8,14,Afternoon,5289.460404970447,1078.134617056175,6367.595022026622,Setup
2695,10,16,Afternoon,9863.077117787838,1926.7733647958592,11789.850482583697,Breakdown
2696,1,16,Morning,3235.963361107381,532.0020914064105,3767.965452513791,Breakdown
2697,10,14,Afternoon,3479.377000739122,629.3447256358795,4108.721726375002,Breakdown
2698,4,9,Morning,9441.04367471365,790.5017671378895,10231.54544185154,Breakdown
2699,7,13,Morning,9976.761425881936,1041.461580720729,11018.223006602664,Setup
2700,6,7,Morning,13531.725575450651,841.7460034498835,14373.471578900535,Maintenance
2701,4,9,Afternoon,7911.05921655403,1419.4094058453636,9330.468622399394,Breakdown
2702,8,15,Afternoon,4887.9076299784465,730.1284527535439,5618.03608273199,Setup
2703,7,12,Morning,11374.161939597856,1048.1685555397096,12422.330495137565,Setup
2704,2,3,Afternoon,14690.751782539983,1309.5027493484858,16000.25453188847,Setup
2705,9,6,Afternoon,9645.592862387513,902.5973457060833,10548.190208093596,Setup
2706,5,6,Night,7539.668549120452,1207.3826500028802,8747.051199123332,Maintenance
2707,2,20,Afternoon,10060.279387512102,1659.3189436786206,11719.598331190722,Breakdown
2708,3,19,Night,10765.627725254231,1815.1294196338447,12580.757144888075,Setup
2709,2,2,Morning,4099.440901568822,460.72233726840614,4560.163238837227,Setup
2710,9,20,Afternoon,8121.92080517508,877.8618199871537,8999.782625162234,Setup
2711,5,7,Afternoon,3251.11809323827,764.9123006068576,4016.0303938451275,Breakdown
2712,6,4,Night,6906.495921249109,690.4712922483754,7596.967213497484,Setup
2713,10,9,Afternoon,3169.036351504746,579.3282243597363,3748.3645758644825,Breakdown
2714,7,13,Morning,10914.303873332501,1089.749149944914,12004.053023277414,Breakdown
2715,7,3,Night,4976.0913146510775,644.2921773464009,5620.383491997478,Breakdown
2716,7,4,Night,24041.882522315784,1998.2729741755481,26040.15549649133,Maintenance
2717,9,16,Morning,4443.489302957432,1001.957817490918,5445.447120448351,Breakdown
2718,10,9,Morning,11685.11183073617,1208.172871806862,12893.284702543033,Setup
2719,6,18,Night,16942.36944491374,1417.6550891617549,18360.024534075495,No Power
2720,7,15,Afternoon,12292.22219955433,1115.5862401974218,13407.808439751752,Setup
2721,4,11,Night,9577.45062908957,1391.8862535438493,10969.336882633419,Maintenance
2722,6,15,Afternoon,7983.480917129647,1925.5774477260654,9909.058364855713,Setup
2723,10,18,Afternoon,6918.556430413183,1219.9795991561948,8138.536029569378,Breakdown
2724,8,12,Afternoon,9094.744090816543,1459.8643450531067,10554.60843586965,Breakdown
2725,5,18,Morning,14883.879610972928,1714.8147642668814,16598.69437523981,Breakdown
2726,8,12,Afternoon,21843.3687120437,1400.9893517031896,23244.358063746888,Maintenance
2727,3,6,Morning,11756.20348933869,1177.6211460946986,12933.824635433388,Breakdown
2728,2,14,Afternoon,12883.290591443909,1039.4080172390197,13922.69860868293,Breakdown
2729,2,3,Morning,9385.603719488012,1202.6496947676685,10588.25341425568,Maintenance
2730,1,12,Morning,5699.6645389655305,828.2435383579428,6527.908077323474,Maintenance
2731,10,12,Afternoon,3797.852248263891,850.9605414872939,4648.812789751185,Setup
2732,3,11,Afternoon,5241.035826319871,883.8340099901886,6124.86983631006,Breakdown
2733,10,8,Morning,4385.845428306574,619.7993670750972,5005.644795381671,Breakdown
2734,9,6,Morning,15974.727035735767,963.415594158488,16938.142629894253,Breakdown
2735,1,10,Night,9166.30851358219,1130.16128569105,10296.46979927324,No Power
2736,1,10,Morning,8671.097732387987,1388.8946007603329,10059.99233314832,Setup
2737,3,13,Morning,12866.645509504291,1651.8627554066554,14518.508264910946,Breakdown
2738,1,1,Morning,10214.010897435335,1221.8613423820289,11435.872239817363,Setup
2739,2,10,Afternoon,8232.908558601193,1022.1828323445754,9255.091390945769,Breakdown
2740,6,4,Morning,6467.703209505989,886.306684263151,7354.00989376914,Maintenance
2741,8,11,Morning,3496.8118445671334,665.6012230441829,4162.413067611316,Breakdown
2742,5,8,Morning,10053.609229169953,1224.4663833233587,11278.075612493312,Setup
2743,8,5,Night,15117.824064622597,1822.7803499934266,16940.604414616024,Breakdown
2744,5,4,Morning,7499.466957418299,1222.4546060365985,8721.921563454898,No Power
2745,3,20,Afternoon,6506.75621256977,1505.1676144430237,8011.9238270127935,Breakdown
2746,8,8,Morning,6650.068010326078,907.3707747124599,7557.438785038538,Setup
2747,1,13,Night,8529.134419443551,1296.073260093704,9825.207679537256,Breakdown
2748,2,10,Morning,13914.247894248449,1275.3290991916788,15189.576993440127,Breakdown
2749,4,15,Morning,9878.01823859723,1089.5484654003837,10967.566703997612,Breakdown
2750,5,10,Afternoon,11389.531028045949,1644.7278279266243,13034.258855972574,Breakdown
2751,1,15,Night,10532.001049215987,1593.4522460438855,12125.453295259873,Breakdown
2752,1,9,Night,7580.218698200103,1650.3326309913552,9230.551329191458,Maintenance
2753,5,7,Morning,12612.766652399905,1263.8094179865002,13876.576070386405,Breakdown
2754,6,8,Afternoon,6055.922647672604,838.5129153443671,6894.435563016971,Breakdown
2755,2,5,Afternoon,8188.334395729433,1454.2532312676085,9642.587626997041,Breakdown
2756,3,8,Morning,7889.553174281098,778.2200216708261,8667.773195951924,Setup
2757,2,9,Afternoon,3537.044098365392,718.3149519174792,4255.359050282871,Maintenance
2758,8,5,Morning,4425.944005500397,584.7460054719091,5010.6900109723065,No Power
2759,10,11,Afternoon,5786.254723945374,1149.7333124715663,6935.98803641694,Setup
2760,2,12,Afternoon,12147.00503939244,1164.3753903933289,13311.380429785768,Setup
2761,1,6,Morning,5315.495146600011,1338.8984205988963,6654.3935671989075,Breakdown
2762,1,20,Afternoon,5480.369563978163,1217.7925487288164,6698.162112706979,Breakdown
2763,3,6,Morning,11433.799602626555,2279.0611994819847,13712.86080210854,Breakdown
2764,7,5,Morning,4198.07648063849,644.8808401183459,4842.9573207568355,Setup
2765,3,8,Morning,5127.323140007031,690.5622708949059,5817.885410901937,Maintenance
2766,7,9,Morning,9459.694178285126,1149.784066040467,10609.478244325594,Breakdown
2767,8,3,Morning,11646.629270216254,1163.0334903895305,12809.662760605785,Breakdown
2768,7,14,Night,8919.444609689277,1565.7451391793709,10485.189748868648,Breakdown
2769,1,20,Night,10166.21612626897,2319.9622745118795,12486.17840078085,Breakdown
2770,3,9,Night,6184.827595229218,1618.8807074441504,7803.708302673368,Maintenance
2771,1,6,Morning,15887.881639614223,1493.9610149714242,17381.842654585646,No Power
2772,7,10,Afternoon,10329.615328640277,832.5600217966794,11162.175350436955,Maintenance
2773,2,18,Morning,10333.834109199754,699.3550884959628,11033.189197695716,Setup
2774,8,1,Morning,7551.446130049192,1529.4118489287266,9080.857978977918,Breakdown
2775,9,18,Afternoon,11549.025458154061,775.165973699387,12324.191431853447,Setup
2776,7,15,Morning,12030.876251480619,1400.7782303341826,13431.654481814801,No Power
2777,5,18,Night,6040.659496253003,1136.7161352389112,7177.375631491915,Breakdown
2778,9,18,Afternoon,9394.373942791608,927.1389939103827,10321.51293670199,Breakdown
2779,3,8,Night,5127.782912428083,693.9174259374998,5821.700338365583,Breakdown
2780,10,7,Morning,8264.540918227216,1422.7551417544887,9687.296059981705,Breakdown
2781,10,5,Night,10800.483060080425,1241.6946505253206,12042.177710605745,Setup
2782,8,11,Night,10861.524002299866,1673.0266787694845,12534.550681069351,Setup
2783,1,15,Morning,17406.48340688323,906.6455539520822,18313.128960835315,Setup
2784,9,17,Morning,7461.4270132178735,1173.7006630885314,8635.127676306405,Breakdown
2785,9,9,Night,7413.304251781734,1474.2869235943263,8887.59117537606,Maintenance
2786,4,17,Afternoon,4017.785193025852,428.309092953175,4446.0942859790275,No Power
2787,9,17,Morning,3327.55221707735,454.25737374377667,3781.8095908211267,Setup
2788,4,6,Morning,8136.865853018658,1176.6146674790507,9313.48052049771,Setup
2789,4,18,Morning,4187.435132203416,564.4206791189672,4751.8558113223835,Setup
2790,5,18,Night,17941.04107110882,1832.0298432549232,19773.070914363743,Maintenance
2791,2,4,Night,4751.972978394722,1195.9307177603612,5947.903696155084,Setup
2792,4,9,Morning,3042.752770837327,477.8935501247553,3520.646320962082,Breakdown
2793,10,10,Morning,4966.866352272316,560.0435767573069,5526.9099290296235,Breakdown
2794,8,9,Morning,4771.125426612711,733.5782448068168,5504.703671419527,Setup
2795,9,19,Morning,17693.765561944558,1143.55090251709,18837.316464461648,Breakdown
2796,6,8,Morning,10229.396839117671,1462.1776671237292,11691.5745062414,Setup
2797,2,14,Afternoon,2137.6727459518474,387.06973860870795,2524.7424845605556,Breakdown
2798,10,7,Afternoon,19504.86668117018,1874.8972165223386,21379.76389769252,Setup
2799,9,5,Morning,8845.599015785843,1312.6449488862656,10158.243964672109,Breakdown
2800,9,16,Afternoon,6267.505927875385,582.8862447036473,6850.392172579032,Setup
2801,1,9,Afternoon,2911.8019629023074,698.4684887230743,3610.2704516253816,Setup
2802,4,9,Afternoon,14798.510883128221,1202.9241960221962,16001.435079150418,Setup
2803,1,6,Morning,10751.676668311273,1307.9527029087903,12059.629371220064,Breakdown
2804,7,3,Afternoon,1901.7156925854797,421.0754034222994,2322.7910960077793,Setup
2805,9,3,Night,12266.520360632016,1383.6480602597671,13650.168420891783,Breakdown
2806,10,20,Night,20571.77855927971,1844.8565431181137,22416.635102397824,Breakdown
2807,6,13,Afternoon,6867.9310032977555,1382.8070768214325,8250.738080119188,Breakdown
2808,1,14,Morning,7024.126947186068,1004.9581123942431,8029.085059580311,Breakdown
2809,7,4,Morning,5218.7710120036445,1104.1909561302405,6322.9619681338845,Setup
2810,3,1,Afternoon,14452.31894882587,1831.3954049348204,16283.71435376069,Breakdown
2811,10,10,Afternoon,7491.917803102262,1597.1369652966655,9089.054768398928,Setup
2812,8,11,Morning,3263.070210889695,503.25451609530205,3766.324726984997,Setup
2813,2,2,Afternoon,15952.512143036724,1027.1254261718814,16979.637569208604,Setup
2814,9,5,Morning,7741.819946763568,1181.8909458844614,8923.710892648029,Maintenance
2815,9,16,Night,8262.306015449763,1293.942638001316,9556.248653451079,Setup
2816,1,12,Morning,8769.54778035477,1670.701770287313,10440.249550642082,Maintenance
2817,7,12,Night,9447.85217301098,1140.0163204980147,10587.868493508995,Breakdown
2818,6,2,Afternoon,2902.367968397815,523.0539397691081,3425.421908166923,Setup
2819,3,15,Night,6885.068598598213,1084.7508876434315,7969.819486241644,Maintenance
2820,2,19,Morning,4461.7122789725645,494.9639791123627,4956.676258084927,Setup
2821,4,1,Afternoon,10417.857306891972,1117.347465405815,11535.204772297788,Setup
2822,1,3,Afternoon,6330.233100461583,1088.5367453116867,7418.7698457732695,Maintenance
2823,6,9,Afternoon,21137.432573336388,1507.4798145225213,22644.91238785891,Breakdown
2824,4,12,Afternoon,3373.937677184283,586.174004585905,3960.111681770188,Breakdown
2825,6,8,Morning,3950.877168133965,633.9428316479791,4584.819999781944,Breakdown
2826,9,19,Night,5527.14713191706,824.2513508920199,6351.39848280908,Breakdown
2827,4,18,Afternoon,11111.320843288453,1186.311650866131,12297.632494154584,Setup
2828,9,2,Afternoon,5014.687711223678,809.1115091059677,5823.799220329645,Breakdown
2829,7,11,Afternoon,5665.602119191555,1040.5393875109253,6706.141506702481,Breakdown
2830,10,15,Morning,4480.426101963337,1271.7635195748944,5752.189621538231,Breakdown
2831,6,19,Afternoon,6481.403555372381,1351.2584734725813,7832.662028844962,Breakdown
2832,8,12,Afternoon,7557.064266418839,752.5396592565022,8309.603925675341,Breakdown
2833,7,13,Morning,6958.872832693091,1095.4382956473748,8054.311128340466,Maintenance
2834,5,17,Morning,5167.583337494443,1239.761698388412,6407.345035882855,Setup
2835,6,6,Morning,14641.622745852386,1301.8438146207945,15943.466560473182,Setup
2836,6,17,Night,8466.339338112528,1554.9885239039675,10021.327862016495,No Power
2837,4,7,Afternoon,9139.029090952004,1145.3450639056084,10284.374154857613,Setup
2838,5,16,Morning,2943.2147038401313,631.8250522284827,3575.039756068614,Setup
2839,9,4,Afternoon,10512.11575846789,1283.261804665333,11795.377563133223,Breakdown
2840,6,18,Night,12651.53817197606,1561.1583962444097,14212.69656822047,Breakdown
2841,1,7,Morning,8403.063475130271,681.2389141618431,9084.302389292114,Breakdown
2842,8,2,Night,7693.588125847532,1453.358361915206,9146.946487762738,Breakdown
2843,1,16,Morning,6146.7214040149265,1552.6546604922423,7699.376064507169,Setup
2844,1,1,Morning,4994.096261077073,824.1453530224815,5818.241614099555,Breakdown
2845,5,8,Morning,7974.510937875986,1060.5606551355002,9035.071593011486,Breakdown
2846,3,8,Morning,8497.623851721208,1281.181486732111,9778.80533845332,Maintenance
2847,1,5,Morning,14830.342083597372,2239.1948144092553,17069.536898006627,Breakdown
2848,6,7,Afternoon,9172.664338532637,1651.7301556991413,10824.394494231778,Breakdown
2849,8,2,Morning,21152.794578764162,1365.1882914924042,22517.982870256565,Breakdown
2850,4,7,Afternoon,17737.490359678504,909.5412342012494,18647.031593879754,Setup
2851,2,11,Afternoon,5915.889206262156,937.1764799926259,6853.065686254782,Setup
2852,6,12,Night,5508.040714270969,2078.088372828576,7586.129087099545,Breakdown
2853,10,20,Morning,6351.088521849047,917.3206594633399,7268.409181312387,Maintenance
2854,8,7,Morning,11661.818445193672,1327.9286052568953,12989.747050450567,Setup
2855,4,1,Morning,9364.034121877843,1027.7435553598325,10391.777677237675,Maintenance
2856,8,2,Afternoon,10011.402701542003,1300.2399733876005,11311.642674929604,Breakdown
2857,4,8,Night,12554.709677566485,1349.7763820884966,13904.48605965498,Setup
2858,2,2,Afternoon,13889.682807468624,1133.09410421925,15022.776911687874,Setup
2859,4,15,Night,4458.145985422114,754.9547217299087,5213.100707152023,Setup
2860,1,11,Afternoon,7184.40608446328,1081.4773568468981,8265.88344131018,Breakdown
2861,7,6,Morning,7519.306446110909,1096.5209132660173,8615.827359376926,Breakdown
2862,7,5,Night,6984.470141113532,576.5175164286809,7560.987657542213,Breakdown
2863,10,5,Night,4848.091949522987,1047.2908028911468,5895.382752414134,Setup
2864,10,17,Night,6997.422050571794,1435.4252144935601,8432.847265065355,Breakdown
2865,1,20,Morning,4120.152743063999,753.5754196606596,4873.728162724658,Breakdown
2866,9,9,Afternoon,14311.626791498204,1110.6540182450376,15422.28080974324,Maintenance
2867,3,14,Afternoon,6371.081245620619,836.7540741285729,7207.8353197491915,No Power
2868,9,3,Night,11335.333368305988,973.9895536929481,12309.322921998937,Breakdown
2869,1,18,Afternoon,11176.419291894916,1304.6182659007545,12481.03755779567,Setup
2870,1,3,Afternoon,11139.965056559276,1892.4578522472984,13032.422908806575,No Power
2871,1,2,Afternoon,14523.800990259457,1805.3678692915937,16329.16885955105,Breakdown
2872,10,14,Night,3702.394704489933,823.0513479194323,4525.446052409365,Breakdown
2873,1,15,Afternoon,18696.406633819166,1631.3458884647753,20327.75252228394,Maintenance
2874,9,1,Night,5298.5976434594595,1363.004072938736,6661.601716398196,Breakdown
2875,5,10,Morning,5459.292547067943,1223.2266314640353,6682.5191785319785,Maintenance
2876,2,18,Night,3041.345635268076,433.7672646178443,3475.1128998859203,Breakdown
2877,1,18,Afternoon,11150.249431727396,1332.357299267733,12482.606730995129,Breakdown
2878,8,10,Morning,2477.6792075031967,563.5838697217885,3041.263077224985,Setup
2879,8,7,Morning,2750.874934874173,352.8108914870136,3103.6858263611866,Maintenance
2880,2,7,Afternoon,9289.01485199867,1014.9361358774205,10303.950987876091,Maintenance
2881,4,18,Morning,2418.5222244815886,231.23091544505368,2649.7531399266422,Setup
2882,1,7,Afternoon,4950.098865955521,772.3862738802604,5722.485139835782,Breakdown
2883,3,4,Morning,12361.415482306176,1577.8886707763118,13939.304153082488,Breakdown
2884,3,4,Afternoon,3523.9304678188128,637.3753039591531,4161.305771777966,Breakdown
2885,2,9,Morning,10833.289895264343,1310.050310265609,12143.340205529952,Setup
2886,1,20,Afternoon,7695.874623669256,1211.2293313011407,8907.103954970396,Breakdown
2887,9,1,Night,4866.036667959308,617.6930090324001,5483.729676991708,Breakdown
2888,6,18,Morning,6315.268239667034,947.928502317093,7263.196741984128,Setup
2889,5,12,Night,10219.812290114867,1599.5145238463547,11819.326813961223,Maintenance
2890,2,4,Afternoon,3457.8059327658416,970.5349966007876,4428.340929366629,Setup
2891,4,8,Morning,4838.651849701157,527.6755624792418,5366.327412180399,Setup
2892,5,13,Morning,11673.310060923211,1526.0373261760794,13199.347387099291,Setup
2893,10,18,Afternoon,7510.059504324974,1456.0298015027727,8966.089305827747,No Power
2894,5,11,Afternoon,3625.460959887395,837.5405454628707,4463.001505350266,Breakdown
2895,3,6,Morning,10622.592539321051,1423.8560370829516,12046.448576404002,Breakdown
2896,3,13,Night,8740.022787164826,2214.8539049978403,10954.876692162667,Maintenance
2897,6,10,Afternoon,13592.348418655034,1642.0935336120579,15234.441952267092,Setup
2898,3,12,Afternoon,5648.048511888959,1171.2201223047196,6819.268634193679,Breakdown
2899,10,15,Afternoon,9308.417207275772,1827.6856224160006,11136.102829691772,Breakdown
2900,2,15,Afternoon,10088.0057512553,1149.1747758932893,11237.180527148588,Maintenance
2901,3,2,Afternoon,18278.832897698583,1592.5041503913963,19871.33704808998,Setup
2902,5,6,Morning,9741.863623039213,1840.3865688060605,11582.250191845273,Setup
2903,5,16,Morning,18198.3395164608,1337.585086383169,19535.92460284397,Setup
2904,6,14,Night,2715.134115334273,521.4968314494786,3236.6309467837514,Maintenance
2905,5,1,Night,2817.6466912783762,651.561392241495,3469.2080835198713,Maintenance
2906,3,16,Morning,3723.449709885622,655.3945617903789,4378.844271676001,Breakdown
2907,3,14,Morning,12990.104214899822,1473.963687932823,14464.067902832645,Breakdown
2908,1,18,Afternoon,4026.18518955582,760.2961824220804,4786.4813719779,Breakdown
2909,10,16,Night,8175.523245666159,1324.1406966128586,9499.663942279018,Breakdown
2910,8,1,Night,18657.41628218908,1972.213898776214,20629.630180965294,Breakdown
2911,7,13,Afternoon,16658.379062068583,1098.0389489418621,17756.418011010446,Breakdown
2912,7,5,Afternoon,7492.8113095473445,915.6251822023441,8408.43649174969,No Power
2913,4,7,Afternoon,11480.438035548319,982.7259929435849,12463.164028491903,Breakdown
2914,6,18,Morning,5626.311914812794,567.5454545795859,6193.85736939238,Maintenance
2915,7,8,Night,3676.865602393553,704.700453539627,4381.56605593318,Maintenance
2916,6,8,Night,7647.760637465354,1009.2960394209392,8657.056676886294,Breakdown
2917,10,13,Night,12797.426360226551,1638.117353989303,14435.543714215853,Breakdown
2918,8,14,Night,4552.950161949572,819.9909788148816,5372.941140764454,Setup
2919,8,2,Morning,7464.038798352287,1390.172523120606,8854.211321472892,Breakdown
2920,10,10,Morning,4452.0671565301745,780.1570038197012,5232.224160349876,Setup
2921,7,16,Afternoon,10012.829807592841,1233.5155588011232,11246.345366393965,Setup
2922,6,1,Morning,7706.085743632432,996.1195714036716,8702.205315036104,Breakdown
2923,1,10,Night,14618.628211964946,2321.953869732859,16940.582081697805,Setup
2924,9,4,Morning,8833.026452273478,683.2554240527905,9516.281876326268,Breakdown
2925,9,20,Afternoon,1841.7741532296727,190.56035806810155,2032.3345112977743,Breakdown
2926,2,10,Night,13588.07692186225,1364.9423036701576,14953.019225532407,Breakdown
2927,10,15,Afternoon,7639.4352179304315,1612.5519486930377,9251.987166623469,Breakdown
2928,5,1,Morning,6135.382903713589,1281.9146084770107,7417.2975121906,No Power
2929,6,20,Night,8338.128762970717,1855.1078610467275,10193.236624017445,Breakdown
2930,10,10,Morning,7298.683782375607,1733.6077569332251,9032.291539308831,Setup
2931,2,4,Morning,9325.168300453282,731.1695410388237,10056.337841492106,Setup
2932,4,15,Night,18755.082455406675,1280.9656563494539,20036.04811175613,Setup
2933,2,10,Afternoon,4185.7207257633245,455.3746756673449,4641.095401430669,Setup
2934,3,19,Afternoon,9935.103328145808,1374.1365125814448,11309.239840727252,Setup
2935,10,3,Night,10001.539834815576,1514.2602729316634,11515.80010774724,Setup
2936,7,3,Morning,8072.174001416857,758.8665555778448,8831.040556994702,No Power
2937,1,8,Morning,12622.778388628589,1074.6822270672799,13697.460615695869,Breakdown
2938,6,7,Morning,4781.674255898123,1475.9396774902705,6257.613933388394,Setup
2939,3,3,Afternoon,6596.854977372113,1276.8081066799966,7873.66308405211,Breakdown
2940,7,2,Morning,7205.665417537707,1084.3372749633984,8290.002692501106,Maintenance
2941,6,17,Night,10697.425187081506,1327.2047867276933,12024.629973809198,Maintenance
2942,2,9,Morning,2244.673601094555,444.9389254798975,2689.6125265744527,Breakdown
2943,4,13,Afternoon,8467.165838389205,894.4148108808787,9361.580649270083,Maintenance
2944,5,13,Morning,11109.164146633297,1394.7983423275216,12503.962488960819,Breakdown
2945,4,9,Afternoon,2413.3348664354876,519.9788849895992,2933.3137514250866,Breakdown
2946,5,9,Morning,3477.5262790485867,685.265110777283,4162.791389825869,Breakdown
2947,3,11,Morning,11193.209355275943,1176.9456570203404,12370.155012296284,Breakdown
2948,6,1,Morning,7304.444664679325,767.3969874416067,8071.841652120932,Maintenance
2949,3,8,Afternoon,8119.742560848269,1684.337555838561,9804.08011668683,Breakdown
2950,10,13,Morning,5707.380998577237,1207.5638089591048,6914.944807536342,Maintenance
2951,5,16,Night,8782.661944296022,1547.0928231301714,10329.754767426193,Breakdown
2952,2,11,Afternoon,8945.639501122938,1240.1375234653342,10185.777024588271,Breakdown
2953,10,1,Afternoon,6015.083132906007,1201.394813365868,7216.477946271875,Setup
2954,9,7,Night,6083.592240766488,906.4613007131348,6990.053541479623,Setup
2955,3,11,Night,4406.4375567771585,732.8342035681368,5139.271760345296,Setup
2956,4,20,Morning,2805.5950137971176,479.176920540899,3284.7719343380168,Setup
2957,7,12,Afternoon,6908.848318604528,852.5991786827543,7761.447497287282,No Power
2958,9,13,Afternoon,4054.2807577789176,625.2024196565297,4679.483177435447,Maintenance
2959,6,17,Morning,16117.610458378304,1227.6188593394231,17345.229317717727,Breakdown
2960,5,3,Night,7987.243925361278,1211.449274763132,9198.69320012441,Setup
2961,1,12,Morning,10880.911568129508,1395.8213306609246,12276.732898790433,Breakdown
2962,10,7,Night,4729.763761431681,1452.2155135926314,6181.979275024312,Setup
2963,4,11,Morning,3308.631254271892,378.70363849521283,3687.334892767105,Breakdown
2964,8,9,Night,4089.9112039606553,669.2598700866047,4759.17107404726,Maintenance
2965,3,2,Afternoon,5722.357760335943,1163.3236063726542,6885.681366708597,Setup
2966,9,12,Morning,7302.389887770415,1046.1352049587078,8348.525092729124,Setup
2967,4,15,Night,3871.262855026005,624.4867351389113,4495.749590164916,Maintenance
2968,10,8,Afternoon,3332.2681178218754,844.8603568027893,4177.128474624665,Breakdown
2969,10,9,Afternoon,6805.662121025028,1213.2685362969683,8018.9306573219965,Breakdown
2970,5,7,Night,11402.51724941584,1486.9552734754247,12889.472522891265,Breakdown
2971,3,11,Night,4738.520864439206,739.1128409070983,5477.633705346304,Setup
2972,7,5,Night,3968.136480444898,870.010967566261,4838.147448011159,Setup
2973,9,10,Afternoon,4727.950389899212,652.4454064762656,5380.395796375477,Setup
2974,4,11,Night,3585.2032342838647,297.87732081136056,3883.0805550952255,Maintenance
2975,8,19,Morning,4439.758153294722,943.9313287874685,5383.689482082191,Breakdown
2976,2,7,Afternoon,3482.9519715729075,582.8373009923577,4065.789272565265,Breakdown
2977,5,11,Afternoon,8628.094680073307,1351.189137961896,9979.283818035203,Setup
2978,7,14,Morning,2661.8967613177083,453.3149550285259,3115.2117163462344,Breakdown
2979,10,16,Night,5040.73547652628,909.366191893492,5950.101668419772,Maintenance
2980,9,20,Morning,3736.9235535133143,482.59423380609854,4219.5177873194125,Breakdown
2981,9,8,Night,5219.19862763545,803.434514311039,6022.63314194649,Maintenance
2982,5,15,Afternoon,3999.9047073918837,737.0223751612738,4736.927082553158,Breakdown
2983,5,2,Afternoon,7188.494209816204,1614.9451742769297,8803.439384093133,Maintenance
2984,1,15,Afternoon,9863.923142769525,1116.534077648711,10980.457220418237,No Power
2985,2,11,Morning,15696.848986451843,1060.2851039999032,16757.134090451746,Breakdown
2986,1,14,Night,8973.416638427148,1341.765251732874,10315.181890160022,Breakdown
2987,7,1,Morning,8675.71808902738,816.0754942124519,9491.79358323983,Maintenance
2988,1,10,Night,6461.146994910289,935.427352080881,7396.57434699117,Breakdown
2989,9,6,Afternoon,6025.594142474001,725.0776198303846,6750.671762304386,No Power
2990,10,2,Night,2656.344368635134,526.2385042843329,3182.582872919467,Breakdown
2991,5,2,Afternoon,13538.399188038831,1912.582367954326,15450.981555993158,Breakdown
2992,5,2,Afternoon,11367.735547211409,1544.5076451239522,12912.243192335362,Breakdown
2993,7,5,Morning,14211.6338680603,943.6593373460505,15155.293205406351,Setup
2994,7,6,Afternoon,9754.33537160029,1611.9858056855655,11366.321177285856,Setup
2995,8,16,Night,7822.596281790644,1119.6113271332247,8942.207608923869,Setup
2996,1,9,Morning,7554.5149101418265,1116.6691079562495,8671.184018098076,Setup
2997,1,7,Afternoon,8535.032947801443,1164.5128744784472,9699.54582227989,Setup
2998,8,19,Morning,6031.675188311675,744.3805791585007,6776.055767470176,No Power
2999,10,19,Morning,8425.481050222705,1624.1656152426715,10049.646665465376,Setup
3000,2,2,Morning,16682.16414225171,819.8335004583096,17501.99764271002,Breakdown
3001,2,20,Morning,16635.095587632797,1182.2877531923273,17817.383340825123,Breakdown
3002,8,4,Night,3334.750796070402,594.851236774482,3929.602032844884,Maintenance
3003,8,10,Afternoon,19606.370542626235,1807.029941942979,21413.400484569214,Setup
3004,9,8,Night,4770.85086528316,1098.311432119071,5869.16229740223,Breakdown
3005,1,14,Night,9130.13117264964,1882.5686229136115,11012.699795563252,Breakdown
3006,9,14,Night,3855.2583421695035,397.2893774984822,4252.547719667986,Maintenance
3007,1,5,Morning,4112.921093052359,836.3078302955771,4949.228923347936,Setup
3008,2,18,Afternoon,5570.877095836302,712.6015955327274,6283.47869136903,Setup
3009,10,14,Morning,13644.723837017016,1399.1410195944054,15043.86485661142,No Power
3010,5,11,Afternoon,8076.5870920198,1380.1634180956262,9456.750510115427,Maintenance
3011,2,4,Afternoon,8309.90360554597,1269.0255854416725,9578.929190987641,Breakdown
3012,10,9,Night,5071.870536331295,651.5851420286574,5723.455678359952,Maintenance
3013,3,20,Morning,14362.576820052733,1276.5626470247062,15639.139467077439,Maintenance
3014,4,18,Morning,7105.410373261999,1032.0367014887925,8137.447074750791,Breakdown
3015,9,19,Morning,14949.251967120177,704.5621400537226,15653.8141071739,Setup
3016,6,13,Morning,8836.853122193565,854.9075263488072,9691.760648542371,No Power
3017,6,20,Afternoon,3408.1672519510125,809.4137844347459,4217.581036385758,Maintenance
3018,7,16,Morning,3571.8934072091092,495.85073410358166,4067.7441413126908,Breakdown
3019,3,4,Morning,9744.542164525845,1037.0576769087509,10781.599841434596,Breakdown
3020,2,1,Night,11564.086888700851,1226.5004468262275,12790.587335527078,Setup
3021,6,14,Afternoon,9257.308809376185,1428.3534425101727,10685.662251886359,Setup
3022,4,19,Night,10635.998085108966,1405.985580788974,12041.98366589794,Setup
3023,7,2,Night,8007.6484244134945,942.1350297078574,8949.783454121352,Setup
3024,9,12,Afternoon,3898.999894888467,613.1034850692145,4512.103379957682,Breakdown
3025,3,9,Afternoon,14878.650311099613,1079.605508560726,15958.255819660339,Breakdown
3026,3,9,Afternoon,6629.7242193399325,949.1405409165958,7578.864760256528,Maintenance
3027,2,1,Morning,13724.178966529973,1065.8347601362489,14790.013726666222,Setup
3028,6,1,Night,4958.691198967761,843.4659894625709,5802.157188430332,Setup
3029,5,5,Night,5390.145379314869,813.3686574746031,6203.514036789473,Breakdown
3030,3,8,Morning,10125.516345680911,1566.7006722268789,11692.217017907791,Maintenance
3031,10,16,Morning,17163.387722643998,1732.3940647503157,18895.781787394313,Maintenance
3032,1,12,Morning,4448.640702259047,410.48824033832796,4859.1289425973755,Maintenance
3033,9,14,Night,6798.560023112211,766.8429496904511,7565.402972802662,Breakdown
3034,10,3,Afternoon,5767.179678851737,907.3223781782527,6674.502057029989,Setup
3035,2,11,Afternoon,9201.381490729162,629.7165817175157,9831.098072446677,Setup
3036,2,19,Night,3623.0616938372955,785.7712276174361,4408.832921454732,Maintenance
3037,4,8,Morning,10716.23787167846,786.7145992480762,11502.952470926537,Breakdown
3038,7,2,Night,9179.884066792712,998.1243651614304,10178.008431954142,Breakdown
3039,6,19,Morning,4831.683985487822,1046.4871241184164,5878.171109606238,Maintenance
3040,9,5,Afternoon,6821.449808767312,543.856970642274,7365.306779409586,Maintenance
3041,5,20,Afternoon,5934.4920200032175,1416.489978289106,7350.981998292324,Maintenance
3042,7,20,Night,4772.425316574118,808.7915500000885,5581.2168665742065,Breakdown
3043,10,8,Morning,9350.464654272011,1326.0185592345645,10676.483213506575,Setup
3044,7,12,Night,4532.430569059031,794.1663250504653,5326.596894109496,Maintenance
3045,2,15,Morning,2625.434347068427,381.48056627759746,3006.9149133460246,Setup
3046,7,12,Morning,4185.025264399891,851.776922175413,5036.802186575304,No Power
3047,3,18,Afternoon,8736.814315728103,1881.3296938562821,10618.144009584385,Maintenance
3048,6,11,Morning,4465.097190515044,644.1352289520746,5109.232419467118,Maintenance
3049,4,12,Morning,4961.756456080968,498.02559655354355,5459.782052634511,Setup
3050,1,4,Night,14940.193045646767,2239.244431529371,17179.43747717614,Breakdown
3051,3,12,Morning,3674.5175600015523,528.0360535623645,4202.553613563917,No Power
3052,4,4,Afternoon,8599.537835298433,1060.4884930271126,9660.026328325546,Breakdown
3053,10,17,Night,15883.741443103669,1494.7909486489896,17378.53239175266,Breakdown
3054,4,15,Afternoon,13315.739340277943,1100.2608875156861,14416.00022779363,No Power
3055,8,5,Morning,11304.817693863042,1286.5557545392248,12591.373448402268,Breakdown
3056,5,15,Afternoon,6913.4325278630395,1873.8456248863113,8787.27815274935,Breakdown
3057,3,10,Morning,9237.114556983337,1777.050486752499,11014.165043735837,Breakdown
3058,5,17,Afternoon,8234.565313400535,1394.9841211295218,9629.549434530058,Breakdown
3059,1,15,Morning,3051.195817556876,439.67164527978133,3490.8674628366575,No Power
3060,4,20,Night,9304.824211070752,1080.5265766331854,10385.350787703937,Breakdown
3061,10,18,Afternoon,7082.4178262119085,826.824027510544,7909.241853722453,Setup
3062,3,1,Morning,5787.013444806755,670.6594099101212,6457.672854716876,Setup
3063,1,9,Afternoon,9408.974781023968,1143.1144392561082,10552.089220280075,Setup
3064,6,16,Night,25826.30869492025,1917.4012233367926,27743.709918257046,Setup
3065,4,13,Afternoon,10352.73089340421,761.9825946552666,11114.713488059477,Setup
3066,8,12,Morning,14090.81336880431,1217.618762233139,15308.43213103745,Breakdown
3067,4,12,Afternoon,3624.654756137539,1136.0113014419967,4760.666057579536,Breakdown
3068,5,12,Night,14545.722544266351,1756.7079684838238,16302.430512750176,Breakdown
3069,7,15,Afternoon,5905.815142361978,851.1734213483963,6756.988563710374,Setup
3070,3,18,Night,7855.474367403207,1989.7421075643304,9845.216474967538,Setup
3071,8,1,Morning,9119.385072570229,1105.0841673827083,10224.469239952938,Maintenance
3072,10,13,Morning,8434.858040685896,1033.3616878436883,9468.219728529584,Breakdown
3073,4,8,Afternoon,25563.45727012125,1372.3859255626091,26935.843195683858,Maintenance
3074,10,14,Night,8822.748039657177,2121.9634990087898,10944.711538665968,Setup
3075,4,10,Morning,4165.992026933768,524.800072356196,4690.792099289964,Breakdown
3076,8,19,Afternoon,11310.286637941788,1034.1676216415724,12344.45425958336,Setup
3077,8,17,Afternoon,4047.882979710487,801.0252500142774,4848.908229724764,Breakdown
3078,3,3,Morning,20237.348861139562,1280.6935223599587,21518.04238349952,Setup
3079,4,12,Night,4328.280793760132,694.039869963219,5022.320663723351,Breakdown
3080,7,14,Afternoon,8234.265793690338,1658.3737731597687,9892.639566850106,Setup
3081,8,15,Morning,12918.886404186745,1169.6815103608217,14088.567914547568,Breakdown
3082,2,11,Night,12495.40901669033,1081.0702126476538,13576.479229337983,Breakdown
3083,4,5,Night,5093.682220993249,663.787397643015,5757.4696186362635,Breakdown
3084,3,8,Night,4556.826272360529,683.9258711160047,5240.752143476534,No Power
3085,1,6,Afternoon,6204.677198372659,1620.0428596873423,7824.720058060002,Breakdown
3086,9,12,Morning,3512.649450202014,387.3310705152548,3899.980520717269,Setup
3087,4,8,Afternoon,3305.1877894909185,503.40684492211926,3808.594634413038,Setup
3088,5,5,Morning,10211.860011262786,1215.1586198638167,11427.018631126602,Setup
3089,5,20,Morning,7111.683420039846,1096.1505385451073,8207.833958584954,Setup
3090,2,5,Morning,23666.66080000365,1093.8281434050243,24760.488943408676,Maintenance
3091,8,1,Afternoon,3858.7801374068426,793.5439184390725,4652.324055845915,Setup
3092,7,15,Morning,10974.235762346603,1397.7061246875385,12371.941887034141,Breakdown
3093,7,8,Night,3424.270367463606,698.3497348405913,4122.620102304198,Breakdown
3094,6,8,Afternoon,9737.05716754135,1434.713617561839,11171.77078510319,Maintenance
3095,7,10,Afternoon,3479.072329929948,563.3750509715452,4042.447380901493,Setup
3096,6,6,Morning,10038.972434969632,1131.0791480585553,11170.051583028187,Maintenance
3097,3,10,Morning,7983.185521088776,1148.8054331507196,9131.990954239496,Breakdown
3098,1,13,Afternoon,11248.589649236148,1162.5092603737098,12411.098909609858,Setup
3099,1,19,Afternoon,15104.515928541612,1830.3241501225853,16934.840078664198,Setup
3100,3,1,Afternoon,11075.808667926762,1238.1558332569432,12313.964501183706,Maintenance
3101,1,18,Morning,14222.59777785224,1415.3527173934337,15637.950495245674,Breakdown
3102,3,14,Morning,8166.143001526775,1044.9909511055796,9211.133952632355,Breakdown
3103,1,20,Morning,4501.774350267812,622.7611558279651,5124.535506095777,Setup
3104,3,20,Afternoon,2667.2002191064976,632.6809936290541,3299.881212735552,Maintenance
3105,8,14,Morning,3052.497302867984,652.9292194179005,3705.426522285885,Setup
3106,1,3,Afternoon,7681.1867781849,1439.6291362002469,9120.815914385146,Breakdown
3107,4,11,Morning,7290.29021355515,1040.9692896219988,8331.259503177149,Breakdown
3108,8,10,Morning,10316.735139524744,1691.0126969519179,12007.747836476661,Breakdown
3109,7,13,Morning,11172.118974034463,963.949049411941,12136.068023446405,Breakdown
3110,9,4,Night,6036.331062343601,762.9546898869953,6799.285752230597,Setup
3111,10,11,Night,8592.231402778698,1209.6907452024507,9801.92214798115,Setup
3112,6,2,Morning,5463.171124832853,850.307198306295,6313.478323139148,Maintenance
3113,3,10,Afternoon,24875.792505910536,2011.6540159631852,26887.44652187372,Breakdown
3114,8,1,Morning,4097.073215894379,867.0654109363684,4964.138626830748,Maintenance
3115,5,18,Morning,19542.787023205536,1430.2528540769147,20973.039877282452,No Power
3116,10,18,Night,4652.306710656825,822.827412555802,5475.134123212627,Breakdown
3117,10,5,Afternoon,15241.927707083823,1789.9180702442852,17031.845777328108,Setup
3118,2,15,Morning,2156.3931835423955,460.4572303653021,2616.8504139076977,Maintenance
3119,1,8,Morning,22492.323516481585,1379.5698583777535,23871.893374859337,Breakdown
3120,8,14,Morning,10580.345186556091,1317.1993710692957,11897.544557625386,Setup
3121,7,11,Afternoon,6926.939951862413,808.6208016859672,7735.5607535483805,Maintenance
3122,1,6,Morning,4331.821620822939,888.200076722626,5220.021697545565,Maintenance
3123,5,14,Night,26328.274456987925,2019.960066169242,28348.234523157167,Breakdown
3124,2,19,Afternoon,10390.443830403532,1181.3752793316617,11571.819109735194,Maintenance
3125,8,6,Night,9863.47411197685,898.2133503905749,10761.687462367425,Breakdown
3126,1,9,Morning,6561.387050434634,1144.6080432156632,7705.995093650297,Breakdown
3127,4,5,Morning,4012.5705735454703,867.4267615952075,4879.997335140678,Breakdown
3128,1,1,Night,7029.875585838483,677.0102640949127,7706.885849933396,Setup
3129,3,14,Morning,4180.348956103737,1088.6421439081837,5268.991100011921,Setup
3130,10,9,Morning,18763.225705036544,1422.9166114296531,20186.142316466197,Setup
3131,4,11,Morning,12074.951703713159,1595.9298263906078,13670.881530103767,No Power
3132,10,7,Afternoon,13302.261796959277,1576.01178602697,14878.273582986247,Maintenance
3133,3,1,Morning,15155.287351663592,1425.7367854582312,16581.02413712182,Breakdown
3134,8,10,Morning,7770.383530243441,1305.8250406241725,9076.208570867613,Breakdown
3135,10,15,Afternoon,8332.092638597975,1561.92538079672,9894.018019394694,No Power
3136,2,8,Afternoon,8479.765202002856,1044.8684171851323,9524.63361918799,Breakdown
3137,9,9,Morning,18288.621524357495,1014.8437040235842,19303.46522838108,Breakdown
3138,3,12,Afternoon,8346.519047312704,1247.5114014829244,9594.03044879563,Breakdown
3139,7,16,Morning,3523.716243533585,529.7529535626883,4053.469197096273,Breakdown
3140,4,13,Morning,7902.087858854621,638.4858543162642,8540.573713170885,Breakdown
3141,2,15,Afternoon,6304.7876576738,686.2572433801771,6991.044901053977,Maintenance
3142,3,6,Afternoon,7427.40924348976,1559.7485546535218,8987.157798143282,Setup
3143,7,9,Afternoon,4065.6160360584136,729.1655893083444,4794.781625366758,Breakdown
3144,2,19,Afternoon,3629.4453549592804,549.1845833186914,4178.629938277972,Breakdown
3145,5,18,Night,4983.7227063920345,950.878070914135,5934.600777306169,Breakdown
3146,5,9,Afternoon,8578.631167829195,1893.2289572163015,10471.860125045496,Breakdown
3147,3,19,Afternoon,3984.485962869432,549.2998478776359,4533.785810747068,Setup
3148,2,10,Afternoon,4777.771449967343,1160.9205929437512,5938.692042911094,Breakdown
3149,9,7,Morning,10707.36868088824,1157.5807862127313,11864.94946710097,Setup
3150,8,20,Morning,5826.98934335158,1309.0822805931618,7136.071623944742,Setup
3151,5,19,Morning,21338.504102567862,1753.0873198928086,23091.59142246067,No Power
3152,8,7,Morning,4785.997476607143,899.1349060762889,5685.132382683431,Setup
3153,10,5,Afternoon,2773.2489442350247,570.9429490775968,3344.1918933126217,No Power
3154,2,14,Night,8311.839586470873,1174.831853651019,9486.671440121892,Maintenance
3155,1,20,Morning,9610.269127050355,1555.5456348867222,11165.814761937077,Setup
3156,8,8,Afternoon,2456.5129686037526,496.8309511134384,2953.343919717191,Maintenance
3157,6,3,Afternoon,8702.635246663393,1377.6088784676663,10080.24412513106,Breakdown
3158,10,16,Night,5100.983629186611,1438.0949394013205,6539.078568587932,Breakdown
3159,8,11,Morning,5799.403340560459,837.9501036744797,6637.353444234938,Maintenance
3160,1,20,Morning,8307.529047233316,950.5451412582577,9258.074188491573,Breakdown
3161,10,3,Morning,6700.709127504986,1255.3703893835645,7956.079516888551,Maintenance
3162,8,11,Morning,16065.368339638855,1322.0172046166106,17387.385544255467,Breakdown
3163,6,11,Morning,4951.742085864655,693.502515423302,5645.244601287956,Setup
3164,9,9,Afternoon,11487.90928505504,954.0155553920154,12441.924840447056,Breakdown
3165,3,13,Morning,3653.672930849207,727.4361483070021,4381.109079156209,Breakdown
3166,6,15,Afternoon,4379.271595780107,733.2046298848544,5112.476225664962,No Power
3167,3,9,Morning,4199.622143889562,827.4997920049984,5027.12193589456,Setup
3168,3,13,Morning,12106.016986817129,922.5196201681779,13028.536606985306,Breakdown
3169,7,9,Afternoon,5971.344171840894,1241.4822947816838,7212.826466622578,Breakdown
3170,1,8,Morning,6684.788307543142,947.398787854404,7632.187095397546,Maintenance
3171,2,8,Night,8172.876436111292,1398.1179248636531,9570.994360974944,Setup
3172,1,16,Afternoon,8254.571037666456,1092.0477620429588,9346.618799709415,Maintenance
3173,1,3,Afternoon,9176.667442896964,1312.2832221247456,10488.95066502171,Breakdown
3174,10,16,Afternoon,17653.475050318142,1437.889109033851,19091.364159351993,Maintenance
3175,7,6,Night,2945.3130003360775,597.3926090806864,3542.7056094167638,Breakdown
3176,1,4,Afternoon,3673.5742892584985,560.4842959577583,4234.058585216257,Breakdown
3177,8,14,Afternoon,6140.638777677527,900.0096341129783,7040.648411790506,Breakdown
3178,7,3,Morning,11330.347631086031,1049.6005394439314,12379.948170529962,Breakdown
3179,8,2,Afternoon,5964.864603045508,998.8440937197012,6963.708696765209,Setup
3180,5,4,Morning,2970.4665503271885,412.8979391498152,3383.3644894770036,Maintenance
3181,3,7,Night,8854.709330119924,1175.031606461699,10029.740936581624,Breakdown
3182,5,7,Morning,15602.683817715328,1495.8275844993896,17098.511402214717,No Power
3183,4,20,Afternoon,2563.1994733782285,364.0533222304915,2927.25279560872,Breakdown
3184,5,11,Night,17957.849553741806,1461.694735320412,19419.544289062218,Breakdown
3185,10,1,Morning,8501.68949833963,1254.4251658477604,9756.114664187391,No Power
3186,10,3,Afternoon,13060.286626518367,1234.5093312011788,14294.795957719547,Setup
3187,8,5,Night,10493.997740251847,1880.9416252720578,12374.939365523906,Breakdown
3188,2,4,Afternoon,3161.438502511991,505.0521933383931,3666.490695850384,Breakdown
3189,4,7,Afternoon,9215.653887840872,1090.3538328956508,10306.007720736523,Breakdown
3190,4,1,Morning,5901.452497770808,536.172728705167,6437.625226475975,Setup
3191,1,9,Night,10740.670451835313,1409.6356109796125,12150.306062814925,No Power
3192,1,8,Night,3494.8751323809247,761.8910368973761,4256.7661692783,Breakdown
3193,4,20,Morning,6380.179581402675,1038.747351235812,7418.9269326384865,Breakdown
3194,7,3,Night,17837.38337234076,1230.8274555741236,19068.21082791488,Breakdown
3195,5,2,Afternoon,3571.0888322413525,584.5947676342396,4155.683599875592,No Power
3196,8,11,Afternoon,8854.582515505319,1845.2718235965115,10699.85433910183,Setup
3197,4,2,Night,19352.073249510464,1501.9689800169838,20854.042229527447,Setup
3198,10,3,Night,6809.340567809649,746.252220464321,7555.59278827397,No Power
3199,9,5,Night,7131.730499352476,1540.4719732282429,8672.202472580719,Setup
3200,2,3,Afternoon,18469.454800289,1338.4571888468934,19807.911989135893,Maintenance
3201,6,2,Afternoon,5203.123961913097,619.0765928952409,5822.200554808338,Setup
3202,9,20,Afternoon,3302.777278954807,601.1410865024299,3903.918365457237,No Power
3203,8,5,Morning,7575.028067016454,916.7642774206823,8491.792344437135,Setup
3204,3,9,Night,5279.66439377289,776.7772599466929,6056.441653719583,Setup
3205,5,10,Afternoon,14611.99133217346,1470.7144608254298,16082.70579299889,Setup
3206,6,4,Afternoon,23404.40898208648,1358.4560245109146,24762.865006597392,No Power
3207,7,17,Afternoon,4615.174928209606,533.3441872468875,5148.519115456494,Breakdown
3208,1,14,Morning,5375.103467202761,722.3409679899313,6097.444435192692,Breakdown
3209,6,20,Afternoon,3645.5518263298045,762.9769136719601,4408.528740001764,No Power
3210,7,5,Morning,19523.71878228777,1431.727072296747,20955.44585458452,Maintenance
3211,8,7,Afternoon,9162.877819619534,1823.5538747302483,10986.431694349783,Maintenance
3212,3,8,Morning,8761.65957840975,1578.3152389425034,10339.974817352253,Maintenance
3213,1,4,Night,12022.932330055904,2247.5437633685433,14270.476093424448,Setup
3214,10,11,Night,12075.487901133625,1216.088362586685,13291.57626372031,Breakdown
3215,5,2,Night,10506.312654505651,2090.7532437024543,12597.065898208106,No Power
3216,10,17,Morning,7645.3254825109625,1017.3200740185843,8662.645556529547,Maintenance
3217,5,2,Afternoon,10254.645544652536,1151.2574536333127,11405.902998285848,Setup
3218,8,12,Afternoon,6384.389148263101,793.2276075931361,7177.6167558562365,Maintenance
3219,7,14,Morning,6004.575959299413,1117.4655468243068,7122.04150612372,Breakdown
3220,8,7,Afternoon,8904.695001537359,1142.6673514397824,10047.362352977141,Maintenance
3221,6,8,Afternoon,4369.771997410214,979.5993033518292,5349.371300762043,Breakdown
3222,1,1,Afternoon,6879.601944231375,803.3185196982623,7682.920463929637,Setup
3223,4,8,Morning,5034.240084872519,736.5569772963412,5770.79706216886,Setup
3224,6,18,Night,11470.8855729601,1033.516104349118,12504.401677309219,Setup
3225,9,16,Morning,4444.895827735867,585.0915102576338,5029.987337993501,Setup
3226,6,19,Morning,5864.169315040612,611.4769104559441,6475.646225496555,Setup
3227,2,7,Afternoon,12804.894100230842,1150.6958834185868,13955.589983649428,Setup
3228,7,4,Afternoon,7765.191961899583,874.9677698205039,8640.159731720087,Setup
3229,7,7,Night,2595.6293023557278,458.45066163017646,3054.079963985904,Setup
3230,8,1,Afternoon,13868.059152857866,1733.2162756185635,15601.27542847643,Breakdown
3231,7,7,Afternoon,12379.73803201075,1511.1895524689671,13890.927584479716,Setup
3232,8,16,Morning,3417.499712910964,672.81980168894,4090.319514599904,Breakdown
3233,5,18,Morning,8801.965325632154,1076.775467271291,9878.740792903445,Breakdown
3234,1,17,Afternoon,10540.810865311092,1186.4308264606575,11727.24169177175,Breakdown
3235,3,10,Morning,6428.527572638445,797.6016409898177,7226.129213628263,Setup
3236,2,17,Night,11801.309903603886,1636.2868024025026,13437.596706006389,Setup
3237,2,18,Morning,17072.879600809545,1152.496785759405,18225.37638656895,Setup
3238,3,20,Morning,4286.0833751705795,635.2506910542882,4921.3340662248675,Setup
3239,8,18,Morning,14854.744788368642,1406.6211204480746,16261.365908816717,Breakdown
3240,2,2,Afternoon,6214.016888443094,817.9671253857381,7031.984013828832,Breakdown
3241,9,12,Night,2859.229432442391,365.37125598413365,3224.600688426525,Setup
3242,8,3,Morning,6425.399733147091,885.5264619884487,7310.926195135539,Breakdown
3243,2,20,Morning,2878.5762143122556,429.76277381290265,3308.3389881251583,Breakdown
3244,2,20,Morning,10651.356200727972,1409.697986830886,12061.054187558859,Breakdown
3245,8,4,Morning,7580.430439347105,1664.5479680953129,9244.978407442417,Breakdown
3246,10,19,Morning,16841.815814437352,1703.889045211715,18545.704859649068,Breakdown
3247,1,13,Night,7362.244593450494,930.7496533119992,8292.994246762493,Setup
3248,2,1,Morning,6670.933347226158,986.0594483505903,7656.992795576748,Breakdown
3249,4,10,Morning,8331.58034450604,1387.3941333666571,9718.974477872696,Breakdown
3250,7,9,Morning,4580.969190484661,1069.2772178136747,5650.246408298336,Setup
3251,2,18,Afternoon,16238.614563402121,1035.4263338338253,17274.040897235947,Setup
3252,9,6,Morning,6111.917484478424,743.0989521633932,6855.016436641817,Breakdown
3253,5,9,Night,5410.1819394691765,1152.4576008307845,6562.639540299961,Breakdown
3254,9,16,Morning,10892.925739718281,1063.8050373277292,11956.73077704601,Breakdown
3255,2,18,Morning,3787.003636876346,574.6383259131242,4361.64196278947,Breakdown
3256,5,16,Morning,10509.027169913963,1508.7494595373305,12017.776629451293,Breakdown
3257,1,8,Morning,7785.0390759074835,1127.849446983373,8912.888522890857,Setup
3258,3,14,Night,9774.145339350067,1193.0031465097927,10967.14848585986,No Power
3259,4,9,Afternoon,4422.923913629783,619.2478228972692,5042.171736527052,Setup
3260,3,20,Night,7716.518166333262,1840.5274723362345,9557.045638669497,Breakdown
3261,7,15,Afternoon,9703.502147465384,763.0209093743848,10466.52305683977,Breakdown
3262,4,15,Morning,10961.252888506731,1042.880253222061,12004.133141728793,Breakdown
3263,7,9,Night,11753.377997192665,973.8688256729986,12727.246822865663,Setup
3264,7,9,Morning,3487.490095730069,498.8254559266719,3986.315551656741,Breakdown
3265,1,10,Afternoon,8631.200687513425,1037.6340694530436,9668.83475696647,Maintenance
3266,2,20,Night,5981.637289341271,656.7957381512573,6638.433027492528,Breakdown
3267,8,16,Night,22563.471978366735,2207.8988726539405,24771.370851020674,No Power
3268,1,7,Night,9506.931724001783,1079.6278807375115,10586.559604739294,Breakdown
3269,3,14,Morning,3938.7636438277,428.6692501717096,4367.432893999409,Setup
3270,9,19,Afternoon,4570.65067877683,603.4519009006736,5174.102579677504,Setup
3271,5,4,Afternoon,12696.939244643154,1280.373964952125,13977.313209595279,Setup
3272,9,2,Morning,9097.550052142484,508.5551016655994,9606.105153808083,No Power
3273,1,14,Night,9699.952984343794,1567.5738504624567,11267.526834806251,Maintenance
3274,3,13,Afternoon,6314.5607191617455,880.3180750038258,7194.878794165571,Setup
3275,4,5,Night,9029.344281702319,1606.9085499911505,10636.25283169347,Breakdown
3276,5,6,Night,9453.83451611983,1093.840472915739,10547.67498903557,No Power
3277,2,11,Night,6534.451353215703,825.6597141668989,7360.111067382602,No Power
3278,6,20,Morning,12399.117051056199,1623.8998690690537,14023.016920125252,Breakdown
3279,5,6,Afternoon,6121.539098780006,1180.1289666681673,7301.668065448173,Setup
3280,9,12,Morning,3868.1924042630503,509.20041299525565,4377.3928172583055,Breakdown
3281,3,9,Night,12069.896817613677,1789.3482054102894,13859.245023023966,Breakdown
3282,8,11,Afternoon,8206.15989620152,1657.557730733538,9863.717626935057,Maintenance
3283,2,5,Night,6856.597789836721,670.1728213018494,7526.7706111385705,Breakdown
3284,3,8,Morning,24294.651435128788,1138.0188790725877,25432.670314201376,Setup
3285,7,9,Night,9290.787517048971,1869.65797754049,11160.445494589461,Maintenance
3286,9,7,Afternoon,10900.401562882178,1004.430996480144,11904.832559362321,Setup
3287,5,16,Morning,4841.441982107612,790.5716936552468,5632.013675762859,Breakdown
3288,10,6,Morning,4476.535856683656,605.0600200814304,5081.595876765086,Setup
3289,5,10,Afternoon,4692.077292932865,590.2441780877839,5282.3214710206485,Setup
3290,7,10,Afternoon,11362.29128488848,1435.7302289298261,12798.021513818307,Maintenance
3291,5,10,Night,12971.341987582637,1803.8878466511194,14775.229834233756,Maintenance
3292,9,14,Afternoon,3068.4409110508946,473.51632147478864,3541.957232525683,Setup
3293,1,2,Morning,7407.248160293821,1651.260695121787,9058.508855415608,No Power
3294,5,13,Morning,3863.373611661704,515.9714051284562,4379.34501679016,Setup
3295,3,1,Afternoon,12384.399719731971,1587.6595248516712,13972.059244583643,Setup
3296,9,1,Night,2420.040887895226,517.7486392608355,2937.789527156062,Setup
3297,8,19,Afternoon,8460.668078134,1157.8370252469085,9618.505103380909,Breakdown
3298,4,11,Night,5287.030036279489,777.65702826012,6064.687064539608,Breakdown
3299,6,10,Morning,3921.715651800301,998.7820705729323,4920.497722373233,Maintenance
3300,2,6,Morning,10999.171246700123,1038.299966064033,12037.471212764156,Setup
3301,8,11,Night,5389.2408368545,969.2071444767646,6358.447981331265,Maintenance
3302,8,2,Afternoon,11535.858059836652,1498.8114692556578,13034.669529092309,Setup
3303,5,2,Morning,4005.246157756468,842.85785849116,4848.104016247628,Breakdown
3304,1,13,Night,18503.793150715646,2552.8840995699647,21056.67725028561,Breakdown
3305,9,4,Night,3258.108508160163,599.7926367543424,3857.9011449145055,Setup
3306,1,16,Afternoon,22789.73544233506,1742.4265814422615,24532.16202377732,Setup
3307,2,11,Morning,4629.088894632121,920.5490591752003,5549.6379538073215,Setup
3308,9,11,Morning,3694.7906681858467,439.2735631628378,4134.064231348684,Breakdown
3309,8,8,Afternoon,10299.49235156348,1471.662294091895,11771.154645655375,Breakdown
3310,6,9,Morning,7497.94139158699,1026.8195443473448,8524.760935934335,Setup
3311,7,2,Morning,10806.78323393954,1248.3166138951335,12055.099847834674,Breakdown
3312,8,17,Morning,12537.80443712722,1508.392347463431,14046.196784590651,Setup
3313,1,2,Morning,9764.792136898008,1388.8057580641757,11153.597894962184,Setup
3314,1,14,Morning,15673.458995325776,1529.0628581395367,17202.521853465314,No Power
3315,9,8,Afternoon,5726.56953607482,699.174176606847,6425.743712681667,Setup
3316,2,7,Afternoon,8276.994004589793,811.0459677225226,9088.039972312316,No Power
3317,8,16,Morning,8386.559084030145,1633.2255476856394,10019.784631715784,Breakdown
3318,8,15,Morning,4177.61374679839,434.980321966932,4612.594068765322,Maintenance
3319,3,17,Afternoon,2707.1175950934403,417.3924388490169,3124.510033942457,Breakdown
3320,10,10,Afternoon,6452.93428912702,1015.350614716984,7468.284903844004,Breakdown
3321,8,18,Morning,7304.181464821633,873.0385002504156,8177.219965072049,Maintenance
3322,8,16,Afternoon,3396.431863207311,632.7687234073026,4029.2005866146137,Maintenance
3323,3,8,Morning,3741.2850676287744,647.25307613621,4388.538143764985,Maintenance
3324,7,7,Afternoon,3860.7461524008236,574.8761310859335,4435.622283486757,Maintenance
3325,5,13,Morning,12857.726054852898,1047.1070013350534,13904.83305618795,Setup
3326,7,17,Night,9506.905167967201,1680.2571032387063,11187.162271205907,Breakdown
3327,7,19,Morning,5751.190281258173,825.8073428769105,6576.997624135083,Maintenance
3328,8,20,Morning,2886.1284166917285,700.9709108317129,3587.0993275234414,Setup
3329,7,19,Afternoon,7272.991534386229,1204.3295570841353,8477.321091470365,Setup
3330,7,8,Afternoon,3880.8656558588905,655.284891833637,4536.150547692528,No Power
3331,10,20,Night,9016.2576763222,2021.3163646405446,11037.574040962745,Maintenance
3332,7,17,Morning,16316.754139952971,1330.6162807027029,17647.370420655672,Setup
3333,8,19,Afternoon,22392.934275714877,1615.1828744282884,24008.117150143167,Setup
3334,10,20,Morning,6684.8756748467595,1288.1959138352158,7973.071588681975,Maintenance
3335,10,19,Morning,11193.128900535923,1782.1234211941667,12975.25232173009,No Power
3336,9,14,Morning,3647.0401704481983,474.371097574138,4121.411268022336,Setup
3337,6,3,Afternoon,7379.069717720112,1311.811711464277,8690.881429184388,Maintenance
3338,1,9,Night,6259.902697306197,1153.4334656994415,7413.336163005639,Maintenance
3339,7,17,Afternoon,8127.938726163194,1003.3729907068258,9131.31171687002,Setup
3340,2,9,Morning,6650.330737054955,942.2755387850766,7592.606275840031,Maintenance
3341,7,19,Night,7018.2037958028595,1614.2116619776777,8632.415457780537,Breakdown
3342,8,19,Morning,4936.846806258933,805.5562307836987,5742.403037042632,Maintenance
3343,2,11,Morning,8476.690419300787,827.1585769806462,9303.848996281433,No Power
3344,1,9,Night,4228.338239601399,919.0266964865795,5147.364936087979,Breakdown
3345,6,11,Afternoon,2465.582391437093,382.26505113845496,2847.847442575548,Breakdown
3346,4,16,Night,5547.565637941852,735.7719685960568,6283.337606537909,Breakdown
3347,3,9,Afternoon,13936.230311822297,1797.2778087288427,15733.50812055114,Breakdown
3348,7,7,Afternoon,7254.585380196464,880.6148091659967,8135.200189362461,Breakdown
3349,6,5,Morning,10071.515447861664,1517.4925181966794,11589.007966058343,Setup
3350,8,20,Morning,3736.8688965320052,463.3757228308358,4200.244619362841,Breakdown
3351,9,13,Morning,4054.597315876132,610.9412914086472,4665.53860728478,Setup
3352,5,16,Afternoon,4309.615011165142,579.6225886092527,4889.237599774395,Setup
3353,5,12,Afternoon,4591.298825645278,476.7288611637335,5068.027686809011,Breakdown
3354,2,7,Morning,3594.277732557288,484.24515926299955,4078.5228918202874,No Power
3355,5,5,Morning,5884.917832169211,977.2740538586193,6862.19188602783,Maintenance
3356,4,6,Morning,4952.867983933153,772.4382293104228,5725.306213243575,Breakdown
3357,1,14,Afternoon,13304.8519540919,2042.944390205455,15347.796344297356,Breakdown
3358,8,15,Night,12471.94003287027,1836.3819994330195,14308.32203230329,Maintenance
3359,5,10,Night,4039.4780177025405,797.6110834489665,4837.089101151507,Setup
3360,7,11,Morning,21588.503242884715,1321.6026817577686,22910.105924642485,Maintenance
3361,9,10,Morning,10325.680021446382,1241.5072846735025,11567.187306119884,Maintenance
3362,10,5,Night,17680.567111631386,1546.119391848318,19226.686503479705,Setup
3363,8,16,Night,12283.554648253577,1172.7147256573687,13456.269373910945,Setup
3364,7,5,Morning,6504.377783284331,1595.996724331569,8100.374507615899,Breakdown
3365,10,1,Morning,10798.314533990262,1135.1923779475628,11933.506911937824,Maintenance
3366,10,11,Night,4579.098041918395,747.8953267371031,5326.993368655499,Breakdown
3367,2,5,Morning,15942.190698667975,1314.971656610894,17257.16235527887,Setup
3368,10,18,Night,15172.670038658582,1842.745369113818,17015.4154077724,Breakdown
3369,5,14,Afternoon,12212.435348060384,1108.802317944657,13321.237666005041,Setup
3370,10,7,Night,7316.580943541058,1327.292386559965,8643.873330101023,No Power
3371,4,2,Afternoon,16747.7812002799,1238.1439380404001,17985.9251383203,Setup
3372,3,15,Morning,7657.343202817546,1017.1524266334854,8674.49562945103,No Power
3373,3,4,Night,16443.852426341575,1430.567176987283,17874.419603328857,Maintenance
3374,5,15,Morning,3261.892928127397,793.8063067608317,4055.699234888229,Breakdown
3375,7,8,Night,4943.4219853958375,1007.3785598411162,5950.800545236953,Breakdown
3376,3,5,Morning,6334.87110305714,1378.14739990998,7713.01850296712,Setup
3377,10,16,Night,6846.330088965388,1734.8594970113215,8581.18958597671,Maintenance
3378,5,17,Morning,9650.60986594192,1205.3945342157676,10856.004400157688,Breakdown
3379,1,19,Afternoon,6888.368082205254,1236.5090436569042,8124.877125862158,Setup
3380,7,8,Night,3630.0668425943713,582.5914720146683,4212.65831460904,Setup
3381,4,13,Morning,9860.360494403658,1105.8705905207535,10966.231084924411,Setup
3382,5,5,Morning,6784.542193461149,1750.1007026707794,8534.642896131929,Setup
3383,10,9,Morning,9376.316181071536,1465.4366448633978,10841.752825934933,Breakdown
3384,3,20,Morning,12428.570366850987,1406.779335188383,13835.34970203937,Maintenance
3385,6,18,Morning,19565.7866437386,1418.3741228267388,20984.16076656534,Breakdown
3386,6,16,Morning,7405.817692552669,1154.4196730647113,8560.23736561738,Setup
3387,3,5,Morning,16859.561314820476,1399.515810917364,18259.07712573784,Breakdown
3388,10,2,Night,7544.9602784553545,1435.081052274781,8980.041330730135,Setup
3389,1,19,Night,10892.713338850359,1917.4238637996673,12810.137202650027,No Power
3390,1,11,Afternoon,10266.626369974756,1064.5171482287728,11331.14351820353,Breakdown
3391,4,10,Morning,13758.281988843364,1083.5340444138174,14841.816033257182,Breakdown
3392,9,4,Night,3025.297062211469,536.6561295248713,3561.95319173634,Breakdown
3393,6,6,Afternoon,20157.88737141609,1728.0790727890828,21885.966444205173,Setup
3394,8,8,Night,8816.309745126418,1362.9263853569541,10179.236130483372,Setup
3395,6,2,Afternoon,6542.20052175719,1125.0265553332947,7667.227077090484,Setup
3396,9,4,Morning,8430.761110590514,677.339034875097,9108.10014546561,Setup
3397,8,6,Morning,2552.043935511677,621.0201566383126,3173.0640921499894,Breakdown
3398,2,19,Morning,7919.2210885223385,957.4659324581461,8876.687020980484,Maintenance
3399,7,12,Morning,8447.755116443961,1040.2448081918476,9487.99992463581,Breakdown
3400,4,8,Morning,8241.62185094732,842.3196375365956,9083.941488483915,Breakdown
3401,5,10,Night,2897.1918499459543,584.2450145619551,3481.4368645079094,Setup
3402,8,20,Night,9685.99169019222,1671.3973370021315,11357.389027194353,Setup
3403,5,13,Morning,4428.346849539736,716.7441556940165,5145.091005233752,Breakdown
3404,2,7,Morning,6416.212171819994,1221.8715022717256,7638.08367409172,Maintenance
3405,5,17,Night,22619.575043339868,2188.411281240811,24807.986324580677,Breakdown
3406,2,13,Night,10017.89718601292,1312.3916471133243,11330.288833126244,Setup
3407,1,2,Afternoon,17494.83816645691,1597.3501962015644,19092.188362658475,Breakdown
3408,3,8,Morning,17046.938842805797,1314.8341789841456,18361.773021789944,No Power
3409,10,11,Morning,6475.039379689452,963.9616393532979,7439.00101904275,Breakdown
3410,3,6,Afternoon,16123.784547000047,1777.2107016466002,17900.995248646646,Breakdown
3411,6,11,Morning,4346.261938257453,926.1084996825626,5272.370437940016,Setup
3412,7,9,Morning,12443.496170500306,1028.9213379730156,13472.417508473322,Breakdown
3413,9,11,Afternoon,2937.9377906088466,422.8340140595447,3360.7718046683913,Breakdown
3414,9,12,Night,12603.848069007587,1053.33091366106,13657.178982668647,Setup
3415,9,6,Night,11164.29582705238,989.1731628115766,12153.468989863955,Breakdown
3416,3,1,Morning,22272.26618108529,1587.0319908230683,23859.29817190836,Breakdown
3417,3,11,Morning,7176.700076992582,1129.2587589529592,8305.958835945541,Breakdown
3418,5,3,Afternoon,13915.052394897624,1312.010033987331,15227.062428884956,Maintenance
3419,8,9,Afternoon,4044.3918983460826,702.9577520150812,4747.349650361164,Maintenance
3420,5,4,Morning,3455.2376010844273,719.9771793547037,4175.214780439131,Breakdown
3421,6,19,Afternoon,5985.843232250064,1045.5661215134346,7031.409353763498,Breakdown
3422,10,17,Morning,7158.170147118404,976.402744895617,8134.572892014021,Breakdown
3423,1,7,Morning,12267.203722396407,2048.4997693300606,14315.703491726468,Setup
3424,7,11,Morning,9576.681670777323,978.1875619294594,10554.869232706782,Maintenance
3425,6,3,Morning,27658.389863318516,1812.996417516948,29471.386280835464,Maintenance
3426,10,17,Afternoon,11033.313780468867,1683.2354131284878,12716.549193597355,Breakdown
3427,1,2,Morning,10589.797249014424,1058.0075689003631,11647.804817914786,Breakdown
3428,1,17,Morning,10793.993070989545,1824.810255330964,12618.803326320509,Breakdown
3429,8,9,Afternoon,3078.8299055957154,610.8039283539722,3689.633833949688,No Power
3430,4,11,Morning,8272.190437100191,1027.1409426607615,9299.331379760952,Breakdown
3431,9,20,Afternoon,3112.504683008695,549.7891060634134,3662.293789072108,Breakdown
3432,8,17,Afternoon,6585.101898373127,1097.8367938199883,7682.9386921931155,Breakdown
3433,10,8,Night,2865.8813163902505,544.8575462470637,3410.738862637314,Maintenance
3434,6,19,Morning,10037.895224197777,1356.1999354689342,11394.095159666711,Setup
3435,10,9,Afternoon,7352.246580220702,1629.255110571972,8981.501690792673,Breakdown
3436,3,6,Morning,20199.143075784465,1417.6222514340966,21616.76532721856,Maintenance
3437,9,16,Morning,3131.4694509178616,354.5521751745078,3486.0216260923694,Maintenance
3438,2,14,Afternoon,7763.265735042531,1368.5869105734337,9131.852645615963,Maintenance
3439,10,14,Morning,5981.613378178847,1956.2502474058922,7937.863625584739,No Power
3440,7,18,Morning,3126.613266757339,579.1805553471352,3705.793822104474,Setup
3441,1,4,Afternoon,6098.884487262035,1228.0313816929079,7326.915868954942,Setup
3442,4,2,Afternoon,3405.6572636034903,326.2567086939165,3731.913972297407,Breakdown
3443,5,10,Night,9274.323640581573,1902.767325796243,11177.090966377817,Breakdown
3444,9,8,Afternoon,9643.68919469501,837.0228641693196,10480.71205886433,Breakdown
3445,4,11,Afternoon,2854.372909170342,466.13966593450107,3320.512575104843,Breakdown
3446,4,18,Afternoon,2308.19321406337,322.25832980606253,2630.4515438694325,Setup
3447,3,12,Morning,13325.164943607419,1456.072245103729,14781.237188711148,Breakdown
3448,2,13,Night,7766.866067727748,1146.8260422837313,8913.69211001148,No Power
3449,6,10,Morning,4046.798295623649,695.5056847088185,4742.303980332468,Setup
3450,9,10,Morning,3631.8152319547917,768.9150472854324,4400.730279240224,Breakdown
3451,2,12,Afternoon,7297.980667032447,923.3057066374254,8221.286373669873,Setup
3452,9,7,Morning,8126.715110544008,652.8081180154016,8779.52322855941,Setup
3453,6,16,Night,16436.442805703155,2118.4694710817475,18554.912276784904,Maintenance
3454,5,12,Morning,10975.936873377093,1722.953346626274,12698.890220003368,Breakdown
3455,7,9,Afternoon,16777.17389102075,1561.165062191699,18338.33895321245,Setup
3456,1,14,Morning,12678.25777024207,1295.4070833989185,13973.664853640988,No Power
3457,1,10,Night,7897.66283279625,1703.9573802125012,9601.620213008751,No Power
3458,2,12,Morning,10627.582825547788,771.376258238853,11398.959083786642,Breakdown
3459,6,18,Afternoon,2905.7559373044032,712.5163026472248,3618.272239951628,Breakdown
3460,1,20,Morning,14305.012926415675,1362.1116945599942,15667.124620975668,Maintenance
3461,7,14,Afternoon,8309.10043560663,1307.8116688117598,9616.912104418388,Maintenance
3462,1,13,Afternoon,7726.5963775207565,1340.6351297650226,9067.231507285778,Breakdown
3463,4,3,Afternoon,2599.8477004805536,418.85591781995464,3018.7036183005084,Breakdown
3464,8,2,Morning,26363.40094077244,1319.8645410641163,27683.265481836555,Breakdown
3465,2,12,Night,6232.81648801549,978.3328321799406,7211.149320195431,Setup
3466,10,1,Afternoon,5818.750418869933,1175.6165365982097,6994.366955468143,Breakdown
3467,7,15,Afternoon,8890.54446997102,1132.18425821864,10022.72872818966,Setup
3468,10,2,Morning,3726.7763416111575,676.6696207240743,4403.445962335232,Breakdown
3469,3,5,Night,8765.362529332147,1469.1312816357174,10234.493810967864,Breakdown
3470,5,14,Morning,4512.6529896371,579.4034909586223,5092.056480595723,Breakdown
3471,6,8,Night,6026.08427102518,930.0355818508124,6956.119852875992,Maintenance
3472,8,10,Afternoon,8071.163846125531,1299.677314582093,9370.841160707623,Breakdown
3473,6,18,Night,10281.431185770603,1627.1506234602123,11908.581809230816,No Power
3474,4,10,Afternoon,5381.228235733852,561.3883149012922,5942.616550635144,Maintenance
3475,7,13,Night,10971.086176865652,1033.5085562899228,12004.594733155574,Breakdown
3476,2,11,Night,6437.314351369717,1334.155042563073,7771.46939393279,Setup
3477,10,20,Afternoon,16720.793185343286,1814.4511723942878,18535.244357737574,Breakdown
3478,8,8,Night,7596.870348758604,1100.8063355722225,8697.676684330827,Breakdown
3479,2,7,Afternoon,8392.193797848815,886.4851593418194,9278.678957190634,Maintenance
3480,5,7,Afternoon,11017.859731796485,1863.7674457226892,12881.627177519174,Maintenance
3481,6,16,Morning,5619.447158407654,695.7103529835483,6315.157511391202,Breakdown
3482,10,1,Morning,7018.626811074882,1053.4990022860538,8072.125813360936,Setup
3483,1,5,Morning,7525.801836676281,1840.2970793612892,9366.09891603757,No Power
3484,4,19,Night,7673.139899532667,933.7675821087777,8606.907481641445,Setup
3485,10,10,Morning,10880.452219278874,1455.322788980873,12335.775008259747,Maintenance
3486,6,20,Afternoon,2723.4395964168266,504.7979772555678,3228.2375736723943,Breakdown
3487,7,13,Night,7456.84745733135,1757.9705626703987,9214.818020001749,Maintenance
3488,3,3,Afternoon,12711.172631209556,1697.2676490967906,14408.440280306346,Breakdown
3489,4,19,Afternoon,4807.436527913751,874.2542491883033,5681.690777102054,Breakdown
3490,7,5,Morning,4972.023491768475,692.6809081623317,5664.704399930806,Setup
3491,2,1,Afternoon,12577.674372530679,1304.1171225008027,13881.79149503148,Setup
3492,1,12,Afternoon,7519.754414892411,793.959155145958,8313.71357003837,Breakdown
3493,7,12,Night,6670.0357610304045,951.2850147350194,7621.320775765424,Maintenance
3494,10,15,Morning,8789.801272434457,1121.3651803546884,9911.166452789146,Setup
3495,6,14,Morning,11199.086989042287,800.8222219712067,11999.909211013493,Setup
3496,1,9,Morning,4146.593025016581,627.8969677167322,4774.489992733314,No Power
3497,8,19,Night,5987.915878506733,1053.8226670507288,7041.738545557462,Maintenance
3498,9,6,Night,19737.233374864656,1051.829463453084,20789.06283831774,Breakdown
3499,2,15,Morning,10153.22557044245,1233.449761149386,11386.675331591836,Breakdown
3500,7,1,Afternoon,10055.704350556243,1297.4935303622224,11353.197880918466,Maintenance
3501,6,9,Afternoon,11244.760396544723,979.7134147110354,12224.473811255759,Breakdown
3502,1,9,Afternoon,3737.835455634199,554.1626225932249,4291.998078227424,Breakdown
3503,10,15,Night,3133.315861694424,775.9504149507505,3909.2662766451745,Breakdown
3504,2,7,Afternoon,7113.43567509907,1201.6231985806655,8315.058873679736,Breakdown
3505,9,15,Night,11310.414241449427,1242.0047608155078,12552.419002264935,Maintenance
3506,3,8,Night,20884.59198399699,1617.1388519246211,22501.73083592161,No Power
3507,5,11,Afternoon,13321.000354343496,1166.7445310563953,14487.74488539989,Breakdown
3508,4,19,Night,3141.493316353375,674.901215694758,3816.394532048133,Setup
3509,5,2,Afternoon,21544.72821351639,1949.6447169768408,23494.37293049323,Maintenance
3510,6,19,Night,7751.786116033272,1001.3916534008506,8753.177769434124,No Power
3511,9,20,Afternoon,2404.584842602979,420.49920391983477,2825.0840465228134,Breakdown
3512,8,18,Afternoon,7642.052127770129,1496.9936192492005,9139.045747019329,Setup
3513,5,9,Afternoon,11760.909755263077,1074.5564732187302,12835.466228481808,Setup
3514,1,3,Afternoon,12083.593325794933,1579.386400894535,13662.979726689467,Setup
3515,9,5,Afternoon,7993.321415384937,632.2405444819829,8625.56195986692,Breakdown
3516,2,12,Afternoon,2402.5830831745393,407.85399628530854,2810.437079459848,Maintenance
3517,2,18,Afternoon,15975.638823242289,1198.8163096881938,17174.45513293048,Breakdown
3518,2,14,Afternoon,18344.128371086397,1141.3499733829897,19485.478344469386,Maintenance
3519,6,11,Afternoon,10390.98444553199,1565.5473944254059,11956.531839957397,Setup
3520,2,9,Morning,5174.836947753675,731.6540035763163,5906.490951329992,Setup
3521,4,17,Night,3224.996172366444,526.371130277005,3751.367302643449,Breakdown
3522,1,11,Morning,3949.1576366722243,733.0792605240644,4682.236897196289,Maintenance
3523,10,17,Morning,15215.48660155816,1438.9183816524717,16654.404983210632,Breakdown
3524,7,4,Afternoon,9402.279954148544,956.7299493659641,10359.009903514509,Breakdown
3525,1,4,Afternoon,7361.344381163888,1033.2403775327448,8394.584758696634,Setup
3526,9,16,Morning,2676.00074299933,283.2554937839571,2959.2562367832875,Maintenance
3527,10,4,Afternoon,6981.941626865435,962.7574702419026,7944.699097107337,No Power
3528,8,20,Morning,9674.299899660382,1144.2775154501267,10818.577415110509,Maintenance
3529,5,18,Morning,3404.605794397754,547.3992689166495,3952.0050633144033,Maintenance
3530,5,16,Afternoon,10861.378133297687,1771.6570305034497,12633.035163801136,Breakdown
3531,10,1,Morning,7120.456301592614,1027.4788522220106,8147.935153814625,Breakdown
3532,4,5,Afternoon,19124.575617527553,1713.0648617398301,20837.640479267382,Breakdown
3533,1,15,Morning,3748.2883764136927,821.635371278806,4569.923747692499,Breakdown
3534,8,14,Afternoon,18793.82428477633,1266.014464719471,20059.8387494958,Setup
3535,7,16,Morning,4712.575898420852,783.006628459077,5495.582526879929,Maintenance
3536,3,19,Morning,10308.169372990364,1411.693160498589,11719.862533488953,No Power
3537,5,11,Morning,5017.164144654962,1015.611671999337,6032.775816654299,No Power
3538,7,3,Afternoon,5685.139323397763,830.6345465416505,6515.773869939414,Breakdown
3539,10,14,Morning,13581.808463461664,1766.6498494492116,15348.458312910876,Setup
3540,4,14,Afternoon,7538.479782430992,1115.5387099597497,8654.018492390742,Setup
3541,9,7,Morning,5105.600437809172,790.2335856439281,5895.834023453101,Breakdown
3542,5,20,Morning,12027.965170435795,1094.649041288887,13122.614211724682,Setup
3543,6,18,Night,14668.894822354148,1641.4767858262683,16310.371608180416,Maintenance
3544,8,2,Morning,4211.295525823748,811.332014326493,5022.627540150241,No Power
3545,4,3,Afternoon,6491.752944195544,860.9662837459384,7352.719227941482,Maintenance
3546,3,5,Morning,8002.063611807603,978.6232017499572,8980.68681355756,Breakdown
3547,6,9,Morning,3769.2773731620982,693.8908531256388,4463.168226287737,No Power
3548,6,12,Night,11235.623995418293,1229.3829677197243,12465.006963138017,Breakdown
3549,10,8,Night,13379.245235755849,1812.8088298201496,15192.054065575998,Breakdown
3550,8,12,Night,3928.476571831176,738.7978474123224,4667.274419243498,Breakdown
3551,9,5,Morning,8766.856084759784,821.4178863822914,9588.273971142075,Setup
3552,10,1,Night,10685.932441870229,2148.032963977571,12833.9654058478,Maintenance
3553,4,19,Afternoon,8140.513190084991,1163.2422260677963,9303.755416152788,Breakdown
3554,3,4,Night,6965.432921283454,1378.274964927999,8343.707886211452,Breakdown
3555,1,2,Night,6047.697046231313,750.4403995687658,6798.137445800079,Breakdown
3556,3,20,Afternoon,11043.955832049442,1759.7976714670801,12803.753503516522,Breakdown
3557,3,9,Afternoon,14631.888519463486,1867.5497531245833,16499.438272588068,Maintenance
3558,6,16,Afternoon,5112.89747724085,770.7297877624676,5883.627265003318,Setup
3559,7,16,Night,7048.204480156769,810.4457027645836,7858.650182921353,No Power
3560,9,14,Afternoon,7531.207632123726,726.8427606440015,8258.050392767727,Setup
3561,7,19,Morning,5318.696092061811,560.9208592018699,5879.616951263681,Maintenance
3562,1,7,Morning,12175.572043144357,1176.1146398047526,13351.68668294911,Maintenance
3563,3,7,Night,7507.298129785869,1567.6355310417437,9074.933660827612,Breakdown
3564,7,6,Morning,3540.743605665345,470.97628035633414,4011.719886021679,Maintenance
3565,2,14,Afternoon,8621.184312810059,854.2086776403164,9475.392990450375,Setup
3566,7,9,Morning,4394.77342695003,686.8661162370976,5081.639543187127,Maintenance
3567,5,13,Morning,17460.830235656544,1765.6239843959474,19226.454220052492,Maintenance
3568,4,3,Night,6369.456169236722,760.6154964963274,7130.0716657330495,Breakdown
3569,6,11,Afternoon,17696.876658850662,1594.5479283980483,19291.42458724871,Maintenance
3570,1,17,Morning,5719.711804061956,1762.0216272004498,7481.733431262406,Breakdown
3571,1,15,Afternoon,12193.012690600612,1692.097645917003,13885.110336517615,Breakdown
3572,7,2,Night,4710.826702887159,924.6678064554729,5635.494509342631,Maintenance
3573,7,15,Morning,7299.526790575297,945.2404616073851,8244.767252182683,Maintenance
3574,8,11,Night,6383.756528082453,727.6354520319,7111.391980114353,Setup
3575,7,15,Afternoon,13407.248709348403,1085.2103780401094,14492.459087388514,Setup
3576,5,2,Morning,7108.363584018494,1295.4074432357531,8403.771027254248,Breakdown
3577,5,11,Morning,3648.8641642291213,562.7270659897888,4211.59123021891,Setup
3578,1,1,Afternoon,5536.789202604055,796.6121536901053,6333.401356294161,Maintenance
3579,9,8,Morning,11703.24831669713,993.8863080856967,12697.134624782828,No Power
3580,2,13,Morning,21382.310031579025,1202.478727748049,22584.788759327075,Setup
3581,5,18,Afternoon,4133.070387898841,1080.0517593262032,5213.122147225044,Maintenance
3582,8,13,Morning,6963.302336437481,826.2471400302422,7789.549476467723,Breakdown
3583,9,8,Afternoon,6427.5814452251925,586.3234793261722,7013.904924551365,Setup
3584,1,4,Morning,11431.313150419259,1024.086514410493,12455.399664829753,Breakdown
3585,10,17,Night,9559.160076123353,1625.268288750153,11184.428364873505,No Power
3586,3,5,Morning,3697.760316078722,513.5867133579127,4211.347029436634,Maintenance
3587,8,15,Morning,4172.950664925182,509.32945811538144,4682.280123040563,Maintenance
3588,1,8,Morning,16073.319064867052,1194.439974387155,17267.759039254208,Maintenance
3589,8,19,Morning,6415.5780849295215,1661.1630250454866,8076.741109975008,Breakdown
3590,4,12,Afternoon,10805.826394963933,1336.31315462077,12142.139549584703,Maintenance
3591,7,2,Afternoon,9156.524043530884,1127.3643258952993,10283.888369426184,Breakdown
3592,7,1,Morning,9271.271225124916,698.0724654107935,9969.343690535708,Setup
3593,9,20,Afternoon,5937.321785423979,1320.412810453251,7257.73459587723,Setup
3594,4,8,Morning,9530.238019429498,644.144976219789,10174.382995649288,Maintenance
3595,10,18,Morning,11946.918664200908,1739.9152834977222,13686.83394769863,Setup
3596,7,10,Night,10772.534811691241,1235.2115284682702,12007.74634015951,Setup
3597,1,1,Afternoon,10460.363512843469,926.2147531255221,11386.57826596899,Breakdown
3598,9,20,Morning,9213.314699612662,690.9444528869074,9904.25915249957,Setup
3599,2,18,Morning,11611.096996988854,1382.4034732300058,12993.50047021886,Breakdown
3600,7,11,Night,3382.3138255486233,793.871814011479,4176.185639560103,Maintenance
3601,5,16,Afternoon,4143.657665880763,904.1557334424693,5047.813399323232,No Power
3602,7,10,Afternoon,7079.600460519363,840.4510349646174,7920.05149548398,Breakdown
3603,5,19,Night,12542.626775265773,2119.5246821104965,14662.151457376269,Breakdown
3604,8,1,Night,4671.386099350122,726.4668374340099,5397.852936784132,Setup
3605,5,12,Afternoon,7276.1358995593555,976.9536659901686,8253.089565549524,Breakdown
3606,1,18,Morning,4098.51485870806,746.0553060296893,4844.57016473775,Breakdown
3607,10,4,Afternoon,15910.728134870818,1728.0891297901715,17638.81726466099,Setup
3608,5,9,Morning,9985.439769033133,2008.9005955405873,11994.34036457372,Maintenance
3609,7,11,Morning,5702.702287056462,839.1150154124837,6541.817302468946,Breakdown
3610,5,4,Morning,8139.193256800894,1240.4927287016658,9379.68598550256,Breakdown
3611,1,7,Afternoon,17492.60359176785,1424.6225322457676,18917.226124013618,Setup
3612,5,4,Morning,17215.749569580246,1608.3650992482135,18824.11466882846,Setup
3613,2,5,Morning,16031.1864974987,1288.9183654390845,17320.104862937784,Breakdown
3614,9,7,Afternoon,9290.999649449,1286.0168376365573,10577.016487085559,Maintenance
3615,9,12,Night,11893.87677656753,1134.2235586655718,13028.1003352331,Breakdown
3616,8,8,Night,7939.93536971573,1491.2220133852736,9431.157383101005,Breakdown
3617,1,15,Afternoon,3190.9738465895502,707.2653795369696,3898.23922612652,Breakdown
3618,5,9,Morning,6740.444124519314,796.8033491941437,7537.247473713458,Setup
3619,2,7,Afternoon,20693.909636698638,1410.3743087391983,22104.283945437837,Breakdown
3620,2,11,Afternoon,6037.598342600311,1224.1976451533908,7261.795987753702,Breakdown
3621,2,17,Morning,6541.7824439345695,698.6174380862169,7240.399882020786,Breakdown
3622,2,5,Morning,3363.660092447778,477.32608205333173,3840.98617450111,No Power
3623,1,14,Morning,8519.097146388338,1144.5404281661426,9663.637574554481,No Power
3624,4,16,Afternoon,7154.466616411407,1026.016998113513,8180.48361452492,Breakdown
3625,2,6,Afternoon,7164.2058967749435,1006.6968853987559,8170.902782173699,Setup
3626,1,5,Morning,6233.091145346295,1166.0809017909999,7399.172047137295,Maintenance
3627,10,14,Morning,18998.278935392922,1439.0653663643927,20437.344301757315,Maintenance
3628,1,12,Morning,14461.128739474963,1575.3431772722715,16036.471916747236,Breakdown
3629,7,20,Afternoon,13342.773883281376,1042.5053456834735,14385.27922896485,Setup
3630,7,1,Afternoon,16687.45815422476,1336.37386248456,18023.832016709322,Maintenance
3631,5,15,Night,4266.449712278746,721.8524912492767,4988.302203528023,Setup
3632,1,11,Morning,3504.15027780185,509.32694452349966,4013.4772223253494,No Power
3633,9,2,Afternoon,8275.556670614214,668.5816966095634,8944.138367223777,No Power
3634,2,4,Night,11643.965657676054,1149.4218038835852,12793.38746155964,Breakdown
3635,4,17,Afternoon,8764.537333298726,881.8178078383395,9646.355141137064,Breakdown
3636,5,15,Afternoon,7518.387148854035,1704.9602062048805,9223.347355058915,Breakdown
3637,8,14,Morning,7303.454588848176,900.9034614425309,8204.358050290706,Maintenance
3638,2,3,Morning,2037.5543448818817,221.21885773976604,2258.7732026216477,Setup
3639,3,16,Night,4055.513297086386,659.7289458611104,4715.242242947496,No Power
3640,8,12,Afternoon,3558.3648097175364,789.9617893413913,4348.326599058928,Maintenance
3641,4,19,Afternoon,5157.365551990945,343.65059799899586,5501.016149989941,Breakdown
3642,5,10,Afternoon,11467.665370197083,1817.0640198251956,13284.729390022278,Breakdown
3643,8,17,Morning,8301.288945295913,831.2168282777172,9132.50577357363,Setup
3644,7,9,Afternoon,3995.2760718520362,477.75575140548034,4473.031823257516,Breakdown
3645,2,5,Afternoon,5753.134568979805,925.2878691861073,6678.422438165912,Breakdown
3646,1,11,Morning,5941.325785275495,742.7679925807104,6684.093777856206,Breakdown
3647,6,11,Night,7778.998850999519,771.5368111426768,8550.535662142196,Setup
3648,8,10,Night,14046.356176676367,1562.8637499169106,15609.219926593278,Breakdown
3649,9,10,Morning,11498.990670159936,1128.871367894256,12627.862038054192,Setup
3650,10,14,Morning,4338.822951208956,638.3206604345969,4977.1436116435525,Breakdown
3651,5,16,Afternoon,8620.526591588914,1710.2582469563345,10330.784838545249,Breakdown
3652,9,4,Morning,8581.679663945275,1112.4930504429276,9694.172714388202,Setup
3653,1,11,Afternoon,9160.455489976273,1435.215922940741,10595.671412917014,Maintenance
3654,8,1,Night,13640.453969623355,1574.2279518443054,15214.68192146766,Breakdown
3655,7,16,Afternoon,10419.706407464651,964.4941352788571,11384.200542743509,Maintenance
3656,5,11,Morning,7900.423228032692,895.8085756393974,8796.23180367209,Setup
3657,10,1,Morning,14313.738937952447,1248.4920267165908,15562.230964669037,Breakdown
3658,6,12,Night,10059.584401165801,1803.27841707465,11862.86281824045,No Power
3659,3,13,Afternoon,11761.063893825223,1605.5253372649374,13366.58923109016,Setup
3660,5,5,Night,11875.480702626275,2148.936808699545,14024.41751132582,Setup
3661,10,13,Morning,7664.190735909759,699.9861429650921,8364.17687887485,No Power
3662,6,5,Night,3186.23224815374,617.590365673214,3803.822613826954,Breakdown
3663,7,6,Afternoon,6998.631563293765,1139.8298376976381,8138.461400991403,Breakdown
3664,9,15,Morning,9296.95441359774,988.8409424933742,10285.795356091114,Breakdown
3665,4,14,Morning,3593.8813853569336,935.2235746492443,4529.104960006178,Setup
3666,9,16,Afternoon,8196.650161839372,1026.3797629545963,9223.02992479397,No Power
3667,7,18,Afternoon,5043.00059082772,534.6098600981906,5577.61045092591,Breakdown
3668,8,13,Morning,3575.0612137054927,847.0521695543042,4422.113383259797,Setup
3669,2,15,Afternoon,20625.585728748352,1185.0102368985804,21810.59596564693,Maintenance
3670,6,12,Afternoon,11335.678885696982,1417.6737225475756,12753.352608244557,Setup
3671,9,1,Afternoon,9762.877338826991,699.8917966462866,10462.769135473278,Setup
3672,3,10,Afternoon,6259.580807102946,1555.1980007891777,7814.778807892124,Breakdown
3673,7,4,Afternoon,2269.75284195164,456.7885352736197,2726.54137722526,Setup
3674,8,6,Afternoon,6479.323459655514,843.3885184832196,7322.711978138734,Maintenance
3675,8,19,Night,5258.429240920257,645.8853880230638,5904.314628943321,Maintenance
3676,2,20,Night,7481.613708736753,790.7637002397531,8272.377408976507,Breakdown
3677,7,1,Night,19219.067665811246,1270.6832387122206,20489.750904523466,Breakdown
3678,5,12,Night,7251.73600591512,1577.4603908856295,8829.19639680075,Breakdown
3679,8,20,Afternoon,9688.461986748229,1643.2733096283528,11331.73529637658,Setup
3680,9,2,Night,13568.678850669898,1548.3050996003078,15116.983950270205,Setup
3681,4,8,Afternoon,17948.648422976137,1247.1764691645562,19195.824892140692,Breakdown
3682,2,2,Night,5255.843891926101,691.0074976360597,5946.85138956216,No Power
3683,5,11,Afternoon,7110.540017050808,926.1749271221609,8036.714944172969,Breakdown
3684,6,18,Afternoon,7621.99770282065,770.3693170884417,8392.367019909092,Setup
3685,6,12,Morning,12301.577371864616,1090.819613608777,13392.396985473393,Setup
3686,1,2,Afternoon,8323.923873896834,1809.7135940281937,10133.637467925028,Setup
3687,6,13,Night,4876.077131323671,850.3009699467456,5726.378101270417,No Power
3688,6,14,Morning,12814.83378743361,1250.499348898308,14065.333136331918,Breakdown
3689,8,10,Night,13813.682468173762,1914.2120729238893,15727.89454109765,No Power
3690,9,19,Night,9353.626142915617,1180.0540342207764,10533.680177136393,Maintenance
3691,3,19,Morning,8570.462432657647,1094.6453647509197,9665.107797408567,Breakdown
3692,8,5,Night,4148.709551008036,594.6526705507638,4743.3622215588,Maintenance
3693,8,10,Morning,5434.903220379777,803.9660974152769,6238.869317795054,Maintenance
3694,9,14,Morning,3098.8895938529754,550.1157827940586,3649.005376647034,Breakdown
3695,4,19,Night,9909.523540865806,1963.0952915119226,11872.61883237773,No Power
3696,4,17,Night,8597.497126978566,1063.1917430344718,9660.688870013037,Maintenance
3697,1,16,Night,10875.716750005491,1974.0487710813932,12849.765521086883,Breakdown
3698,7,10,Morning,5676.190141555159,962.7683310577034,6638.958472612862,Setup
3699,8,5,Night,12149.957762549913,1324.8427193969417,13474.800481946855,Breakdown
3700,4,6,Morning,4090.857179074106,539.1548235478737,4630.01200262198,Maintenance
3701,7,11,Morning,8994.629168909078,1344.4855422356898,10339.114711144768,Maintenance
3702,5,7,Afternoon,15988.35460934189,1728.2359160126057,17716.590525354495,Breakdown
3703,8,5,Afternoon,12609.738267342525,1440.788906510495,14050.527173853021,Breakdown
3704,3,12,Night,8989.558264785224,1924.5422446408345,10914.100509426058,Maintenance
3705,8,12,Night,11694.871578567201,1301.5080239857273,12996.379602552928,Breakdown
3706,7,20,Morning,5574.106110269164,1052.4100104782403,6626.516120747404,Breakdown
3707,3,1,Morning,5122.963451143298,943.0332450123468,6065.996696155645,Breakdown
3708,10,17,Morning,3712.18960101717,973.3422593978266,4685.531860414996,Breakdown
3709,7,9,Morning,28092.837036613393,1571.4014613529134,29664.238497966307,Maintenance
3710,5,7,Night,6931.267747876122,982.5293877499364,7913.797135626058,Setup
3711,6,13,Morning,7051.969534145818,1488.2157217948468,8540.185255940665,Breakdown
3712,3,19,Afternoon,2816.8314376817993,415.97052963516785,3232.8019673169674,Breakdown
3713,2,20,Afternoon,3213.745998510566,320.91180316370503,3534.657801674271,Setup
3714,10,18,Night,10337.541108513937,1973.090535283845,12310.631643797782,No Power
3715,9,5,Night,5383.812550506932,788.7209146772495,6172.533465184181,Setup
3716,9,6,Night,7090.985206597139,678.198427464584,7769.183634061723,Breakdown
3717,2,7,Afternoon,3535.8772427539575,322.49422495768937,3858.371467711647,Breakdown
3718,5,19,Afternoon,10986.772302919246,1600.9177261721957,12587.690029091442,Setup
3719,8,18,Afternoon,18245.75856101996,1542.5015389987482,19788.26010001871,Breakdown
3720,9,19,Afternoon,6905.232891066942,1050.439212427391,7955.672103494333,Breakdown
3721,6,1,Morning,11836.808513137026,1550.8728460754267,13387.681359212453,Breakdown
3722,7,7,Morning,3799.463390842344,725.6532279179957,4525.116618760339,Breakdown
3723,10,15,Morning,6289.845337142084,878.1265219295599,7167.971859071644,Breakdown
3724,5,3,Morning,6319.395283973172,990.3554159442951,7309.7506999174675,Breakdown
3725,7,12,Afternoon,3694.1914387445026,534.4623028540099,4228.653741598512,Breakdown
3726,6,5,Morning,10131.260224478858,1288.104193637017,11419.364418115874,Breakdown
3727,7,3,Afternoon,4877.82257271001,1174.5935827149078,6052.416155424918,Setup
3728,5,4,Afternoon,18321.883507766637,1827.6501731598823,20149.53368092652,Breakdown
3729,5,17,Afternoon,4951.3052180221885,1778.4214921653402,6729.726710187529,Breakdown
3730,10,4,Morning,8347.604712920634,1171.7861289215573,9519.390841842192,Maintenance
3731,8,17,Afternoon,6059.62607109903,853.2689710300544,6912.895042129085,Breakdown
3732,1,7,Night,9711.325434331,1391.577426661709,11102.902860992708,Breakdown
3733,3,12,Afternoon,11389.716371721244,1783.1979561986243,13172.914327919869,Breakdown
3734,1,8,Morning,9251.923590865626,746.8491620586959,9998.772752924322,Breakdown
3735,10,18,Night,14367.164151822426,1972.7735021919334,16339.93765401436,Breakdown
3736,2,14,Afternoon,7973.2019835485235,993.6077951339796,8966.809778682504,Breakdown
3737,2,16,Afternoon,8073.755742896543,782.7937181713937,8856.549461067936,No Power
3738,3,14,Morning,6103.478736795434,664.4368360117621,6767.915572807196,Maintenance
3739,3,15,Morning,5545.353126132783,768.0949196471032,6313.448045779885,Setup
3740,2,16,Afternoon,4074.591055287778,712.6695803418797,4787.260635629658,Setup
3741,2,18,Morning,10353.87873524024,1136.751082681785,11490.629817922025,Setup
3742,10,6,Morning,16364.508123641132,1249.5585642241087,17614.06668786524,Maintenance
3743,8,12,Morning,13571.882226568094,1352.1202094470184,14924.002436015113,Breakdown
3744,2,6,Night,11280.990973893451,1355.640085115849,12636.6310590093,Setup
3745,8,14,Afternoon,7731.853198050481,1014.3451867410332,8746.198384791514,Breakdown
3746,9,16,Morning,2062.6054700544464,337.00661975277586,2399.612089807222,No Power
3747,8,2,Night,9763.246628086701,2084.4229635073903,11847.66959159409,Maintenance
3748,4,20,Morning,13404.953497626677,1096.9035318684312,14501.857029495108,Breakdown
3749,7,3,Morning,8193.311366365035,1132.5413320784553,9325.85269844349,Breakdown
3750,6,20,Afternoon,4524.265333050469,823.5882367624876,5347.853569812956,Breakdown
3751,5,7,Morning,10664.32272291884,1390.3713888630698,12054.69411178191,No Power
3752,1,20,Morning,3854.5515357241993,980.7306210361539,4835.282156760353,Setup
3753,10,6,Afternoon,12371.006895052788,1734.073689982618,14105.080585035405,Breakdown
3754,6,19,Morning,18979.184984844942,1697.362481935549,20676.547466780492,Breakdown
3755,8,10,Night,2574.927266768112,529.848790728541,3104.7760574966533,Breakdown
3756,10,10,Night,13689.914922397416,1155.643915839864,14845.55883823728,No Power
3757,10,20,Morning,24264.800855296453,1598.5345377189003,25863.335393015353,Breakdown
3758,1,15,Morning,12723.001707468073,989.4922561630384,13712.493963631112,Maintenance
3759,2,17,Morning,4090.906523332137,646.4931153130518,4737.399638645189,Breakdown
3760,5,5,Morning,11511.882671491705,1293.6851856082524,12805.567857099957,Maintenance
3761,9,10,Afternoon,5359.037030111262,725.543782684233,6084.580812795494,Breakdown
3762,10,9,Afternoon,8217.088516363048,1365.8654686999196,9582.953985062968,Setup
3763,4,13,Afternoon,1684.0207387823882,357.3422837229681,2041.3630225053562,Maintenance
3764,5,12,Afternoon,7831.458094464453,1422.0312618895152,9253.489356353968,No Power
3765,10,17,Afternoon,11343.46013138418,1501.5584496193192,12845.018581003498,No Power
3766,9,18,Night,6508.312687990041,921.6547112090359,7429.967399199077,No Power
3767,1,3,Night,7138.957414730716,1076.267492215583,8215.2249069463,Breakdown
3768,2,2,Afternoon,6716.897630335716,837.0546584770012,7553.952288812717,Setup
3769,8,16,Night,8103.106649596752,1421.245808150836,9524.352457747587,Setup
3770,2,18,Afternoon,5757.384519161293,548.6450959983066,6306.029615159599,Maintenance
3771,8,18,Night,7026.214242131531,1698.2259749941063,8724.440217125637,Setup
3772,7,8,Afternoon,7800.906464340171,850.2419647350775,8651.148429075249,Setup
3773,2,4,Morning,15947.53836013264,1250.3884075697697,17197.92676770241,Setup
3774,9,3,Morning,5037.679694587471,478.31818099498537,5515.997875582457,Setup
3775,3,11,Afternoon,10150.542810577988,1732.4145773561227,11882.957387934111,Breakdown
3776,9,18,Morning,8341.956674198716,979.3205230128368,9321.277197211553,Breakdown
3777,3,18,Morning,3006.3499521545473,604.891616213914,3611.2415683684612,Breakdown
3778,9,15,Morning,14232.909979923656,1129.5294552499593,15362.439435173615,Setup
3779,7,10,Night,11327.58727927947,950.6149464693437,12278.202225748815,Breakdown
3780,2,14,Morning,8100.430130246325,940.4748517319634,9040.904981978289,Breakdown
3781,7,10,Afternoon,12350.885086622844,911.4128895577207,13262.297976180565,Maintenance
3782,2,13,Night,2651.39234273677,297.02837278350796,2948.420715520278,Maintenance
3783,3,12,Morning,6557.633330068129,1708.4929964646892,8266.126326532818,Breakdown
3784,8,13,Morning,7891.600143188631,1317.5590401448665,9209.159183333497,Breakdown
3785,8,19,Afternoon,3443.245714116774,548.0193061126809,3991.2650202294544,Breakdown
3786,9,3,Night,5386.983392884908,380.4031577648847,5767.386550649793,Maintenance
3787,5,11,Morning,10096.91042057062,1188.6012155388985,11285.511636109519,No Power
3788,4,6,Morning,9534.435053178233,863.1365883908367,10397.57164156907,Maintenance
3789,4,3,Morning,12332.758948816392,932.4527789861045,13265.211727802496,Breakdown
3790,6,15,Morning,9024.305009970556,984.4337716579256,10008.73878162848,Maintenance
3791,9,13,Afternoon,9073.314253310165,706.7783359594217,9780.092589269587,Setup
3792,3,7,Night,14955.28125385896,1971.6027502999445,16926.884004158906,Breakdown
3793,7,8,Morning,3840.1944088839077,759.737874356681,4599.932283240589,Setup
3794,3,5,Morning,10983.890911322944,798.8383529141704,11782.729264237114,No Power
3795,5,6,Night,12065.121024482909,1525.6946034073878,13590.815627890297,Maintenance
3796,4,20,Morning,7336.276972169791,831.8949091403539,8168.171881310145,Breakdown
3797,8,6,Afternoon,4371.068395862297,1170.5131240574444,5541.581519919741,No Power
3798,5,7,Morning,4802.889594142123,688.7837609844842,5491.673355126608,Maintenance
3799,8,5,Afternoon,4967.206429034279,822.2211594841348,5789.427588518413,Setup
3800,4,4,Night,7105.247269894317,1029.0070133543752,8134.2542832486915,Breakdown
3801,6,5,Morning,8725.12137391269,1464.4648749817284,10189.586248894419,Setup
3802,1,10,Morning,4718.326132122843,867.4944435598321,5585.820575682675,Setup
3803,8,2,Morning,9083.48718954956,1226.8291488855277,10310.316338435088,Setup
3804,5,3,Afternoon,13743.08778460752,1533.6818273358335,15276.769611943353,Maintenance
3805,6,10,Afternoon,4691.455672227907,954.6757549153023,5646.131427143209,Maintenance
3806,2,20,Afternoon,2713.051224248027,334.08647901888145,3047.137703266909,Maintenance
3807,7,2,Morning,6825.309984824704,1114.493034403491,7939.803019228195,Breakdown
3808,9,11,Afternoon,11492.307366372628,764.9902583927943,12257.297624765422,Breakdown
3809,3,11,Morning,11446.954180217223,976.5514923304565,12423.505672547679,Maintenance
3810,4,7,Afternoon,5299.193208487306,620.5437290634632,5919.73693755077,Setup
3811,9,6,Morning,15731.039422994816,928.892303826569,16659.931726821385,Breakdown
3812,8,4,Night,14927.208854391616,1933.159880832414,16860.36873522403,Breakdown
3813,9,17,Night,6960.544946128824,695.650148464403,7656.195094593228,Breakdown
3814,9,13,Night,3176.6260501579436,522.0019393484481,3698.6279895063917,Breakdown
3815,6,4,Afternoon,7841.567842009239,1033.3483633319345,8874.916205341173,Setup
3816,3,18,Afternoon,7262.599763024473,1472.5214969396284,8735.1212599641,Maintenance
3817,3,19,Afternoon,4678.753550091212,571.3238176038805,5250.077367695092,Maintenance
3818,1,2,Afternoon,10061.180303592435,1562.7242018583454,11623.90450545078,No Power
3819,2,17,Night,5569.544847211185,1082.2284069795883,6651.7732541907735,Setup
3820,3,10,Morning,9434.785302995455,1407.2048221514106,10841.990125146865,Maintenance
3821,2,20,Morning,4576.103288164252,471.34434811205347,5047.447636276305,Setup
3822,1,7,Night,3507.244064086956,593.1628443750332,4100.406908461989,Breakdown
3823,4,2,Morning,22320.291496535992,1072.0460287194728,23392.337525255465,Breakdown
3824,3,19,Night,12123.406087794398,1923.789316557272,14047.195404351669,Breakdown
3825,7,5,Afternoon,10346.002851261524,1383.928916088134,11729.931767349659,Breakdown
3826,4,13,Morning,9678.421018449793,1067.8528422253314,10746.273860675125,Breakdown
3827,3,11,Morning,8734.598067138026,1001.6427381986193,9736.240805336645,No Power
3828,8,2,Morning,4341.327321905037,561.3073140011335,4902.634635906171,Maintenance
3829,6,8,Night,8943.29819423841,1365.6405129283273,10308.938707166737,No Power
3830,8,17,Afternoon,4192.448256291373,701.6613050192777,4894.10956131065,Maintenance
3831,1,9,Morning,7789.939465708721,1268.2792570318525,9058.218722740574,Breakdown
3832,6,7,Morning,6353.208957069625,640.7463768847151,6993.95533395434,Maintenance
3833,1,6,Afternoon,3982.33294440431,839.6913744042748,4822.024318808585,Setup
3834,7,12,Afternoon,6588.560944116781,951.4006674405988,7539.96161155738,Breakdown
3835,10,17,Night,13451.665574070412,1931.8380414907451,15383.503615561156,Setup
3836,5,17,Night,5657.233361467943,986.4481352847841,6643.681496752727,Breakdown
3837,8,16,Afternoon,12028.690789971277,1217.7446535321735,13246.435443503451,Setup
3838,1,11,Morning,9909.69502256468,1493.7302780111136,11403.425300575793,Maintenance
3839,9,19,Morning,8089.199726521279,1189.8108823871617,9279.01060890844,Setup
3840,1,2,Night,6858.571108448251,814.0390253000411,7672.610133748292,Setup
3841,7,8,Morning,5871.985297334959,763.2926089144706,6635.277906249429,Setup
3842,1,13,Morning,9624.118403167571,1375.007772224653,10999.126175392224,Setup
3843,8,14,Night,8844.390477542243,1203.2129897036582,10047.6034672459,Breakdown
3844,5,6,Afternoon,4564.430724941614,789.9744744167222,5354.405199358336,Maintenance
3845,10,20,Afternoon,4890.438325156607,915.3867722248832,5805.82509738149,Breakdown
3846,8,20,Afternoon,15720.212993860345,1420.7756019392477,17140.988595799594,Breakdown
3847,3,11,Morning,8551.567581674572,995.3343413768881,9546.90192305146,No Power
3848,3,12,Morning,9981.992488209407,1058.6715959227677,11040.664084132175,Setup
3849,10,1,Afternoon,23755.880741144527,2210.99898748326,25966.879728627788,No Power
3850,1,11,Night,6117.10258210079,963.9340696920908,7081.036651792881,Maintenance
3851,7,16,Morning,9657.718348351791,918.1903476646171,10575.908696016408,Setup
3852,1,8,Night,7473.484366786359,1448.8736180789363,8922.357984865295,Setup
3853,9,10,Morning,3859.6467502455143,569.5727733100255,4429.21952355554,Maintenance
3854,1,7,Morning,8031.585447386146,1052.310350707392,9083.895798093537,Breakdown
3855,9,18,Night,10892.034230991414,838.7952405981758,11730.82947158959,Setup
3856,7,11,Morning,2802.1594596330187,364.75726876694705,3166.916728399966,No Power
3857,8,9,Morning,12702.966307351237,871.4813666194068,13574.447673970644,No Power
3858,9,12,Morning,6719.194805306831,661.429914455246,7380.624719762077,Breakdown
3859,7,19,Morning,5923.96992567016,1122.0075798805087,7045.977505550669,Breakdown
3860,2,18,Night,2140.3332217015864,384.52922692882794,2524.8624486304143,Setup
3861,9,9,Morning,15570.773274481839,858.3901351677908,16429.16340964963,Maintenance
3862,5,19,Afternoon,4330.110605759943,932.6663778513781,5262.776983611321,Breakdown
3863,8,8,Morning,11487.089833074548,944.0558210052573,12431.145654079804,Setup
3864,3,20,Morning,10952.870014694954,1105.2057748957127,12058.075789590666,Setup
3865,6,2,Morning,7295.690418996177,1356.638094748249,8652.328513744425,Maintenance
3866,1,2,Afternoon,4853.640114729844,1014.3217335805319,5867.961848310376,Setup
3867,10,16,Morning,12031.60211495501,1350.7522419438205,13382.354356898832,No Power
3868,3,9,Morning,10849.549465135402,1058.8842530957259,11908.433718231128,Maintenance
3869,3,16,Afternoon,2166.9844388462197,497.7842612961855,2664.768700142405,No Power
3870,6,3,Afternoon,10458.091207417672,1135.2392769118767,11593.330484329548,Setup
3871,6,3,Night,7898.544691854795,1155.7654559548096,9054.310147809605,Setup
3872,5,20,Morning,8028.2789726466435,1090.8804550816265,9119.15942772827,Setup
3873,10,20,Morning,5061.260453167545,1198.330525862949,6259.590979030494,Breakdown
3874,9,13,Morning,6228.267961591868,853.0307436702326,7081.2987052621,Maintenance
3875,4,8,Afternoon,17451.156454484168,1355.7144090036902,18806.870863487857,No Power
3876,6,13,Night,9410.238700895397,935.0903423514555,10345.329043246853,No Power
3877,5,6,Afternoon,23294.19663493357,1726.027194356468,25020.22382929004,Breakdown
3878,8,13,Afternoon,8006.773917348533,1367.8605012320422,9374.634418580576,Breakdown
3879,1,11,Night,7798.095871603252,1274.6002854505227,9072.696157053775,Maintenance
3880,10,9,Morning,8238.601626959995,1072.0081098454534,9310.609736805449,Setup
3881,9,7,Night,2695.5822495563434,508.56456714896166,3204.146816705305,Breakdown
3882,7,1,Afternoon,21940.6638512379,1569.8043242011245,23510.468175439026,Setup
3883,7,10,Morning,3755.9643341001292,948.5519419380439,4704.516276038174,Breakdown
3884,6,7,Morning,5266.0670092932905,818.0333683916194,6084.10037768491,Breakdown
3885,6,2,Night,3782.3933305572314,581.3698716368433,4363.763202194074,No Power
3886,5,15,Afternoon,13101.281337313703,1417.4540578187596,14518.735395132462,Breakdown
3887,10,3,Morning,6139.872059170454,861.9809891487503,7001.853048319204,Maintenance
3888,7,19,Morning,15691.444230018413,1566.8044703977898,17258.248700416203,Breakdown
3889,6,2,Morning,4693.745839182892,662.5566848661232,5356.302524049015,Maintenance
3890,8,14,Afternoon,12069.850586636865,1420.161998573702,13490.012585210567,Maintenance
3891,7,9,Night,21867.406382010817,1577.081995463684,23444.4883774745,No Power
3892,5,4,Afternoon,11710.745135797142,2148.4794758011794,13859.224611598322,Breakdown
3893,9,8,Morning,7772.539946040207,751.9459316639586,8524.485877704166,Breakdown
3894,1,13,Afternoon,3505.695269853054,555.312945069793,4061.008214922847,Breakdown
3895,3,13,Night,10742.99942638241,1723.038681519292,12466.038107901702,Breakdown
3896,3,11,Afternoon,5234.9493743697285,832.2684098021291,6067.217784171858,Maintenance
3897,9,15,Night,8026.537380410813,1371.1747616771518,9397.712142087965,Breakdown
3898,9,15,Afternoon,5930.007829939284,425.13103837252294,6355.1388683118075,Setup
3899,1,9,Night,5979.579733716841,662.5391134305988,6642.11884714744,No Power
3900,3,6,Afternoon,3043.7884359964437,730.4126706686827,3774.2011066651266,Breakdown
3901,3,13,Morning,22537.697710393357,1779.3810805807134,24317.07879097407,Setup
3902,3,11,Morning,20006.420475040555,1572.3783065432601,21578.798781583817,Setup
3903,5,11,Night,20090.829378417126,1921.783788241908,22012.613166659034,Breakdown
3904,2,7,Afternoon,8353.013739444084,773.4496385934387,9126.463378037522,No Power
3905,3,14,Night,4340.279831258353,837.9822796753622,5178.262110933715,Breakdown
3906,7,3,Morning,8336.116348452259,1034.2859528922413,9370.4023013445,Breakdown
3907,10,8,Afternoon,7565.759737076333,1306.060494508898,8871.820231585232,Maintenance
3908,4,3,Afternoon,3949.686344100283,502.89231912910935,4452.578663229392,Maintenance
3909,2,2,Morning,7179.791715298095,708.1242112174524,7887.915926515548,Setup
3910,4,16,Afternoon,6758.55224031859,812.5007409873284,7571.052981305918,Setup
3911,5,8,Night,10681.564689566829,1525.1300880879767,12206.694777654806,Setup
3912,6,16,Morning,8947.24022284923,1078.823171858318,10026.063394707548,Setup
3913,7,11,Night,12386.462931982802,1511.5859736636498,13898.048905646452,Maintenance
3914,2,16,Night,3514.5435237043234,867.3838952643463,4381.927418968669,Maintenance
3915,2,13,Afternoon,4210.995055785919,511.03459206105254,4722.029647846972,Breakdown
3916,6,3,Afternoon,2914.1645025233747,569.3028635357554,3483.46736605913,Breakdown
3917,5,11,Morning,21258.26456606496,1792.2778000713183,23050.54236613628,Setup
3918,9,10,Night,2758.757502781519,542.4723986204386,3301.2299014019577,Maintenance
3919,1,11,Afternoon,3320.955304294623,784.4261042239882,4105.381408518611,Breakdown
3920,7,11,Morning,5880.859009719153,862.664866308996,6743.523876028149,Setup
3921,9,19,Afternoon,3689.1825358707547,787.5617299263122,4476.744265797067,Breakdown
3922,3,12,Afternoon,2703.0184351324733,614.9239014761501,3317.9423366086235,Breakdown
3923,10,12,Morning,2933.575022163853,502.20026364565524,3435.775285809508,No Power
3924,5,7,Night,7759.784661126515,1208.864186061855,8968.64884718837,Maintenance
3925,4,1,Afternoon,16426.303257385884,1072.1767435627066,17498.48000094859,No Power
3926,4,4,Night,7913.818672793396,1221.0867161117749,9134.905388905172,No Power
3927,5,15,Morning,8007.534871461084,1587.3072411298642,9594.842112590948,Maintenance
3928,8,14,Night,18502.27369031738,2068.59959982168,20570.873290139058,No Power
3929,8,15,Afternoon,6422.634712840303,614.810867539629,7037.445580379932,Setup
3930,2,9,Afternoon,3550.854343944954,637.0388619733369,4187.893205918291,Setup
3931,9,11,Morning,5911.369988204959,747.9280363763597,6659.298024581319,Maintenance
3932,8,5,Afternoon,23289.43229760353,1334.4418285943134,24623.874126197843,Breakdown
3933,7,1,Morning,5485.256787642712,813.5569217965108,6298.813709439222,Setup
3934,9,13,Afternoon,5513.459701172292,445.36840529943396,5958.828106471726,Breakdown
3935,3,20,Afternoon,5588.708020792641,859.0165482102966,6447.724569002938,Breakdown
3936,1,2,Night,3404.261193833974,1186.481512641209,4590.742706475183,Breakdown
3937,6,18,Night,6049.99087072154,829.3128740678968,6879.303744789437,Maintenance
3938,3,16,Night,2864.325995529078,625.4934786400513,3489.8194741691295,Maintenance
3939,1,6,Morning,2799.179739982337,479.88574630544787,3279.065486287785,Breakdown
3940,3,12,Morning,12266.915981595519,1135.1647245437275,13402.080706139246,Maintenance
3941,2,9,Night,14795.94786610583,1760.9987018512043,16556.946567957035,Maintenance
3942,4,5,Night,4825.039754386375,584.3483661539843,5409.388120540359,Breakdown
3943,1,10,Night,7047.643575488661,1822.1562660459986,8869.79984153466,Breakdown
3944,9,6,Afternoon,12901.229585291832,1024.8598599785037,13926.089445270336,Maintenance
3945,8,6,Night,11685.980524931878,1391.7077666799971,13077.688291611876,Maintenance
3946,2,9,Afternoon,18857.45306906596,1386.3885593480304,20243.84162841399,Breakdown
3947,6,15,Morning,14244.16489656718,1577.9598535789182,15822.124750146097,No Power
3948,8,1,Morning,2285.5615186606015,380.03930722431096,2665.6008258849124,Setup
3949,5,17,Afternoon,7165.64242890374,1751.1393522323697,8916.78178113611,Breakdown
3950,1,12,Morning,16439.11234807406,1728.4902082881722,18167.60255636223,Breakdown
3951,6,10,Afternoon,8897.578229827217,1336.6591494294696,10234.237379256687,Setup
3952,1,4,Morning,10124.245973769272,1109.197534669603,11233.443508438875,Setup
3953,4,16,Afternoon,4272.343598523294,461.09632444230374,4733.439922965597,Breakdown
3954,1,12,Morning,12904.87471737261,1050.6041096462457,13955.478827018855,Breakdown
3955,6,16,Morning,3278.0402283819208,558.5845584661763,3836.624786848097,Setup
3956,1,16,Night,6683.305529336791,1275.1967362828682,7958.502265619659,Maintenance
3957,2,10,Afternoon,11833.102103542891,1196.7405165931077,13029.842620135998,No Power
3958,5,14,Afternoon,6009.323384178218,589.0411766730014,6598.364560851219,Breakdown
3959,7,3,Afternoon,24814.883148680132,1607.5230723736636,26422.406221053796,No Power
3960,1,10,Afternoon,10026.160650832539,1616.7839524246601,11642.944603257198,Breakdown
3961,2,9,Afternoon,17772.797973075216,920.9961077492519,18693.794080824468,Maintenance
3962,10,15,Morning,6299.5592886076065,795.5921764293483,7095.1514650369545,Setup
3963,4,18,Afternoon,11332.085733136124,1324.9826417788108,12657.068374914936,Breakdown
3964,8,1,Morning,5192.1916411187685,724.8567653859425,5917.048406504711,No Power
3965,5,7,Morning,6381.025560523997,764.4734002802913,7145.498960804289,Maintenance
3966,5,19,Afternoon,8074.082981568901,1356.6437269206178,9430.72670848952,Breakdown
3967,8,16,Afternoon,6662.747807473784,1485.9791141868193,8148.726921660603,Breakdown
3968,4,5,Afternoon,15510.42706367191,977.815021669722,16488.242085341633,Breakdown
3969,2,2,Night,4966.403389928728,831.8238774398051,5798.227267368533,Setup
3970,3,13,Morning,4534.579854305095,1137.2830048555754,5671.86285916067,Breakdown
3971,3,9,Morning,8661.37265820327,1691.0115055640038,10352.384163767274,Maintenance
3972,1,14,Morning,9225.847583995557,850.4785895124959,10076.326173508052,No Power
3973,4,11,Morning,14578.489188272497,874.6526349370981,15453.141823209595,Maintenance
3974,10,4,Night,11313.162842637872,1618.4064028814078,12931.56924551928,Setup
3975,9,14,Afternoon,6852.644357084703,870.1393833856241,7722.783740470328,No Power
3976,2,7,Morning,6539.88135905699,649.1326255564837,7189.013984613473,Maintenance
3977,3,16,Night,6969.591764568561,1607.2334606656543,8576.825225234215,Setup
3978,9,9,Afternoon,12858.682513944006,1212.663618152139,14071.346132096145,No Power
3979,4,3,Morning,3096.0981669437797,208.1297158011601,3304.22788274494,Maintenance
3980,9,13,Morning,11913.210135942554,920.1385683967791,12833.348704339332,Setup
3981,1,6,Night,21330.37809090789,1943.8665791280405,23274.24467003593,Maintenance
3982,3,8,Afternoon,3505.4253306431983,656.5897311791593,4162.015061822358,Setup
3983,2,20,Afternoon,3960.097959586844,363.83996876895077,4323.937928355795,Maintenance
3984,9,18,Morning,7349.91176311683,1183.3573258350405,8533.26908895187,Maintenance
3985,2,14,Night,7264.610732751731,1066.3220540027262,8330.932786754458,Breakdown
3986,1,3,Night,8999.24720135892,931.2993580070929,9930.546559366012,Maintenance
3987,1,16,Afternoon,8806.836646699,892.3913118302191,9699.227958529218,Breakdown
3988,2,3,Afternoon,4028.00095423396,766.5572831237423,4794.558237357702,Setup
3989,5,14,Night,11038.802315912917,1322.0619942365972,12360.864310149514,Breakdown
3990,3,7,Morning,6187.7397044139225,1163.1101923628669,7350.849896776789,Maintenance
3991,8,8,Morning,10905.414631186432,1465.057183547391,12370.471814733823,Breakdown
3992,3,1,Afternoon,5352.423670389726,550.2073158207198,5902.630986210445,No Power
3993,10,13,Night,16474.126194079425,1730.5380042246918,18204.664198304115,Breakdown
3994,8,1,Morning,6474.296540289517,1330.4054797996957,7804.702020089213,Setup
3995,5,8,Afternoon,3350.439946528274,546.2486998585291,3896.688646386803,Breakdown
3996,7,18,Morning,6543.642182379152,569.445891617979,7113.088073997131,Setup
3997,5,2,Morning,6311.922073503995,858.7149871955737,7170.637060699569,Maintenance
3998,2,11,Night,6488.445128097959,800.228794558096,7288.673922656055,Maintenance
3999,9,14,Morning,8239.147118790832,953.8999938958369,9193.047112686669,Maintenance
4000,4,6,Afternoon,7407.893589518989,1043.5574728426927,8451.45106236168,Breakdown
4001,8,13,Afternoon,2805.8872653874805,709.023604814103,3514.9108702015837,No Power
4002,5,18,Morning,13458.250446808459,1336.6913763187436,14794.941823127203,Setup
4003,1,13,Afternoon,5119.358546783789,1054.0452804944484,6173.403827278238,Setup
4004,3,10,Morning,24034.554943694864,1606.4864431632466,25641.04138685811,Setup
4005,9,5,Afternoon,3984.2642734945343,412.49626097734875,4396.760534471883,Setup
4006,9,18,Night,4937.037799778865,1282.154295855945,6219.192095634809,Maintenance
4007,2,7,Afternoon,9246.07214808729,779.4418640145625,10025.514012101854,No Power
4008,4,7,Afternoon,6096.736764074622,835.4387758872202,6932.175539961842,No Power
4009,6,5,Morning,15717.243493201599,1490.601894096885,17207.845387298483,Breakdown
4010,3,6,Afternoon,2597.3633098506834,416.2624821119959,3013.625791962679,Breakdown
4011,9,7,Afternoon,5968.04083522202,564.8570783097769,6532.897913531797,Setup
4012,3,1,Afternoon,6914.030593010127,653.073732702267,7567.104325712394,Breakdown
4013,2,13,Morning,6193.7685409671,926.0724017794137,7119.840942746514,Breakdown
4014,5,18,Night,7731.362679903417,1089.6056727528273,8820.968352656244,Breakdown
4015,4,17,Night,9391.445083321669,1382.1503775164622,10773.59546083813,Breakdown
4016,3,7,Morning,6249.153312021754,1464.618274287428,7713.771586309182,Maintenance
4017,9,13,Morning,15046.75780534523,879.0004629408245,15925.758268286056,No Power
4018,8,16,Morning,5214.926280018727,942.1374938824167,6157.063773901144,Setup
4019,10,14,Morning,12941.405737613099,1473.7636859441416,14415.16942355724,Breakdown
4020,6,9,Afternoon,10563.497801108613,721.3115851589812,11284.809386267594,Breakdown
4021,3,1,Morning,14692.072554881584,928.426028442884,15620.498583324468,Setup
4022,5,9,Afternoon,9847.790151779574,2052.5603257563166,11900.35047753589,Breakdown
4023,7,16,Night,11981.136111400117,1681.3346373632069,13662.470748763324,No Power
4024,6,6,Morning,2979.079958506217,536.9719878760325,3516.0519463822493,No Power
4025,1,17,Afternoon,8486.403356915103,1332.792474001225,9819.195830916327,Setup
4026,2,9,Night,12375.89350612438,1184.7815857932148,13560.675091917594,Setup
4027,9,10,Afternoon,8472.649708573683,1216.4622561892927,9689.111964762975,Setup
4028,4,6,Night,11731.236741976638,818.5206581446416,12549.75740012128,Breakdown
4029,3,1,Night,9000.858926254325,1134.607534169397,10135.466460423722,No Power
4030,8,13,Morning,8437.214952845414,912.0274469903409,9349.242399835755,Setup
4031,5,17,Morning,5784.075506956742,892.3772431716144,6676.4527501283565,Maintenance
4032,9,1,Afternoon,6706.474402497555,628.0725982058376,7334.547000703393,Setup
4033,5,1,Afternoon,3590.71126987652,801.8575521717165,4392.568822048236,No Power
4034,5,4,Night,8153.656045287093,1146.625047831693,9300.281093118785,Breakdown
4035,10,10,Morning,14045.814762593904,1473.5623705855571,15519.377133179461,Setup
4036,8,14,Morning,5704.67975869288,1016.53694862731,6721.21670732019,Breakdown
4037,10,5,Afternoon,6923.421394252422,1246.7237329313816,8170.145127183803,Maintenance
4038,10,20,Night,4361.542349986168,1102.81382009568,5464.356170081848,No Power
4039,8,17,Morning,8117.108057041868,813.5189558440984,8930.627012885967,Setup
4040,10,18,Morning,15838.55990889782,1768.9004574450987,17607.46036634292,Setup
4041,6,15,Afternoon,3519.6302989245996,619.3053213411415,4138.935620265741,Breakdown
4042,1,3,Morning,3786.8933933410935,664.4965078723528,4451.389901213446,No Power
4043,4,12,Afternoon,4593.151306312698,696.8197572112329,5289.971063523931,Maintenance
4044,9,16,Morning,6398.527140016003,691.361934136238,7089.889074152241,Setup
4045,5,14,Night,6259.194240163813,889.9165106856726,7149.110750849486,Breakdown
4046,1,1,Afternoon,16800.78625729736,1424.6008442401642,18225.387101537526,No Power
4047,2,19,Afternoon,9888.702663543401,988.5599149406223,10877.262578484024,Maintenance
4048,3,4,Morning,10532.604513994353,1669.3809018102208,12201.985415804573,Breakdown
4049,8,18,Afternoon,10489.020733657204,1561.8001214749206,12050.820855132124,Maintenance
4050,5,10,Night,8197.301540220682,1236.761500437728,9434.06304065841,Setup
4051,2,9,Afternoon,6070.130768050678,891.0348286065504,6961.165596657228,No Power
4052,8,6,Afternoon,12433.246384907005,1503.1473933246639,13936.393778231668,Maintenance
4053,9,13,Morning,2484.1860520253103,495.70919646817975,2979.8952484934903,No Power
4054,6,16,Morning,4549.6880365998295,581.866347287542,5131.554383887372,Setup
4055,4,8,Morning,6215.345019643427,927.0967741950774,7142.441793838504,Setup
4056,5,12,Afternoon,6803.930583025729,1331.7828884506823,8135.7134714764115,No Power
4057,1,5,Afternoon,8203.854558399216,1187.5879606337803,9391.442519032997,No Power
4058,4,1,Night,4470.941630834359,445.0123308586535,4915.953961693012,Maintenance
4059,1,18,Afternoon,2961.3407212911725,667.6091298950023,3628.949851186175,Setup
4060,1,15,Afternoon,6761.857842910931,1228.1509591954648,7990.008802106396,Setup
4061,10,15,Afternoon,10885.831939427693,1549.4311178526261,12435.26305728032,Setup
4062,7,6,Morning,6196.646812084388,784.737939767906,6981.384751852294,Breakdown
4063,5,9,Afternoon,8850.415685547012,1558.2919141286266,10408.70759967564,Breakdown
4064,3,18,Morning,4657.2099900141475,573.2719563136773,5230.4819463278245,Breakdown
4065,4,6,Morning,13269.62841255597,910.341867752889,14179.97028030886,Setup
4066,3,15,Night,2936.4661961319307,464.0563245210561,3400.5225206529867,Breakdown
4067,4,6,Night,5033.657338100336,1402.0378635946636,6435.695201695,Maintenance
4068,4,16,Night,12704.835882428713,1569.7204808348736,14274.556363263588,Setup
4069,1,12,Night,9342.887590997621,1593.2009817015173,10936.088572699138,No Power
4070,1,16,Night,7586.776676457006,1642.3237130511409,9229.100389508147,Breakdown
4071,1,9,Morning,6921.60564212016,656.025540502739,7577.631182622899,Breakdown
4072,4,11,Afternoon,4085.1524758619275,1067.811071301384,5152.963547163312,Setup
4073,6,16,Morning,10347.146219990871,1236.197805793475,11583.344025784347,Breakdown
4074,7,6,Morning,9811.53789139306,1528.1873168945551,11339.725208287615,Breakdown
4075,8,3,Morning,2102.8526618636993,453.08427399396584,2555.936935857665,Setup
4076,7,12,Night,8362.995657749005,1548.1451356655937,9911.1407934146,Maintenance
4077,9,7,Afternoon,6270.260707407633,812.681523731805,7082.942231139438,Breakdown
4078,10,9,Night,12119.311119437632,2079.7290060550663,14199.040125492698,Breakdown
4079,5,1,Morning,12224.154331606878,1725.5413410968554,13949.695672703734,Breakdown
4080,8,13,Night,8822.402348674987,1290.5424581806487,10112.944806855636,Maintenance
4081,6,11,Night,4141.278034812626,679.8266615638867,4821.104696376513,Breakdown
4082,7,12,Afternoon,5897.166618231588,594.8498659383171,6492.016484169904,Setup
4083,10,15,Morning,8727.222959689785,1646.1415195837806,10373.364479273565,Breakdown
4084,2,2,Morning,11339.492185119912,1420.6623087232122,12760.154493843125,Breakdown
4085,10,1,Night,12290.244281130104,1918.1379052453256,14208.38218637543,Setup
4086,4,9,Afternoon,8980.38124566311,1061.8219227363825,10042.203168399492,Breakdown
4087,9,19,Morning,7965.0839548223885,1125.3141279518807,9090.398082774269,Setup
4088,2,5,Morning,12738.47448876857,1008.2484436908228,13746.722932459394,Setup
4089,5,1,Night,6112.8451446761,1577.3993772253173,7690.244521901417,Setup
4090,10,10,Afternoon,7053.67241695751,913.7842875022313,7967.456704459742,Breakdown
4091,2,19,Morning,7965.156678385596,718.303398075495,8683.460076461091,Setup
4092,3,4,Morning,8105.817276831206,753.3577405006007,8859.175017331807,Breakdown
4093,10,15,Afternoon,15432.603325119393,1496.8416662342381,16929.44499135363,Setup
4094,5,5,Night,7833.428864511247,2093.6946963927826,9927.12356090403,Breakdown
4095,7,16,Night,9477.208905410645,887.9417292699937,10365.15063468064,Setup
4096,9,7,Morning,2168.2051536036643,420.19687829287517,2588.4020318965395,Breakdown
4097,5,8,Night,11000.328064119863,1441.7201659590462,12442.04823007891,Maintenance
4098,5,1,Morning,9748.838816563457,1007.2939613417886,10756.132777905246,Maintenance
4099,2,5,Afternoon,8887.301673341717,763.9811144276568,9651.282787769374,Setup
4100,3,20,Afternoon,9295.975689857014,1216.2462669893332,10512.221956846348,Breakdown
4101,7,12,Afternoon,4687.06086544414,678.03961816666,5365.1004836108,Breakdown
4102,3,19,Morning,5926.62002531562,1193.8108609045853,7120.430886220205,Breakdown
4103,2,4,Morning,3930.2263892943993,519.3396563100449,4449.566045604444,No Power
4104,1,12,Morning,3900.2058659826107,855.4929751407419,4755.698841123352,Maintenance
4105,2,17,Afternoon,14259.984163875437,1106.1572339594254,15366.141397834863,Setup
4106,3,3,Morning,13118.571839103344,1436.4666766891585,14555.038515792503,Breakdown
4107,5,3,Afternoon,14882.951297511936,1360.143235721397,16243.094533233332,Breakdown
4108,1,4,Morning,15104.815808694282,1479.6193123625774,16584.43512105686,Breakdown
4109,9,1,Morning,2416.789286292119,378.1912508421854,2794.9805371343045,Breakdown
4110,8,3,Morning,12540.224376262971,1206.2575284074921,13746.481904670463,Setup
4111,5,7,Morning,11564.347861673155,1468.2573800047774,13032.605241677933,Maintenance
4112,6,2,Afternoon,12567.985338300368,1063.1630082319898,13631.148346532358,Setup
4113,3,14,Afternoon,11535.085374906454,1059.4819041535386,12594.567279059993,Maintenance
4114,6,16,Afternoon,10340.422320144042,1430.1504046313862,11770.572724775428,Setup
4115,7,13,Afternoon,7257.553945058912,1346.8182077315457,8604.372152790458,No Power
4116,9,3,Morning,4004.701301556643,462.19662754551496,4466.897929102158,Breakdown
4117,3,20,Morning,10884.344919633893,1572.828781354793,12457.173700988686,Setup
4118,9,11,Afternoon,8729.218866023899,1365.276942616686,10094.495808640586,Breakdown
4119,3,4,Afternoon,7107.971285872467,1632.2885852457264,8740.259871118193,Breakdown
4120,10,20,Night,2739.821824019148,497.0684076220747,3236.8902316412227,Breakdown
4121,8,6,Afternoon,6697.6884062847175,1066.2405858068105,7763.928992091528,Breakdown
4122,9,5,Night,3487.1934598327866,376.9351699751712,3864.1286298079576,Setup
4123,8,5,Morning,7108.479732523022,1208.9070282012794,8317.386760724301,Setup
4124,1,13,Afternoon,6033.269519725589,1003.6843638364508,7036.95388356204,Breakdown
4125,2,3,Afternoon,6367.813214124517,958.4970513973349,7326.310265521852,Breakdown
4126,7,1,Afternoon,6598.4149322595,1231.9517160819762,7830.366648341476,Maintenance
4127,5,7,Afternoon,20445.804492961073,1427.4568555140095,21873.261348475084,Maintenance
4128,6,14,Night,14022.928363016219,1791.2574552294884,15814.185818245707,Breakdown
4129,6,8,Morning,9172.136021840462,1072.3376517626443,10244.473673603106,Maintenance
4130,3,7,Night,26860.727597381217,1770.7536732972878,28631.481270678505,Breakdown
4131,7,13,Afternoon,8309.5526508089,1411.6610540669963,9721.213704875896,No Power
4132,4,14,Morning,10365.538011692457,1169.9235468982765,11535.461558590734,Breakdown
4133,1,8,Afternoon,23757.169062378587,1669.1444185292382,25426.313480907826,Breakdown
4134,8,12,Afternoon,6676.260764571698,1872.4067616424363,8548.667526214134,Setup
4135,9,15,Morning,5722.964132728442,492.34742712127536,6215.311559849717,Maintenance
4136,1,14,Afternoon,7866.374278536954,973.9471649539161,8840.32144349087,Breakdown
4137,10,2,Afternoon,5737.389502740296,1689.7862972854305,7427.175800025727,No Power
4138,1,10,Afternoon,11748.657955605697,1497.6922760016932,13246.35023160739,Setup
4139,7,12,Morning,4264.850133613155,512.0658691857718,4776.9160027989265,Breakdown
4140,7,2,Afternoon,8888.758026844322,828.1343790087875,9716.892405853108,Breakdown
4141,2,16,Morning,8147.102240392106,987.7657639883037,9134.868004380409,Setup
4142,4,6,Morning,4001.2164978968494,1187.0077718311663,5188.224269728016,Breakdown
4143,2,13,Morning,8757.940565798248,1059.5936335401866,9817.534199338435,Setup
4144,7,2,Afternoon,7458.71435555696,1214.941181430917,8673.655536987877,Setup
4145,3,16,Morning,7442.084107590341,876.621165736114,8318.705273326455,Maintenance
4146,1,7,Night,3117.8883123836704,606.1289233957493,3724.01723577942,Setup
4147,6,1,Afternoon,11210.737723047388,1541.6097646517342,12752.347487699122,Breakdown
4148,8,20,Night,2476.7925249855084,660.9628928008077,3137.7554177863162,Breakdown
4149,1,2,Night,14788.233352672534,1847.9468359041498,16636.180188576684,No Power
4150,7,16,Morning,9127.567789496858,704.3913753246013,9831.95916482146,Maintenance
4151,2,15,Afternoon,12294.686472183208,701.3211878990328,12996.007660082241,Setup
4152,8,11,Night,11065.926743435173,1689.2459398818182,12755.172683316992,Maintenance
4153,3,15,Morning,4785.750727780185,754.8503778604359,5540.6011056406205,Breakdown
4154,6,16,Afternoon,9158.406321632827,1433.8789510839383,10592.285272716765,Breakdown
4155,5,19,Morning,7725.4053870593425,956.2119610326455,8681.617348091988,Setup
4156,5,15,Afternoon,16415.74299824949,1596.8384469255516,18012.58144517504,Maintenance
4157,1,4,Morning,7420.557918548637,875.0210608350816,8295.578979383718,Breakdown
4158,4,8,Night,7811.700448877371,1222.867587627897,9034.568036505269,Breakdown
4159,8,11,Afternoon,4946.351423485876,847.2186053100055,5793.570028795882,Breakdown
4160,7,20,Morning,9362.01641280381,995.5499460148346,10357.566358818645,Maintenance
4161,2,2,Night,4706.58366507884,481.6694388315571,5188.253103910397,Breakdown
4162,2,17,Morning,15554.648112970777,1083.823880628235,16638.47199359901,Setup
4163,4,9,Night,4407.302078517548,540.5043841792607,4947.806462696808,Maintenance
4164,5,13,Morning,19310.752531677892,1795.8405926622358,21106.59312434013,Maintenance
4165,6,7,Afternoon,4350.570733062637,796.3453395523902,5146.916072615028,Breakdown
4166,5,11,Morning,12786.828248804082,1306.6539424845262,14093.48219128861,Maintenance
4167,7,20,Night,4204.50411520557,718.5622123414541,4923.066327547024,Setup
4168,6,12,Night,5480.73064322145,1308.0048046993275,6788.735447920777,Setup
4169,8,12,Afternoon,8988.924544543917,860.2637666916844,9849.1883112356,Setup
4170,9,11,Night,7907.83536336813,804.5761796904492,8712.411543058579,Maintenance
4171,4,15,Night,10935.071213533589,1518.7502128510364,12453.821426384626,Setup
4172,4,8,Morning,11299.9302946863,963.0205431141567,12262.950837800458,Maintenance
4173,7,15,Afternoon,5993.183153991501,758.9091903576808,6752.092344349182,Maintenance
4174,10,6,Night,16422.802405435476,2127.6054255019394,18550.407830937416,No Power
4175,3,4,Morning,16640.12580454776,1368.2143408686863,18008.340145416445,Breakdown
4176,10,20,Night,7789.278083445846,1096.0736731895997,8885.351756635446,Breakdown
4177,7,18,Morning,12001.940288859114,1227.5168653792457,13229.45715423836,Setup
4178,10,12,Night,8939.185319773973,1192.9159286554989,10132.101248429472,Breakdown
4179,5,12,Afternoon,7546.758379633357,1939.239558801062,9485.997938434419,Maintenance
4180,5,8,Morning,4742.755571694672,648.2478088894652,5391.003380584137,Maintenance
4181,8,12,Afternoon,3683.66049606832,724.7468704032568,4408.407366471577,Setup
4182,8,10,Afternoon,5117.280790964835,730.5745495685513,5847.855340533387,Setup
4183,10,14,Night,15883.191337378355,2016.5330952790587,17899.724432657415,No Power
4184,9,17,Morning,5387.554891853123,474.54022340634117,5862.095115259464,No Power
4185,4,5,Morning,6733.655752258926,840.0191458324458,7573.674898091373,Maintenance
4186,5,3,Afternoon,10533.640419258158,1784.085293156035,12317.725712414192,Setup
4187,10,6,Afternoon,4135.521803524989,567.1625934684475,4702.684396993436,Setup
4188,1,11,Morning,18254.114659607258,2091.0868837040325,20345.20154331129,Setup
4189,6,5,Night,10044.260876685823,1279.5862992353645,11323.847175921188,Setup
4190,2,1,Morning,4804.911542831188,543.8268999604022,5348.73844279159,Maintenance
4191,9,14,Morning,4404.958728839766,423.7539701926529,4828.712699032419,Breakdown
4192,1,12,Afternoon,6667.074995409863,1167.6641131503407,7834.739108560203,Maintenance
4193,5,19,Morning,7249.4669032130905,914.4973389864032,8163.964242199494,Maintenance
4194,4,17,Night,5621.5659448473325,736.0533873643021,6357.619332211634,Breakdown
4195,8,15,Night,13462.218656641491,1806.8341868924765,15269.052843533967,No Power
4196,9,7,Night,3616.191714735507,510.4266122458219,4126.618326981329,Setup
4197,6,13,Afternoon,6943.861547178076,835.9655746364344,7779.82712181451,Setup
4198,1,7,Afternoon,5775.392873383503,1160.775493169655,6936.168366553158,Maintenance
4199,1,11,Morning,15899.009254234694,1556.5925873725641,17455.60184160726,Breakdown
4200,10,17,Night,5862.877566573887,700.0105291639554,6562.888095737842,Maintenance
4201,3,15,Morning,3019.625126435054,691.5850960445059,3711.21022247956,Setup
4202,3,3,Morning,2813.881566621995,572.2320124681514,3386.1135790901462,Setup
4203,4,1,Morning,9259.255957777576,1161.5309233244777,10420.786881102053,Setup
4204,4,11,Morning,4049.9443467537358,915.5098904574879,4965.454237211224,Setup
4205,5,11,Morning,10971.568306926356,1311.1458722834457,12282.714179209801,Breakdown
4206,1,19,Afternoon,9746.548616634438,1601.663485936122,11348.21210257056,Maintenance
4207,7,9,Night,19219.036872654153,1403.5546244917107,20622.591497145862,Maintenance
4208,8,16,Afternoon,20167.902700346855,1475.5419357389787,21643.444636085835,Setup
4209,4,16,Afternoon,14017.195109994362,1365.8872871319593,15383.082397126322,Breakdown
4210,5,2,Morning,10052.609762488391,1268.6169472122467,11321.226709700639,No Power
4211,5,13,Morning,11364.516342046962,1536.5801468586494,12901.09648890561,Breakdown
4212,9,7,Morning,3026.0339879824023,584.1771945731443,3610.2111825555467,Breakdown
4213,8,6,Afternoon,10821.09550479131,1580.2471973978368,12401.342702189148,Breakdown
4214,1,18,Afternoon,11370.171572469875,1387.3918648580122,12757.563437327888,Breakdown
4215,7,1,Morning,11719.071464877017,949.1056026972766,12668.177067574294,Breakdown
4216,7,18,Afternoon,7199.554508515308,1306.6073011022618,8506.16180961757,Breakdown
4217,6,1,Night,5686.403802253089,1484.704967066188,7171.108769319278,Breakdown
4218,9,15,Morning,4880.974895514694,1386.8735343886235,6267.848429903318,Setup
4219,1,7,Afternoon,4306.858389341376,890.0246787242592,5196.883068065636,Maintenance
4220,4,1,Afternoon,10735.654862043133,1158.3039588026393,11893.958820845772,Maintenance
4221,8,4,Afternoon,9633.459955790086,1229.7039478369743,10863.16390362706,Maintenance
4222,4,14,Afternoon,8407.951131679343,899.1945977030788,9307.145729382422,Setup
4223,7,4,Morning,4311.862888639396,894.5913019342739,5206.4541905736705,Setup
4224,9,10,Morning,13035.623766802988,1014.4869169132462,14050.110683716233,Setup
4225,8,19,Morning,9058.925680824952,1153.2653758745716,10212.191056699523,Setup
4226,10,5,Night,6692.534431921788,872.0857862006819,7564.620218122471,No Power
4227,4,4,Afternoon,14813.415813848367,1292.839382289273,16106.255196137641,Breakdown
4228,7,19,Night,6212.235563686164,1131.114577661989,7343.350141348153,Breakdown
4229,5,4,Night,10072.540768085846,2172.9453516509275,12245.486119736774,Breakdown
4230,7,5,Morning,3753.5950907207207,599.3173328778142,4352.912423598535,Breakdown
4231,9,17,Afternoon,16573.766709879823,1098.890874370888,17672.65758425071,Breakdown
4232,9,20,Afternoon,5037.361180384191,341.5952194085928,5378.956399792784,Breakdown
4233,9,1,Morning,2989.3696370309135,378.1459443225163,3367.5155813534298,Maintenance
4234,3,15,Afternoon,3410.608381587954,703.1549339614122,4113.763315549367,Maintenance
4235,6,11,Night,11961.1883153738,2015.0807886408277,13976.269104014627,Maintenance
4236,8,15,Morning,13269.610351389712,1370.352836656053,14639.963188045765,Maintenance
4237,10,13,Morning,8383.383409035385,1662.4682531730598,10045.851662208444,Breakdown
4238,1,20,Morning,8750.833130557405,1497.455148502166,10248.28827905957,Maintenance
4239,5,15,Morning,4157.790412516981,731.9704491033735,4889.760861620354,Breakdown
4240,4,12,Afternoon,4808.949258635288,1077.9533376938127,5886.902596329101,Setup
4241,6,2,Night,10973.129252510347,1640.6579216765263,12613.787174186873,Breakdown
4242,7,9,Night,4673.059393839541,643.0805564656812,5316.139950305223,Maintenance
4243,5,20,Morning,6832.657525317292,1063.190110614655,7895.8476359319475,Breakdown
4244,7,5,Morning,7164.494348266437,1213.88346154565,8378.377809812087,Breakdown
4245,7,20,Afternoon,7402.788239106129,1063.417372330143,8466.205611436273,Breakdown
4246,6,8,Morning,3474.547069852133,527.3209894310062,4001.8680592831392,Breakdown
4247,10,6,Morning,6348.074737119952,1035.020391799068,7383.09512891902,Breakdown
4248,5,3,Morning,15134.484686923573,1060.0575509280252,16194.542237851598,Breakdown
4249,4,1,Night,4100.480190608186,449.0660352468276,4549.546225855013,Setup
4250,1,15,Morning,4000.567324056489,881.4652195130136,4882.032543569502,Breakdown
4251,9,17,Morning,13122.62792658818,1131.0399186938807,14253.667845282062,Maintenance
4252,5,14,Afternoon,4282.714124215601,739.6653175734027,5022.379441789004,Setup
4253,5,17,Morning,7260.711968049932,1166.8159374356599,8427.527905485591,No Power
4254,7,8,Morning,9129.686195638078,721.5406792891616,9851.226874927239,Setup
4255,6,15,Night,2581.342134825013,653.4531708894243,3234.7953057144373,Maintenance
4256,4,1,Afternoon,12372.75379957601,1143.9210320157881,13516.674831591798,Setup
4257,3,19,Morning,13148.034269279753,1212.4149199470264,14360.44918922678,Breakdown
4258,5,16,Afternoon,20320.416827988258,1866.877126626963,22187.29395461522,Setup
4259,2,18,Night,3807.8841603135447,652.9605565891504,4460.844716902695,Setup
4260,2,3,Morning,13516.04259733372,734.6374224760353,14250.680019809755,Maintenance
4261,9,18,Morning,12762.999464254342,1292.2606401196235,14055.260104373967,Breakdown
4262,2,18,Morning,8389.060328371072,930.7452198713999,9319.805548242472,Breakdown
4263,6,17,Afternoon,21740.489669715535,1432.972915549162,23173.462585264697,Maintenance
4264,6,11,Afternoon,13775.37623724255,1570.9562202355376,15346.332457478087,Breakdown
4265,4,4,Afternoon,12314.036541306294,1524.1018898345717,13838.138431140866,Breakdown
4266,1,18,Morning,10437.461766725883,919.70354244061,11357.165309166492,Breakdown
4267,4,9,Afternoon,6980.3592279940685,958.1201828940103,7938.479410888079,No Power
4268,5,8,Afternoon,10942.945992543468,1098.0122756536352,12040.958268197102,Setup
4269,1,4,Night,6113.542294173376,1382.2291700731435,7495.77146424652,Maintenance
4270,3,12,Morning,21152.274364014927,1390.2114834760084,22542.485847490934,No Power
4271,6,7,Morning,3984.0276229245264,771.8018151491488,4755.829438073675,Maintenance
4272,8,6,Afternoon,5714.006351508066,676.6995093399796,6390.705860848046,No Power
4273,4,18,Night,7584.759644008759,1267.8119974700323,8852.571641478791,Breakdown
4274,7,7,Afternoon,6110.846627760873,1414.349174026986,7525.195801787859,Setup
4275,5,6,Afternoon,9529.390661919067,1420.546604256502,10949.93726617557,Breakdown
4276,1,2,Afternoon,4544.897527720387,662.0570437775519,5206.9545714979395,Breakdown
4277,7,9,Morning,8419.68241946445,1286.8677361661291,9706.550155630579,Setup
4278,2,2,Afternoon,4274.701972563813,913.7501351278064,5188.452107691619,Breakdown
4279,9,16,Night,3557.778710757695,322.5625893541083,3880.3413001118033,No Power
4280,7,1,Morning,7278.522864368487,959.1759989550225,8237.698863323509,Breakdown
4281,10,9,Afternoon,11912.426066195949,1607.4173415438265,13519.843407739776,Breakdown
4282,3,10,Morning,5404.3556302565175,781.7131473188391,6186.068777575357,Breakdown
4283,10,15,Afternoon,4414.022226444982,1362.9144408046427,5776.936667249625,Setup
4284,4,12,Afternoon,9201.89279559156,855.5888580004812,10057.481653592042,Setup
4285,2,17,Night,4282.634377051476,673.3795929897836,4956.013970041259,Breakdown
4286,4,19,Morning,12180.325916340606,997.5621351339031,13177.888051474509,Setup
4287,1,16,Morning,19621.822112340233,1717.37687353178,21339.19898587201,Breakdown
4288,8,20,Afternoon,7178.437184718791,902.9053755989796,8081.342560317771,Breakdown
4289,7,8,Afternoon,5453.8108536805275,956.2529622135645,6410.063815894092,No Power
4290,9,3,Afternoon,25717.55532123233,1465.737030462489,27183.292351694818,Setup
4291,7,2,Night,9499.013366195199,852.9427071328922,10351.95607332809,Breakdown
4292,7,11,Night,5766.0559871747155,699.9314147065602,6465.987401881275,Maintenance
4293,3,13,Morning,6873.8703764420925,795.2078574232896,7669.078233865383,Maintenance
4294,4,20,Afternoon,2479.5541319326785,490.76471494584774,2970.318846878526,Breakdown
4295,2,4,Morning,2114.130954588014,477.9595664834067,2592.090521071421,Breakdown
4296,1,1,Morning,13090.527945460886,839.0190853336499,13929.547030794536,Setup
4297,4,11,Afternoon,4319.560406610979,502.4215666954966,4821.981973306476,Breakdown
4298,6,15,Morning,5710.565656693393,662.29118116218,6372.856837855573,Breakdown
4299,1,20,Morning,15311.764540345173,1418.1213044178667,16729.88584476304,Maintenance
4300,3,8,Afternoon,11691.460511535763,925.284001706152,12616.744513241914,Maintenance
4301,9,18,Morning,22271.976370838653,1035.7169813703363,23307.69335220899,Breakdown
4302,7,15,Morning,7219.3023134940995,1576.965050335674,8796.267363829773,No Power
4303,6,11,Morning,10727.989586346512,1397.3397689898425,12125.329355336355,Breakdown
4304,7,2,Afternoon,17282.749277597617,1547.8090275292118,18830.55830512683,Setup
4305,4,13,Morning,12666.92435880752,945.758044427541,13612.682403235061,No Power
4306,2,5,Afternoon,5855.576254819036,600.2342983235977,6455.810553142634,Breakdown
4307,6,3,Morning,9827.102431752786,1546.7676835649597,11373.870115317746,Setup
4308,5,16,Morning,21226.68298687132,1326.8134795742787,22553.4964664456,Breakdown
4309,7,11,Night,23536.538299210213,1815.8929517822528,25352.431250992468,Setup
4310,1,8,Afternoon,6353.513851427675,1155.942912383629,7509.456763811304,Breakdown
4311,8,8,Night,9730.00819484654,1534.7388438287944,11264.747038675334,Setup
4312,6,19,Afternoon,13984.809983127068,1474.2795287662468,15459.089511893315,Breakdown
4313,4,5,Night,5662.199347134596,771.6975477588273,6433.896894893423,Maintenance
4314,5,17,Afternoon,8228.643111610745,1488.1822823910081,9716.825394001753,Breakdown
4315,10,5,Morning,8810.385277090485,994.5089213835033,9804.894198473989,Breakdown
4316,5,4,Morning,15899.338874670711,1814.8812332178438,17714.220107888556,Maintenance
4317,5,15,Night,3883.380093693637,939.3032301191375,4822.683323812775,Maintenance
4318,10,5,Morning,4306.274862195887,653.1058724085808,4959.380734604468,Breakdown
4319,4,8,Afternoon,5956.539258436227,600.7747117107033,6557.31397014693,Breakdown
4320,1,18,Morning,12593.967693719565,1548.9746162787274,14142.942309998292,Maintenance
4321,10,12,Morning,7542.772247497519,1475.9821221150555,9018.754369612574,Setup
4322,4,7,Morning,10977.417583270628,693.6101309302039,11671.02771420083,Setup
4323,1,16,Morning,7972.735192144699,1329.6482140929268,9302.383406237626,Setup
4324,9,12,Afternoon,9260.228888599588,955.5681839022245,10215.797072501813,Breakdown
4325,10,4,Afternoon,5298.545276299164,1229.8426925812166,6528.38796888038,Breakdown
4326,4,15,Night,4778.346992450458,543.0199547747274,5321.366947225185,Breakdown
4327,1,17,Night,12928.391992281693,2394.2170889142076,15322.6090811959,Breakdown
4328,6,8,Afternoon,10155.341824918392,1279.1638546341892,11434.505679552582,Maintenance
4329,4,15,Night,10359.883858512301,1295.682407442958,11655.56626595526,Breakdown
4330,10,2,Morning,11659.103108999801,942.9934899151399,12602.09659891494,Maintenance
4331,10,18,Afternoon,21019.21258847823,1823.8390422680861,22843.051630746315,Maintenance
4332,6,20,Afternoon,3080.0790369371352,590.3750333888253,3670.4540703259604,Maintenance
4333,6,1,Morning,15287.905776084464,1409.5420577216012,16697.447833806065,Setup
4334,7,4,Night,8870.33015135932,1457.1999810504326,10327.530132409753,Setup
4335,7,4,Morning,9208.942674691327,1136.3692415675328,10345.31191625886,Breakdown
4336,6,9,Morning,15038.954614616714,1560.6657673646562,16599.62038198137,Maintenance
4337,2,12,Morning,3846.859952473032,426.6001330716473,4273.46008554468,Setup
4338,6,10,Afternoon,7813.361616972823,742.0438547943511,8555.405471767173,Breakdown
4339,8,5,Night,13501.770239308116,1734.2298573822143,15236.00009669033,No Power
4340,7,13,Morning,4797.144419662356,683.1321019463405,5480.276521608696,Setup
4341,7,8,Afternoon,4603.781919399291,669.0470884850165,5272.829007884307,No Power
4342,9,11,Afternoon,5574.376833152283,611.772043003741,6186.148876156024,Setup
4343,2,1,Afternoon,7263.453039441317,1160.0029855097985,8423.456024951116,Breakdown
4344,10,20,Night,6971.549079432727,1478.4489441734102,8449.998023606136,Setup
4345,6,2,Afternoon,4927.219188791744,745.5519418186783,5672.771130610423,Maintenance
4346,4,18,Night,11427.28810081103,1345.627325389964,12772.915426200994,Breakdown
4347,10,4,Morning,9350.71020900017,1904.155378791696,11254.865587791866,Breakdown
4348,9,14,Night,10777.3439852116,1353.9890935294413,12131.333078741041,Breakdown
4349,8,18,Morning,5976.329044313283,879.7905245191376,6856.119568832421,Breakdown
4350,2,1,Morning,4700.334454213934,511.6659462825911,5212.000400496525,Maintenance
4351,5,9,Morning,4480.270457808307,1197.6045741758867,5677.875031984193,No Power
4352,10,19,Night,11292.513625007416,2120.4888173962004,13413.002442403616,Setup
4353,9,8,Morning,6587.183380398971,601.2325993908576,7188.415979789828,No Power
4354,2,9,Morning,8672.0493508121,736.6344109227438,9408.683761734843,Breakdown
4355,7,10,Afternoon,6115.349647198242,1068.4666878697506,7183.816335067992,Setup
4356,9,8,Night,3081.6913462839657,690.4888345087974,3772.180180792763,Breakdown
4357,6,8,Night,11824.13050822333,1112.8538723441382,12936.984380567468,Breakdown
4358,1,6,Night,5267.719621382043,847.0558400066569,6114.7754613887,Maintenance
4359,2,7,Morning,6226.4503350508,627.0187385124831,6853.469073563283,Breakdown
4360,9,2,Afternoon,10817.47856094618,1164.0217329181332,11981.500293864312,Setup
4361,9,2,Morning,2283.19514551727,509.3367357443993,2792.5318812616692,No Power
4362,10,4,Night,11132.632675533056,1435.847783981937,12568.480459514993,Setup
4363,8,3,Afternoon,4465.780586409238,409.64431271567986,4875.424899124918,Maintenance
4364,1,11,Morning,5967.667847396899,868.5780801167416,6836.245927513641,Setup
4365,2,7,Afternoon,9593.845900767803,1529.594733430333,11123.440634198136,Breakdown
4366,3,15,Morning,5372.209219163536,792.0378981087556,6164.247117272291,Maintenance
4367,1,16,Morning,2744.309361323685,515.7182820785588,3260.027643402244,Breakdown
4368,9,12,Night,4187.926618779435,687.438449083422,4875.365067862856,Maintenance
4369,4,17,Morning,12225.578142803783,1101.1206360971692,13326.69877890095,Setup
4370,8,8,Morning,17847.458668977888,1378.8509870253793,19226.309656003268,Breakdown
4371,7,5,Morning,2943.3791421660176,489.9477904061076,3433.3269325721253,No Power
4372,6,16,Afternoon,7296.583321459648,960.7353982372506,8257.318719696897,Maintenance
4373,8,20,Morning,7209.446981692216,622.0187196568268,7831.465701349042,Setup
4374,4,10,Morning,2089.0930524616297,403.73093377152674,2492.8239862331566,Breakdown
4375,5,10,Morning,10193.414638682732,1612.061128627744,11805.475767310476,Setup
4376,3,11,Morning,10871.935221265432,1516.0150661293758,12387.950287394808,Breakdown
4377,1,15,Morning,14908.89855917162,1355.3675555933455,16264.266114764965,Breakdown
4378,2,6,Night,2618.8929260387213,431.6272503709798,3050.520176409701,Setup
4379,3,9,Night,4336.592457921084,1311.6262902391493,5648.218748160233,Maintenance
4380,4,1,Morning,3773.029224781248,513.6843254476305,4286.713550228878,Breakdown
4381,1,6,Afternoon,7943.75173546484,1454.1195404311507,9397.87127589599,Breakdown
4382,8,12,Night,6630.067098553694,1098.6158523906154,7728.68295094431,No Power
4383,2,19,Afternoon,5718.028499977412,645.0803524540356,6363.108852431447,Setup
4384,9,17,Morning,9819.902087968096,1186.2157512542765,11006.117839222372,No Power
4385,8,13,Morning,7319.723286515295,863.9450205412737,8183.668307056569,Setup
4386,2,8,Morning,2503.908384620654,556.0135972506566,3059.921981871311,Maintenance
4387,8,4,Afternoon,9075.026386471818,1401.1612020223047,10476.187588494122,Setup
4388,9,12,Night,8709.620335298217,1101.7575753526896,9811.377910650906,Maintenance
4389,7,20,Afternoon,17109.757022399153,1125.312082186362,18235.069104585516,Setup
4390,4,4,Night,9659.19208585673,1022.3254545804166,10681.517540437148,Setup
4391,4,19,Afternoon,19524.602992974847,1297.689865234195,20822.292858209043,Breakdown
4392,9,4,Night,10558.266686949415,1281.0149082953783,11839.281595244793,Maintenance
4393,7,4,Night,10300.717018348947,1135.935118189089,11436.652136538036,Maintenance
4394,5,1,Night,6130.923310361673,1493.9079979628955,7624.831308324568,Breakdown
4395,7,18,Morning,9206.386817023318,1256.6365800922429,10463.023397115561,Setup
4396,1,12,Afternoon,2152.989451573416,532.8227306544234,2685.812182227839,Breakdown
4397,6,20,Morning,9135.773061461468,1501.9449488523676,10637.718010313836,Breakdown
4398,5,8,Night,12874.720193399427,1396.0362105255326,14270.75640392496,Breakdown
4399,9,20,Afternoon,10123.153084501868,1154.100194955209,11277.253279457076,Maintenance
4400,9,2,Morning,2951.2301730788427,404.5950474554662,3355.8252205343088,Setup
4401,7,13,Afternoon,18255.915782117925,1437.4625353386025,19693.37831745653,Setup
4402,2,8,Afternoon,5825.2460387829215,845.480324884646,6670.726363667567,Breakdown
4403,10,7,Morning,2693.0123617562376,669.5846333432362,3362.596995099474,Setup
4404,6,11,Morning,4069.3097078140217,658.5390066367887,4727.848714450811,Breakdown
4405,1,7,Morning,2832.514516318459,817.24890439084,3649.7634207092988,Setup
4406,6,17,Night,4272.066572826846,1031.4853198913788,5303.551892718225,Breakdown
4407,7,17,Morning,12147.03938145757,821.4559570518679,12968.495338509438,Setup
4408,3,7,Morning,3170.7813818153013,667.5422749345976,3838.323656749899,Setup
4409,2,17,Afternoon,6987.201488721228,1420.199443020062,8407.40093174129,No Power
4410,8,8,Morning,7065.401044313359,1092.5718746715668,8157.972918984926,Breakdown
4411,6,3,Morning,4471.373694349872,1148.2986615640693,5619.672355913941,Maintenance
4412,9,10,Afternoon,3530.519908006589,539.5602295221855,4070.0801375287747,Setup
4413,5,16,Morning,16666.61238501259,1549.9307220129685,18216.543107025558,Maintenance
4414,10,14,Afternoon,11379.587069643949,2075.793036326721,13455.38010597067,Setup
4415,2,4,Afternoon,3991.7141185607234,608.7038104711837,4600.417929031907,Breakdown
4416,5,3,Morning,10656.251245228774,1436.184523705491,12092.435768934265,Maintenance
4417,4,2,Afternoon,3966.2425577408085,552.6698000610423,4518.912357801851,Breakdown
4418,8,8,Morning,5961.947504916191,1444.8206330221642,7406.768137938356,Breakdown
4419,5,14,Morning,8081.1044557088735,1095.3109366411181,9176.41539234999,Breakdown
4420,2,13,Afternoon,6255.43785286258,1051.0698716380193,7306.5077245006,Setup
4421,2,6,Morning,5158.939138691765,542.9839907264744,5701.923129418239,Maintenance
4422,4,17,Morning,10382.884746296726,701.2211038054894,11084.105850102216,Breakdown
4423,8,20,Afternoon,9504.118285539576,943.7439272346718,10447.862212774247,Maintenance
4424,4,10,Morning,3200.1721164936407,559.5947796395859,3759.7668961332265,Setup
4425,3,15,Afternoon,5031.587231826243,705.6737225115895,5737.260954337832,Setup
4426,5,6,Morning,6062.659711827375,1070.851873951896,7133.511585779271,Maintenance
4427,2,8,Morning,2992.8768920590214,500.19685151306805,3493.0737435720894,Setup
4428,4,14,Morning,5272.561819240882,1324.80501365855,6597.366832899432,Breakdown
4429,1,18,Morning,3319.839662710116,441.6465091617326,3761.4861718718485,No Power
4430,9,10,Afternoon,15515.078126445676,1054.2910317654025,16569.36915821108,Maintenance
4431,8,11,Afternoon,11585.943659101991,1302.086676231714,12888.030335333706,Breakdown
4432,10,12,Morning,18860.005344813493,1486.3856884905285,20346.391033304022,Setup
4433,4,3,Afternoon,2950.683221782787,471.1547849676073,3421.838006750394,Setup
4434,4,8,Morning,13921.113308344658,1314.9088259011899,15236.022134245848,No Power
4435,4,8,Afternoon,18522.989990010163,1191.8064479870095,19714.79643799717,Breakdown
4436,5,7,Night,16648.583687347433,2253.1400164940387,18901.72370384147,Breakdown
4437,4,11,Night,18588.374414433987,1628.0404621551768,20216.414876589162,Maintenance
4438,8,6,Night,9141.209717145799,1530.8014974143966,10672.011214560196,Setup
4439,10,11,Night,15438.03195731045,1472.251692273232,16910.283649583682,Breakdown
4440,1,7,Morning,5519.641395635275,695.2946129736786,6214.936008608954,No Power
4441,1,1,Afternoon,8275.303942142069,1262.6500332840637,9537.953975426133,Setup
4442,9,10,Morning,6706.265586669298,474.3499671119911,7180.615553781288,No Power
4443,3,8,Morning,8005.517630658045,1142.5338667762103,9148.051497434255,Setup
4444,3,12,Morning,17886.293790133623,1815.2702781383489,19701.56406827197,Maintenance
4445,10,10,Morning,18755.42206765437,1498.0842047410508,20253.50627239542,Maintenance
4446,9,6,Night,11034.642196608213,1224.938593811678,12259.58079041989,Breakdown
4447,4,11,Morning,2597.125631353969,342.2445741365491,2939.370205490518,Breakdown
4448,5,3,Morning,6642.057714032606,731.2299367195945,7373.2876507522005,Setup
4449,7,15,Morning,5113.875603759332,589.4284344517463,5703.3040382110785,Setup
4450,7,11,Afternoon,6883.089938770543,842.5853799112581,7725.675318681801,Setup
4451,5,4,Afternoon,10374.106323181322,1834.4335993861846,12208.539922567506,Setup
4452,3,8,Morning,7887.56320576866,824.6778831473478,8712.241088916007,Setup
4453,3,13,Afternoon,13879.881448863873,1452.6935059382567,15332.57495480213,No Power
4454,6,20,Afternoon,6644.025502855084,644.9237995905335,7288.949302445617,Breakdown
4455,8,12,Morning,7113.694555259194,1090.6437481646258,8204.33830342382,Maintenance
4456,1,9,Afternoon,5809.784141510312,778.3673248815787,6588.151466391891,Breakdown
4457,1,5,Afternoon,16228.745345943358,1633.032316402491,17861.77766234585,Setup
4458,9,19,Morning,10366.090790609529,1118.4984908335205,11484.58928144305,Setup
4459,9,14,Afternoon,10194.92978748968,1229.6165278089497,11424.54631529863,Setup
4460,1,7,Morning,7487.104518427922,1141.50712415074,8628.611642578662,Breakdown
4461,1,1,Night,17423.032037745103,2278.8297371276885,19701.861774872792,Setup
4462,9,15,Night,8327.624034724877,1566.956346230215,9894.580380955093,No Power
4463,10,1,Morning,4190.831013177371,727.9597275355604,4918.790740712931,Maintenance
4464,3,18,Morning,5973.5413027778795,778.3428933785165,6751.884196156396,Maintenance
4465,2,8,Afternoon,9515.453529711272,1499.215751138639,11014.669280849912,Maintenance
4466,4,2,Afternoon,18733.72433745469,1417.2843089699863,20151.008646424674,Setup
4467,7,20,Night,5210.965392743773,678.4676020765579,5889.432994820331,Maintenance
4468,9,2,Night,4859.129398141223,802.8219723044293,5661.951370445652,Maintenance
4469,7,4,Night,9679.32297589509,1786.0661007696622,11465.389076664751,Breakdown
4470,7,18,Afternoon,3375.946312404094,619.203169889729,3995.149482293823,Breakdown
4471,8,3,Afternoon,12053.202014926623,972.8534214066254,13026.055436333249,Breakdown
4472,1,6,Afternoon,8391.751157422646,1529.2544865142722,9921.005643936918,Breakdown
4473,4,1,Morning,14040.540388790312,1099.401652117162,15139.942040907474,Breakdown
4474,10,3,Night,13760.24769731488,1778.339750284636,15538.587447599517,Breakdown
4475,8,16,Morning,12878.333566895222,1760.328333102885,14638.661899998107,No Power
4476,7,14,Morning,3426.1722038704806,611.2989577661781,4037.4711616366585,Breakdown
4477,5,8,Afternoon,15718.846453360244,1748.4398541131407,17467.286307473383,Maintenance
4478,10,1,Morning,7737.517920797884,1588.3663598983755,9325.884280696258,Setup
4479,5,13,Afternoon,6922.973922884775,1068.6404286654226,7991.614351550197,Setup
4480,7,6,Afternoon,7764.371760903449,1352.9262025798698,9117.29796348332,Setup
4481,10,4,Night,7479.231862549101,998.5518680219748,8477.783730571075,Setup
4482,7,16,Night,2347.5128735640483,438.14642177045647,2785.659295334505,Maintenance
4483,4,5,Afternoon,4734.019681374269,736.4709301317719,5470.49061150604,Setup
4484,8,2,Night,18106.15344437184,1767.456457094342,19873.60990146618,Breakdown
4485,6,19,Night,6058.480843419025,1189.4085155986475,7247.889359017673,Setup
4486,5,17,Night,5600.064780176923,1156.2531237267178,6756.31790390364,Breakdown
4487,9,19,Morning,1999.7576576590063,440.29155357653536,2440.049211235542,Breakdown
4488,3,16,Afternoon,6617.612887648983,940.1238242112423,7557.736711860225,Breakdown
4489,1,12,Morning,16331.689335565989,1807.0236257027582,18138.712961268746,Maintenance
4490,5,14,Night,6479.164978325283,1262.6632825928632,7741.828260918146,Setup
4491,1,10,Morning,7052.757080266667,1069.6446586198533,8122.40173888652,Breakdown
4492,5,2,Afternoon,7953.6820876550755,967.4380947977806,8921.120182452856,Setup
4493,7,16,Night,7702.008827981792,844.7612590518477,8546.77008703364,Setup
4494,7,18,Afternoon,11607.378242556379,822.4044134923341,12429.782656048712,Breakdown
4495,8,19,Morning,7742.820174362872,1258.454735935892,9001.274910298764,Setup
4496,8,4,Morning,7428.778207517463,1300.4373555285313,8729.215563045995,Setup
4497,2,9,Night,12825.665213513603,1380.6036062909343,14206.268819804536,Setup
4498,9,3,Night,8449.916619589269,1530.3882455047406,9980.304865094009,Breakdown
4499,4,3,Morning,4342.952695884471,817.5633179127076,5160.516013797178,Breakdown
4500,10,16,Afternoon,4479.406398128796,1236.00876972175,5715.415167850546,Setup
4501,7,4,Afternoon,5257.605592259047,468.11051760955064,5725.716109868597,Breakdown
4502,3,8,Afternoon,10323.976259920373,1718.624122690697,12042.60038261107,Setup
4503,7,5,Afternoon,3944.108911385185,491.85626108486815,4435.965172470053,Setup
4504,9,14,Night,9883.84106830508,668.0838537407552,10551.924922045835,Breakdown
4505,2,14,Morning,9709.774291749,876.376766632518,10586.151058381518,Breakdown
4506,2,17,Afternoon,4585.7973886409745,651.7221647818694,5237.519553422844,Breakdown
4507,2,19,Morning,7372.442280436049,739.2876671216453,8111.729947557695,Setup
4508,3,6,Afternoon,10374.061598268294,2115.6360106229713,12489.697608891265,Maintenance
4509,6,17,Morning,2662.33800656006,493.19306253728263,3155.5310690973424,Maintenance
4510,2,9,Night,14237.685116847493,1485.904994908634,15723.590111756128,Breakdown
4511,1,5,Morning,14831.708954910122,1251.3310939428802,16083.040048853003,Setup
4512,6,20,Afternoon,22828.387328324836,1844.7268624317253,24673.11419075656,Maintenance
4513,1,4,Morning,11119.397786172567,1746.6354461817248,12866.033232354292,Maintenance
4514,8,10,Afternoon,13291.657587402284,1286.7797024368142,14578.437289839098,Maintenance
4515,6,19,Afternoon,4308.5684086711135,572.5306418619926,4881.0990505331065,No Power
4516,1,19,Morning,11415.598878590514,1389.2384130335856,12804.837291624099,Setup
4517,1,4,Afternoon,5682.744135777646,872.233235797909,6554.977371575555,Setup
4518,8,12,Afternoon,3285.3765927911395,680.4868919522113,3965.863484743351,Maintenance
4519,1,15,Morning,4276.553276305392,694.0962724569697,4970.6495487623615,Setup
4520,4,5,Night,24284.085783317892,1468.7330810813578,25752.81886439925,Breakdown
4521,2,19,Morning,7018.149644619863,1157.019949261468,8175.16959388133,Breakdown
4522,10,1,Morning,9461.218227558766,1082.286968068615,10543.50519562738,Setup
4523,4,15,Night,4802.902382328053,948.2997638399538,5751.202146168007,No Power
4524,3,1,Afternoon,12062.031239627448,1319.0036961704411,13381.034935797888,Breakdown
4525,6,4,Afternoon,13580.482258164962,1229.8283603979642,14810.310618562926,Breakdown
4526,10,18,Morning,3947.5942976285187,753.9491681872647,4701.543465815784,Breakdown
4527,1,13,Morning,8333.701304501763,881.1896167793595,9214.890921281123,No Power
4528,7,14,Night,13598.391367671762,1589.2821573946999,15187.673525066462,Maintenance
4529,5,19,Night,20802.467877178984,2015.3050200670953,22817.77289724608,Maintenance
4530,8,1,Night,12675.429887309918,1699.6330557133892,14375.062943023308,Maintenance
4531,1,17,Morning,13628.284533228229,1573.4743013482275,15201.758834576456,Setup
4532,5,17,Afternoon,10356.182432731732,1657.122486204065,12013.304918935797,Maintenance
4533,10,1,Morning,5721.0267063283,881.6112332892451,6602.637939617545,Setup
4534,2,16,Night,5728.476629741924,1130.734482062884,6859.211111804808,Breakdown
4535,9,13,Morning,3987.3961587653475,409.4832948479689,4396.879453613316,Maintenance
4536,1,8,Morning,11651.913906922877,1591.785478245901,13243.699385168778,Breakdown
4537,4,15,Afternoon,5945.1981329268965,1269.3463229790236,7214.54445590592,Breakdown
4538,1,13,Morning,5698.8140917282635,864.0281834858093,6562.842275214073,Setup
4539,8,9,Afternoon,7650.254123042968,1667.3079357665656,9317.562058809533,No Power
4540,7,12,Morning,11037.539565533765,1194.3547605654398,12231.894326099206,Breakdown
4541,1,17,Morning,10380.73877289605,1914.6303248702427,12295.369097766292,Breakdown
4542,4,2,Morning,8007.273955624352,603.9541553225812,8611.228110946933,Breakdown
4543,8,11,Morning,4686.800838379144,829.1038029242604,5515.904641303405,Breakdown
4544,10,6,Morning,5452.572356782809,1272.3978789860964,6724.970235768906,Breakdown
4545,10,5,Night,4327.511091386409,980.5259897770399,5308.037081163449,Maintenance
4546,5,19,Morning,3363.0730551463803,729.2589296596096,4092.33198480599,Setup
4547,6,16,Afternoon,4169.566921642137,473.4726425439452,4643.039564186081,Maintenance
4548,9,16,Morning,6745.190331745118,891.2457417964335,7636.436073541551,Setup
4549,6,5,Night,6287.5485557221955,1026.343782304288,7313.892338026483,Breakdown
4550,3,8,Afternoon,10772.34452355649,1831.3589100146417,12603.703433571132,No Power
4551,6,2,Morning,16431.889927677603,1436.5471969964217,17868.437124674023,Maintenance
4552,10,13,Afternoon,5998.569528565764,1039.2885573140932,7037.858085879857,Breakdown
4553,2,19,Afternoon,9066.582062108137,1557.4288479913735,10624.01091009951,Maintenance
4554,2,17,Night,8742.804404037965,1150.560725936938,9893.365129974904,Setup
4555,1,7,Night,4579.972863794448,630.289506662229,5210.262370456677,Breakdown
4556,8,13,Morning,3676.2081601873183,778.1632650496543,4454.371425236973,No Power
4557,7,15,Morning,3199.2813863623733,576.3305821788219,3775.611968541195,Setup
4558,8,2,Afternoon,6337.175999304316,898.4604221658296,7235.636421470146,Breakdown
4559,8,10,Afternoon,9394.421004579239,1394.358278397493,10788.779282976731,Breakdown
4560,7,14,Morning,6714.835554867037,716.4459920768376,7431.281546943875,Maintenance
4561,2,6,Afternoon,3089.543465519272,248.70450933446878,3338.2479748537407,Breakdown
4562,3,6,Afternoon,10604.692934034023,1483.6775147248115,12088.370448758835,Setup
4563,7,19,Morning,4821.512325816653,1048.8320161253405,5870.344341941994,Breakdown
4564,9,10,Afternoon,6549.174320801209,974.4699069255155,7523.644227726725,Setup
4565,8,19,Afternoon,15995.431677393,1598.6155877552164,17594.047265148216,Breakdown
4566,10,17,Afternoon,11636.360106576385,1806.8980661554394,13443.258172731825,Breakdown
4567,3,15,Afternoon,7549.798726786271,1317.8592499875176,8867.65797677379,Breakdown
4568,5,17,Morning,9632.183105845923,1445.9009630403557,11078.084068886279,Maintenance
4569,2,18,Morning,6093.247490736702,1017.942572401223,7111.190063137925,Setup
4570,6,16,Afternoon,4487.179695193619,571.1366831131415,5058.316378306761,Setup
4571,6,7,Night,18212.809959148315,1911.2709879700399,20124.080947118357,Breakdown
4572,7,4,Night,14151.686310286881,1341.6734980970339,15493.359808383915,Maintenance
4573,9,11,Morning,2410.4474127508824,483.16536685619434,2893.612779607077,Maintenance
4574,7,10,Afternoon,7261.7866042013575,1159.9055598998236,8421.692164101181,Setup
4575,1,15,Morning,5415.0846723610075,1004.2256840442578,6419.310356405265,Maintenance
4576,9,17,Afternoon,2645.8474396922456,658.6758782262056,3304.523317918451,Maintenance
4577,9,18,Night,6061.332099432634,882.0031870532339,6943.335286485868,Breakdown
4578,3,7,Afternoon,19785.198034743837,1824.9974587646132,21610.19549350845,Setup
4579,10,18,Morning,3624.130836414388,702.1175839578979,4326.248420372286,Maintenance
4580,1,9,Afternoon,5090.933414217439,1132.1284022944144,6223.061816511854,Setup
4581,2,19,Night,17254.358108930872,1323.1729416109526,18577.531050541824,Breakdown
4582,6,6,Morning,10614.503933095668,1099.2556223100448,11713.759555405713,Setup
4583,1,13,Morning,8580.326331060525,1235.1318361584208,9815.458167218945,No Power
4584,1,19,Night,10657.934227635873,1044.8278840673431,11702.762111703216,No Power
4585,9,15,Morning,8817.5853276264,588.1159916158939,9405.701319242295,Maintenance
4586,1,14,Night,5998.490088992496,1398.7802524245149,7397.27034141701,Maintenance
4587,3,8,Night,6434.831865315212,1282.8914627877582,7717.72332810297,Maintenance
4588,10,8,Morning,6337.633358997014,1376.3198800638982,7713.953239060912,Breakdown
4589,7,7,Afternoon,5697.580344203143,837.4604243404054,6535.040768543548,No Power
4590,8,16,Night,8766.905113892257,1684.9645596888126,10451.86967358107,Setup
4591,2,18,Morning,8007.423860224262,1188.0403714120885,9195.46423163635,Setup
4592,9,6,Afternoon,8712.573357320498,1311.4952382719412,10024.068595592438,Setup
4593,3,12,Afternoon,10629.591668617213,1396.923265946276,12026.514934563489,Maintenance
4594,5,13,Morning,6071.394299055806,636.9820128306736,6708.37631188648,Setup
4595,4,9,Afternoon,8695.587569369422,1179.9068200960787,9875.4943894655,Maintenance
4596,9,7,Night,2903.4186285728792,342.0886225114234,3245.507251084303,Breakdown
4597,1,16,Afternoon,4748.807705035375,1290.2664519997081,6039.074157035083,Setup
4598,10,16,Morning,4061.327864884508,746.9049482985798,4808.232813183088,Maintenance
4599,5,11,Morning,15259.626254217023,1062.4081480162376,16322.034402233261,Breakdown
4600,6,19,Night,8181.762828245976,1508.4662697664992,9690.229098012476,No Power
4601,4,3,Night,6870.283312234265,672.9229779183006,7543.206290152566,Setup
4602,3,14,Morning,6962.049263844004,1056.0947616864128,8018.144025530417,Maintenance
4603,9,12,Morning,10907.293641535593,1437.225367115706,12344.5190086513,Setup
4604,6,1,Night,8828.222709776315,1660.2348493804127,10488.457559156728,Setup
4605,10,5,Morning,7398.135007592668,1067.014063861703,8465.149071454372,Breakdown
4606,10,14,Night,6054.070298803734,1075.6068666712454,7129.677165474979,Breakdown
4607,7,12,Morning,11214.529593417632,756.4902328202323,11971.019826237864,Breakdown
4608,7,16,Afternoon,11126.559890171231,1413.1874241556059,12539.747314326836,No Power
4609,8,7,Afternoon,14169.032838094996,1578.4812049023315,15747.514042997327,Setup
4610,8,19,Morning,4532.532193696819,736.0580696008662,5268.590263297686,Maintenance
4611,5,5,Afternoon,6250.901936113351,842.6247597852753,7093.526695898627,Setup
4612,10,11,Night,5806.521938675679,993.8109189732346,6800.332857648914,Breakdown
4613,1,15,Morning,13757.03352782808,1513.1942093514388,15270.227737179519,Breakdown
4614,2,14,Afternoon,9474.209710857,1336.78800656866,10810.99771742566,Breakdown
4615,5,15,Night,9287.36690445496,1435.0208100674317,10722.387714522392,Breakdown
4616,7,2,Morning,7266.805919187138,965.1017222304821,8231.90764141762,Setup
4617,9,4,Afternoon,5365.375311184977,900.7144407667964,6266.089751951774,Maintenance
4618,10,20,Night,5410.475033837061,1768.4952183291857,7178.9702521662475,Setup
4619,4,2,Afternoon,12372.862630857475,1296.102571971679,13668.965202829153,Breakdown
4620,5,20,Morning,8885.18936003934,1595.0717673857068,10480.261127425047,Setup
4621,4,3,Morning,6429.240445644924,868.96904930051,7298.209494945434,No Power
4622,3,11,Morning,15944.63832196688,1509.6956077237362,17454.333929690616,Breakdown
4623,8,1,Night,6515.969421944902,1670.846493816563,8186.815915761465,Setup
4624,3,14,Morning,5472.5528385377365,846.1265685502377,6318.679407087974,Setup
4625,7,11,Afternoon,7605.358665312549,881.0796798005899,8486.43834511314,Breakdown
4626,8,5,Afternoon,4293.5399249443635,767.3921311742188,5060.932056118582,Maintenance
4627,6,10,Night,6331.034477197181,1037.06734207478,7368.101819271961,Maintenance
4628,3,20,Morning,5507.9365391885985,660.1632019492998,6168.0997411378985,Maintenance
4629,2,9,Afternoon,17424.809758148418,944.5117366257745,18369.32149477419,Breakdown
4630,2,6,Morning,5509.4327254961,842.4729060449355,6351.905631541035,Breakdown
4631,4,15,Morning,2844.909996661571,196.40115386681725,3041.311150528388,Setup
4632,4,17,Night,8702.62182920245,980.7469083469471,9683.368737549397,Maintenance
4633,8,20,Night,8403.009773996204,1337.87806990986,9740.887843906065,Breakdown
4634,10,18,Night,11289.0053348852,1811.8223089441803,13100.82764382938,Maintenance
4635,8,18,Morning,7254.762676870432,1173.136863100015,8427.899539970447,No Power
4636,1,15,Night,3684.0141244545457,755.1684063368787,4439.182530791424,Maintenance
4637,2,14,Morning,3791.8441078079354,591.3654375600539,4383.209545367989,No Power
4638,7,9,Night,6014.048432799265,786.8203451848274,6800.868777984093,Maintenance
4639,1,13,Night,9560.60481145853,2065.9446150862236,11626.549426544754,Setup
4640,8,5,Afternoon,13904.839456022435,1450.9842657913844,15355.82372181382,Breakdown
4641,9,3,Afternoon,14552.152357062696,1024.8174687394628,15576.969825802158,Breakdown
4642,9,19,Morning,14515.293965524981,881.2762804031881,15396.57024592817,Setup
4643,7,5,Night,7293.173177410954,871.5014199882868,8164.674597399241,Setup
4644,7,3,Morning,7603.329920699814,1111.1998400093091,8714.529760709123,Breakdown
4645,7,3,Morning,11666.55287507972,1024.2319715953943,12690.784846675115,Breakdown
4646,10,16,Morning,9564.35018945736,955.2867156173046,10519.636905074665,Breakdown
4647,7,8,Night,11769.176468404337,1464.7191191453567,13233.895587549694,Setup
4648,3,17,Afternoon,2729.067916299898,624.781576798885,3353.849493098783,Breakdown
4649,2,15,Afternoon,10120.295774424936,1237.252706550568,11357.548480975503,Breakdown
4650,9,17,Morning,4884.383277573931,816.9179726414008,5701.3012502153315,Breakdown
4651,8,3,Afternoon,6599.15570422937,1919.6383804568225,8518.794084686193,Setup
4652,6,9,Morning,4721.979343899859,680.3834937935861,5402.362837693445,Setup
4653,10,16,Night,5530.747568008945,1379.6883323392763,6910.4359003482205,Breakdown
4654,9,7,Afternoon,4653.664636005655,445.32629698294255,5098.990932988598,Breakdown
4655,8,15,Afternoon,9924.428484178763,1688.5940187041667,11613.02250288293,Breakdown
4656,8,13,Night,9741.831512182598,874.8102367291037,10616.641748911701,Setup
4657,4,18,Night,5161.347430021783,418.27149772680787,5579.618927748591,Maintenance
4658,9,14,Afternoon,6741.982495791972,923.737148796224,7665.7196445881955,Setup
4659,5,11,Morning,6506.147336504411,1324.4021344613802,7830.549470965791,Breakdown
4660,2,12,Morning,16418.344768723626,1229.7882710345868,17648.133039758213,Setup
4661,2,9,Night,8220.142634145297,818.3908547813654,9038.533488926663,No Power
4662,1,20,Afternoon,12976.302868666333,1600.6058129077096,14576.908681574043,Maintenance
4663,8,15,Afternoon,18643.020067730224,1362.8508184849927,20005.870886215216,Setup
4664,3,7,Afternoon,3284.0484423828884,743.6339007248248,4027.682343107713,Breakdown
4665,6,4,Night,11772.724294544149,1459.9638808702682,13232.688175414416,Maintenance
4666,2,4,Morning,8366.163789495666,955.7471482099256,9321.910937705592,Maintenance
4667,4,8,Morning,7508.379805467488,1388.0430364394254,8896.422841906913,Maintenance
4668,5,20,Night,12626.212591708698,1725.3964734611557,14351.609065169854,Setup
4669,3,7,Morning,6696.177109574128,917.4492762187024,7613.62638579283,Setup
4670,7,7,Morning,9085.906087708474,738.3979523242992,9824.304040032774,Setup
4671,2,11,Morning,12278.470208559496,907.3571847528226,13185.827393312318,Maintenance
4672,7,16,Afternoon,2891.740946844398,396.48099319960124,3288.221940043999,No Power
4673,3,16,Night,12088.712463970958,1563.6048867840436,13652.317350755002,No Power
4674,10,6,Night,6653.35667591212,2020.4127965779678,8673.769472490088,Breakdown
4675,6,6,Morning,9669.092996328422,889.0809003422825,10558.173896670703,Setup
4676,7,20,Morning,2620.768536503913,519.7373959355191,3140.505932439432,No Power
4677,7,3,Night,6121.804404432315,643.3769933688966,6765.1813978012115,Setup
4678,3,14,Morning,8242.026411944287,865.2591172673218,9107.28552921161,Setup
4679,3,11,Morning,11637.040897203864,2155.86610037023,13792.906997574093,Breakdown
4680,2,16,Morning,4233.01076598194,872.1175775373422,5105.128343519282,Breakdown
4681,7,2,Morning,3576.4617623913705,448.7367134105712,4025.1984758019416,Breakdown
4682,3,6,Afternoon,8819.055100012749,1716.5726502821115,10535.62775029486,Maintenance
4683,6,10,Morning,2131.0268198307886,520.4230338662602,2651.4498536970486,Maintenance
4684,6,6,Morning,18438.84397205039,1773.117413266774,20211.96138531716,Setup
4685,10,9,Afternoon,8119.237257434514,972.9531413331807,9092.190398767694,Breakdown
4686,9,17,Night,12546.591742865563,1404.0073298966752,13950.599072762237,Setup
4687,6,6,Afternoon,7803.366937710847,907.8102499070507,8711.177187617897,Breakdown
4688,9,13,Afternoon,5970.759385770818,1132.1457736414595,7102.9051594122775,Maintenance
4689,2,3,Morning,7251.212816637863,1674.8388696677225,8926.051686305585,Maintenance
4690,6,8,Night,9325.356938398912,1530.393094346832,10855.750032745744,Breakdown
4691,3,9,Night,24371.376375833108,1890.027054591793,26261.4034304249,Maintenance
4692,7,10,Afternoon,5637.664865052134,1280.7917477960289,6918.456612848163,No Power
4693,7,12,Afternoon,5433.724616819709,1418.6495401383143,6852.374156958023,Breakdown
4694,3,3,Afternoon,10940.961143379964,1497.0860884814142,12438.047231861377,Maintenance
4695,5,16,Afternoon,9730.355357794278,1559.0922822150267,11289.447640009304,Breakdown
4696,10,2,Night,8820.21976501098,1938.3463813264123,10758.56614633739,No Power
4697,4,3,Morning,12030.583720776336,1059.4002731412422,13089.983993917578,Breakdown
4698,9,14,Night,12161.135652260238,1336.9173671683902,13498.05301942863,Breakdown
4699,3,8,Night,10303.89339533017,1659.3010780420484,11963.194473372218,Breakdown
4700,10,3,Afternoon,8698.157457133642,1397.263416846491,10095.420873980132,Setup
4701,5,20,Night,8500.665422246375,1626.9631445849222,10127.628566831298,Breakdown
4702,9,5,Afternoon,4567.622767069279,488.14828534488146,5055.77105241416,Breakdown
4703,8,18,Morning,9060.280239518452,1088.0345497857693,10148.31478930422,Maintenance
4704,4,16,Afternoon,7696.308039796893,722.2604381978449,8418.568477994739,Setup
4705,2,10,Night,4786.920552688169,768.0643823995373,5554.984935087706,Setup
4706,9,15,Night,7624.290125593743,929.4452356278069,8553.73536122155,Setup
4707,10,5,Afternoon,8524.709315858527,1197.9220481116363,9722.631363970162,Breakdown
4708,3,20,Morning,5857.1551264637465,873.8099282904378,6730.965054754184,Breakdown
4709,5,14,Afternoon,4306.516620662986,1008.6443120237775,5315.160932686763,Breakdown
4710,6,20,Afternoon,6701.846268607709,1616.8542587457434,8318.700527353452,Maintenance
4711,10,3,Morning,12017.996860976733,1721.3024815413949,13739.299342518128,Setup
4712,3,17,Morning,2940.9730310015043,679.2765883579881,3620.2496193594925,Setup
4713,5,18,Afternoon,8170.349950743053,988.3943614527873,9158.74431219584,Maintenance
4714,10,11,Morning,6350.210788761408,1695.7233351069026,8045.934123868311,Breakdown
4715,9,8,Afternoon,3299.747355218474,667.6532470515801,3967.400602270054,Breakdown
4716,8,11,Night,5899.184770381873,1103.9560871738147,7003.140857555688,Maintenance
4717,6,15,Afternoon,14820.32212830721,1521.5574480869918,16341.879576394203,Setup
4718,8,15,Afternoon,7440.570948055489,1350.9519318064958,8791.522879861985,Breakdown
4719,8,11,Morning,5988.671683186327,861.1368630379117,6849.808546224239,Setup
4720,6,15,Afternoon,10006.081394912397,1517.8462964012047,11523.927691313602,Maintenance
4721,2,10,Night,19307.77788904147,1183.6817973320399,20491.45968637351,Breakdown
4722,4,19,Night,15504.066994484434,1474.7472619581715,16978.814256442605,Setup
4723,1,3,Afternoon,17270.22400819084,1651.132284998065,18921.356293188903,Maintenance
4724,8,18,Morning,7389.5289790058105,1184.9946656285933,8574.523644634404,Maintenance
4725,2,4,Morning,11118.649227569656,897.3233994802338,12015.97262704989,Setup
4726,8,4,Morning,9926.036449156858,1085.2397669210457,11011.276216077904,No Power
4727,7,4,Afternoon,13982.308479964537,1395.1488115176649,15377.457291482202,Setup
4728,5,17,Night,4987.04322618252,969.7143881335576,5956.757614316078,Setup
4729,5,4,Morning,8655.844286009551,1177.7173792954832,9833.561665305035,Setup
4730,3,8,Night,5644.767740630697,1086.3482450449085,6731.115985675605,Maintenance
4731,4,20,Night,9227.755767777979,943.4625336583787,10171.218301436358,Maintenance
4732,3,13,Morning,23858.049073623803,1190.5295724256025,25048.578646049406,Breakdown
4733,6,8,Morning,6316.398035644734,1154.2957190629852,7470.693754707719,Breakdown
4734,5,11,Afternoon,3956.7333120685144,523.5308877755901,4480.264199844105,Setup
4735,9,11,Afternoon,7262.551323133179,655.0977723823737,7917.649095515552,Breakdown
4736,5,13,Morning,14708.997000618561,1842.0190123966706,16551.016013015233,Breakdown
4737,6,8,Afternoon,18917.495692760658,1309.1266107746726,20226.622303535332,Breakdown
4738,9,8,Morning,7570.698072944183,823.8259918305076,8394.52406477469,Breakdown
4739,4,8,Morning,15266.31218492202,1218.391191768524,16484.703376690544,Maintenance
4740,6,8,Afternoon,7513.817246976121,1322.527532437719,8836.344779413841,Setup
4741,1,3,Afternoon,3416.054534193713,701.2842711978758,4117.338805391589,Setup
4742,4,16,Night,9048.718825026044,1380.7133256520226,10429.432150678067,Breakdown
4743,5,4,Afternoon,7696.041682040056,1093.6490287621166,8789.690710802173,No Power
4744,8,4,Morning,5664.499017024034,609.0313372225905,6273.5303542466245,No Power
4745,8,9,Morning,12763.585178686702,1542.3858114346172,14305.97099012132,Breakdown
4746,1,4,Morning,12540.641595434507,1137.7426627332643,13678.38425816777,Maintenance
4747,10,13,Night,21425.656338733002,1997.4851389083651,23423.141477641366,Setup
4748,9,4,Morning,5715.2177013374485,1252.0527444739637,6967.270445811412,Setup
4749,1,19,Night,3750.1263650011897,513.105673363884,4263.232038365074,Setup
4750,5,4,Afternoon,3371.098015906643,774.2072955934829,4145.305311500126,No Power
4751,10,3,Morning,15869.253836950506,1903.6930957083814,17772.946932658888,Breakdown
4752,4,2,Afternoon,20816.493227504987,1008.9673957692927,21825.46062327428,Maintenance
4753,1,2,Morning,6683.300353825455,966.6314514863028,7649.931805311758,Breakdown
4754,5,20,Morning,9542.069524370563,1088.0358766912846,10630.105401061848,Setup
4755,10,13,Night,7596.967019581734,1092.727113195106,8689.69413277684,Breakdown
4756,9,15,Morning,4136.358389909734,527.5378330679724,4663.896222977706,Maintenance
4757,7,8,Afternoon,6582.092992173375,832.7948605588705,7414.887852732246,Maintenance
4758,9,15,Afternoon,8157.599571359038,901.7286836736611,9059.328255032699,No Power
4759,8,2,Night,5304.282572878053,971.184692498331,6275.467265376384,Breakdown
4760,10,18,Morning,7053.184984552553,1782.9411285509684,8836.12611310352,Setup
4761,7,13,Afternoon,11203.411308425608,1336.870723677198,12540.282032102805,Breakdown
4762,4,17,Afternoon,6938.718875415152,556.6381410800685,7495.357016495221,Breakdown
4763,9,2,Morning,13136.16504817966,924.9324528086514,14061.097500988311,Maintenance
4764,5,6,Night,8760.89322328068,1288.4167312723696,10049.30995455305,Breakdown
4765,10,9,Night,4528.157277582994,680.6283981188436,5208.785675701837,No Power
4766,1,4,Afternoon,5114.76806324439,1055.0289555268516,6169.797018771242,No Power
4767,5,7,Morning,11485.861629513587,1615.2406403836433,13101.10226989723,Maintenance
4768,7,3,Morning,7396.776985909623,1183.9257286913066,8580.70271460093,No Power
4769,1,5,Morning,4310.242612090078,910.7208076306849,5220.963419720763,No Power
4770,3,12,Morning,8169.194886817615,912.8638837549034,9082.05877057252,Maintenance
4771,10,19,Night,7676.394380304865,939.6627636031847,8616.05714390805,Setup
4772,2,15,Night,8404.588898668017,1673.0846844421958,10077.673583110212,Breakdown
4773,1,2,Morning,17005.75897496633,1853.5066457319795,18859.265620698312,Breakdown
4774,10,12,Night,11582.192314908796,1598.5699379114265,13180.762252820223,Maintenance
4775,7,3,Night,6928.120724949616,1214.0131153260722,8142.133840275688,Breakdown
4776,9,17,Afternoon,12730.720966477853,1001.4505199153837,13732.171486393236,Setup
4777,5,18,Night,7795.558258342586,1730.4908766596864,9526.049135002271,Breakdown
4778,6,9,Morning,5916.699462678622,967.7801914928749,6884.479654171497,Breakdown
4779,3,19,Morning,4756.160712422532,681.6511586592728,5437.811871081805,Setup
4780,4,8,Afternoon,3548.647247087035,708.9814315928921,4257.628678679927,Maintenance
4781,9,12,Morning,3462.043574316068,706.6370687351454,4168.680643051213,Breakdown
4782,10,18,Afternoon,7399.239674359749,1190.6616830856137,8589.901357445364,Maintenance
4783,5,10,Afternoon,8523.271708116537,1308.0574126602087,9831.329120776747,Setup
4784,3,14,Morning,4641.711454673835,903.0810123546877,5544.792467028523,Breakdown
4785,10,14,Morning,6943.260498144671,1731.2810959906988,8674.54159413537,Setup
4786,7,20,Night,25410.792926059865,1957.6693287327505,27368.462254792616,Setup
4787,5,15,Afternoon,8406.536436928272,2072.3130116636585,10478.849448591931,Setup
4788,1,19,Afternoon,2805.532347414405,721.0438944258669,3526.576241840272,Setup
4789,9,12,Afternoon,11829.521616844928,1309.255492796589,13138.777109641516,No Power
4790,10,20,Afternoon,10748.464912025634,1493.9594154905028,12242.424327516137,Setup
4791,8,8,Morning,10212.809856704453,1189.2844226609482,11402.094279365401,Breakdown
4792,7,12,Afternoon,6696.886357211167,1029.7689026250914,7726.655259836258,Setup
4793,3,6,Afternoon,5973.059570408119,1247.4533165974701,7220.512887005589,Maintenance
4794,4,4,Afternoon,7184.7305950083255,1084.5622776462865,8269.292872654612,Breakdown
4795,7,18,Afternoon,22432.97947669604,1725.3245419873854,24158.304018683426,Breakdown
4796,1,3,Morning,4329.308563157883,906.1248971841834,5235.433460342067,No Power
4797,1,3,Morning,15923.395253249078,1176.2628735809462,17099.658126830025,Breakdown
4798,7,2,Morning,12641.087221157011,1012.769800766823,13653.857021923834,Setup
4799,7,2,Night,4338.89378180067,755.3121441760426,5094.205925976712,Setup
4800,1,2,Night,8403.676262112676,1387.1511293067058,9790.827391419381,Maintenance
4801,3,7,Afternoon,9014.365993049503,1474.943432097359,10489.309425146863,Setup
4802,8,1,Afternoon,8326.29310299091,1447.3489898873422,9773.642092878254,Setup
4803,1,14,Morning,7261.675637411495,1529.43838777226,8791.114025183755,Maintenance
4804,4,19,Night,11881.407156528905,1222.2204701652847,13103.62762669419,Maintenance
4805,2,12,Night,5653.827318664221,893.0885857413178,6546.915904405539,Maintenance
4806,9,9,Morning,14868.764341797973,728.516712614892,15597.281054412864,Setup
4807,3,7,Morning,11365.001058196643,1672.6204035019778,13037.621461698622,Maintenance
4808,1,18,Afternoon,5344.126833052456,912.963664045845,6257.090497098301,Breakdown
4809,3,18,Night,4563.11375100874,534.070178901219,5097.183929909959,Setup
4810,2,18,Afternoon,4005.6989620650124,649.0930274292303,4654.791989494242,Breakdown
4811,5,10,Morning,4739.936335589328,740.518782322332,5480.455117911661,Setup
4812,1,20,Morning,14284.06603715288,1683.706378356789,15967.772415509668,Breakdown
4813,6,3,Morning,3888.0600045665556,607.431107307368,4495.491111873924,Setup
4814,5,16,Afternoon,12620.017541740712,1416.2450174232213,14036.262559163933,Maintenance
4815,8,19,Afternoon,7905.837136733512,1574.4540125318247,9480.291149265337,Breakdown
4816,10,11,Afternoon,7830.471568949268,1298.7601766802893,9129.231745629557,Maintenance
4817,1,19,Afternoon,3901.4427770218413,808.9658806543646,4710.408657676206,Setup
4818,3,17,Morning,3046.554313099209,699.9966917010726,3746.5510048002816,Breakdown
4819,2,6,Afternoon,12661.830779390271,1246.65784779243,13908.488627182702,Maintenance
4820,3,6,Morning,6794.375522235447,771.1198804391929,7565.49540267464,Breakdown
4821,6,5,Night,6143.745372474121,1054.7078015497668,7198.453174023887,Breakdown
4822,6,18,Afternoon,3562.4157693059597,699.7317459180664,4262.147515224026,Setup
4823,6,6,Morning,9155.999933982257,987.8112811633258,10143.811215145583,Breakdown
4824,6,17,Afternoon,11659.656781941037,1142.0281184188236,12801.684900359862,Breakdown
4825,9,18,Morning,11275.012772469006,1131.9290657102827,12406.94183817929,Setup
4826,2,15,Morning,6749.887272342699,478.3808637349492,7228.268136077649,Breakdown
4827,5,20,Morning,11974.37400965319,1094.2190334668126,13068.593043120001,Setup
4828,4,1,Morning,8856.054910284514,1057.7518666177718,9913.806776902285,Breakdown
4829,4,14,Morning,4435.375134273133,1146.1417351764983,5581.5168694496315,Breakdown
4830,6,10,Morning,15623.982376584405,1267.6577519896118,16891.640128574018,Breakdown
4831,8,14,Morning,10061.057398647135,877.5156987996919,10938.573097446828,Setup
4832,2,3,Morning,4794.755241385935,821.0596604834959,5615.814901869431,Breakdown
4833,4,14,Afternoon,9598.901211996426,904.6370886223041,10503.538300618731,Maintenance
4834,9,12,Morning,6038.25547371716,788.921551997931,6827.177025715091,Maintenance
4835,3,9,Afternoon,7360.009241007476,1102.222124349546,8462.231365357022,Breakdown
4836,8,8,Afternoon,15611.923779872965,1131.041151186831,16742.964931059796,Setup
4837,8,3,Afternoon,2289.0413162882455,629.15536390314,2918.1966801913854,No Power
4838,1,20,Morning,18719.726697387538,1075.608200967958,19795.334898355497,Breakdown
4839,1,6,Morning,9988.515439769437,834.0961576395935,10822.61159740903,Breakdown
4840,3,7,Morning,7253.431921207863,876.8582754498644,8130.290196657727,Breakdown
4841,6,16,Afternoon,6181.3259733420355,1715.0270500307868,7896.3530233728225,Breakdown
4842,8,10,Afternoon,11301.71212057032,986.3516278309065,12288.063748401228,Maintenance
4843,7,8,Morning,5098.443633969704,486.36635217169606,5584.8099861414,Setup
4844,9,12,Afternoon,6818.5852720864395,966.744278504394,7785.329550590834,Breakdown
4845,9,8,Afternoon,8034.389700678796,665.0643936364394,8699.454094315235,Setup
4846,3,1,Morning,4520.308247984044,934.8116290801793,5455.119877064223,Breakdown
4847,3,19,Afternoon,15861.463788116424,1895.695300414841,17757.159088531265,Setup
4848,3,5,Afternoon,10542.761752781897,1675.8061985587221,12218.56795134062,Breakdown
4849,10,7,Afternoon,12131.297396424789,1250.1200836120986,13381.417480036887,No Power
4850,10,11,Night,8795.739827673387,1142.3891792941724,9938.12900696756,Breakdown
4851,2,12,Afternoon,7311.031240564312,732.8636652639932,8043.894905828305,Setup
4852,7,19,Morning,8608.60656704392,1382.3559280835348,9990.962495127455,No Power
4853,2,8,Afternoon,12842.68161659,1062.2719489281594,13904.953565518159,Breakdown
4854,2,16,Morning,5836.584606359682,703.1124445277685,6539.69705088745,Breakdown
4855,7,1,Morning,7182.8316750131335,765.1308751906168,7947.962550203751,Setup
4856,5,19,Afternoon,6403.197756589221,837.5857813385933,7240.783537927815,Breakdown
4857,8,14,Morning,6593.102658519338,934.0143496539459,7527.1170081732835,No Power
4858,8,3,Morning,11434.481992751025,1722.5207689681931,13157.002761719219,Setup
4859,7,4,Morning,14404.231900702245,861.2160463058029,15265.447947008048,Breakdown
4860,9,17,Afternoon,10415.833651896914,737.8433583324686,11153.677010229381,Setup
4861,6,15,Morning,6034.527620123541,837.850961390499,6872.37858151404,Breakdown
4862,2,19,Afternoon,7931.531720143792,759.2592447103025,8690.790964854095,Breakdown
4863,9,13,Night,3260.8674776506473,442.78165759743365,3703.6491352480807,Setup
4864,6,10,Morning,6349.577735557997,876.1002321489059,7225.677967706903,Maintenance
4865,3,9,Afternoon,2504.2791119824824,526.90168427303,3031.180796255512,No Power
4866,9,4,Morning,11912.35168309303,839.5184438315492,12751.87012692458,Breakdown
4867,10,20,Morning,7905.799463094278,1098.79854856601,9004.598011660288,Maintenance
4868,5,12,Night,6028.610601758827,1472.2586046440454,7500.869206402873,Breakdown
4869,1,7,Night,6855.071025831789,1154.9538703116414,8010.02489614343,Breakdown
4870,4,20,Night,3578.221965998898,576.1354739473978,4154.357439946296,Breakdown
4871,2,10,Morning,5144.316440928662,448.20036586667544,5592.516806795337,No Power
4872,5,11,Afternoon,9050.808857687342,869.6635749401977,9920.47243262754,Breakdown
4873,1,5,Night,9552.36032182432,1390.1774418010991,10942.53776362542,Breakdown
4874,7,16,Afternoon,5371.70722440778,644.8753138213854,6016.582538229165,Breakdown
4875,2,16,Morning,8641.373680829955,684.1952291540736,9325.568909984027,Maintenance
4876,1,17,Morning,7559.400063959834,1180.0106485059928,8739.410712465828,Breakdown
4877,3,20,Morning,6762.455907997223,836.8331466538046,7599.289054651028,Breakdown
4878,10,11,Night,15293.526964911183,2033.9747126103716,17327.501677521555,Setup
4879,4,4,Morning,11223.86518227804,1259.2264856557988,12483.091667933839,Breakdown
4880,6,3,Morning,5104.200701029183,574.8384453621624,5679.039146391345,No Power
4881,1,16,Morning,5911.921996140492,840.5691296745912,6752.491125815083,Breakdown
4882,1,3,Night,10266.641122838646,836.9307415792389,11103.571864417885,Maintenance
4883,7,10,Night,12576.618047426395,1037.900451981239,13614.518499407633,Breakdown
4884,4,17,Morning,4005.172377743318,461.5871141181992,4466.759491861518,Setup
4885,9,13,Night,11245.943539909535,1088.5713435643015,12334.514883473836,No Power
4886,7,10,Afternoon,5130.134710866314,993.7868641811278,6123.921575047441,Maintenance
4887,5,16,Afternoon,5650.7967325316995,1129.893353349,6780.690085880699,Setup
4888,8,10,Night,16192.399994521247,1812.6218738833406,18005.021868404587,Breakdown
4889,3,13,Morning,4947.634905139218,612.2420472272851,5559.876952366503,Breakdown
4890,6,20,Night,7583.91595228386,1881.1852276209645,9465.101179904825,Breakdown
4891,3,15,Morning,12447.069854169997,1236.214568385102,13683.284422555098,Maintenance
4892,4,3,Afternoon,8501.870596419787,1054.7625475856807,9556.633144005467,Maintenance
4893,9,5,Afternoon,6094.163436653622,1021.5294389567705,7115.692875610393,Breakdown
4894,1,20,Morning,6936.748799541061,1547.4312896870667,8484.180089228128,No Power
4895,5,7,Night,13000.474950010544,2073.539237754963,15074.014187765508,Setup
4896,2,19,Afternoon,6105.460700656411,928.823623283535,7034.284323939946,Breakdown
4897,3,16,Afternoon,3162.813095661574,526.4244261875418,3689.237521849116,Setup
4898,6,19,Afternoon,7977.262555314959,946.306983856102,8923.569539171061,Maintenance
4899,5,19,Afternoon,12065.116667412654,1150.954251274009,13216.070918686662,Breakdown
4900,5,18,Morning,8643.566365557266,1815.0038929561113,10458.570258513377,No Power
4901,9,2,Morning,5766.010096188466,545.827830752085,6311.837926940551,Maintenance
4902,6,19,Afternoon,10396.878638058846,1126.820040982362,11523.698679041208,Maintenance
4903,5,5,Morning,6317.522341352,1009.9879445869611,7327.510285938961,Maintenance
4904,10,4,Morning,10446.093005383545,1342.724283306832,11788.817288690378,Setup
4905,8,1,Afternoon,7988.845092603266,946.9481707114571,8935.793263314723,Maintenance
4906,4,1,Morning,15517.070188090964,867.1749010144823,16384.245089105447,Breakdown
4907,5,19,Afternoon,13617.79584540888,1819.2822769357265,15437.078122344607,Breakdown
4908,2,5,Morning,9049.705736824848,1319.7428765586724,10369.44861338352,Maintenance
4909,4,15,Morning,4731.148357377662,565.4958829504184,5296.644240328081,Setup
4910,6,19,Morning,10108.58667932972,1321.5595396343258,11430.146218964044,Breakdown
4911,9,8,Night,12256.370448451098,1333.7642303040202,13590.13467875512,Maintenance
4912,10,6,Afternoon,17083.97891812782,1432.7259121086481,18516.70483023647,No Power
4913,9,20,Morning,6357.7351631017345,935.5158429294215,7293.251006031156,Breakdown
4914,2,2,Night,11532.525765024771,1302.7750469090615,12835.300811933834,Setup
4915,3,19,Morning,21177.39145370608,1708.1388872805635,22885.530340986643,Maintenance
4916,1,3,Morning,11581.699957950532,1543.8446663647412,13125.544624315273,Maintenance
4917,7,1,Morning,8617.000554464199,843.6000333310601,9460.60058779526,Maintenance
4918,7,10,Afternoon,15088.106145120224,1508.8412525038752,16596.9473976241,Breakdown
4919,7,12,Afternoon,6249.339405482659,1215.6122366710804,7464.951642153739,Setup
4920,10,15,Morning,10811.066951929226,2008.9633412645358,12820.030293193762,Breakdown
4921,6,18,Afternoon,5972.8040995280535,999.5676390950148,6972.371738623068,Setup
4922,8,13,Afternoon,6709.828835932913,1630.7155477862707,8340.544383719183,Breakdown
4923,3,10,Afternoon,20013.696007013106,1503.1289615484145,21516.82496856152,Breakdown
4924,4,12,Morning,7237.593388201248,874.979174165633,8112.57256236688,Maintenance
4925,3,11,Afternoon,7300.453536383299,656.4497034933505,7956.903239876649,Breakdown
4926,7,18,Morning,5397.857949794577,631.1809119474126,6029.038861741989,Maintenance
4927,5,18,Afternoon,8217.568654687591,940.0080361879482,9157.57669087554,Breakdown
4928,9,2,Night,3113.431007171258,239.57707670053026,3353.008083871788,No Power
4929,3,5,Night,16235.953156582449,1602.2191191836682,17838.17227576612,Maintenance
4930,1,13,Night,17166.077722400558,1881.1505012517673,19047.228223652324,Breakdown
4931,7,15,Afternoon,2849.4104035994496,718.2911606890249,3567.7015642884744,Maintenance
4932,5,1,Morning,15160.934870478106,1724.7574263931917,16885.692296871297,Maintenance
4933,9,13,Night,3915.677416287191,448.7645259580488,4364.44194224524,No Power
4934,10,20,Night,3014.238221806545,676.8555638543125,3691.0937856608575,Setup
4935,4,17,Afternoon,6552.306424962933,807.1659797456392,7359.472404708573,Breakdown
4936,7,6,Morning,9008.208459440018,1224.4005481979661,10232.609007637984,Breakdown
4937,2,8,Night,10525.089528000963,1537.160914411516,12062.250442412478,No Power
4938,10,14,Night,16559.64355297877,1647.5980945832293,18207.241647562,Setup
4939,3,2,Morning,4093.920160350701,577.4634816426816,4671.383641993382,Maintenance
4940,1,2,Afternoon,24240.235700563026,2097.464510490001,26337.700211053027,Maintenance
4941,2,14,Morning,6740.044389831048,887.1586219647838,7627.203011795831,Setup
4942,2,14,Afternoon,3169.338988579988,566.4105754460019,3735.74956402599,No Power
4943,9,1,Afternoon,6137.880356993288,1216.58434148436,7354.464698477648,Breakdown
4944,7,9,Morning,5897.4509022099055,918.6530295156718,6816.103931725577,Breakdown
4945,9,13,Night,9596.058458966827,1444.1094479817334,11040.16790694856,Setup
4946,2,1,Morning,7515.167513233079,704.8279282529976,8219.995441486077,Maintenance
4947,6,7,Night,14188.495496744916,1717.8283903506888,15906.323887095605,Breakdown
4948,2,19,Afternoon,5120.009476039431,794.5270712994367,5914.536547338868,Breakdown
4949,3,19,Morning,8622.525268914194,940.5115534720468,9563.03682238624,Breakdown
4950,2,10,Afternoon,3584.578080095842,561.2811181430657,4145.859198238908,Breakdown
4951,9,15,Afternoon,8140.438161579554,982.569233362837,9123.007394942391,Breakdown
4952,2,6,Morning,7016.29008989977,625.4510149671308,7641.7411048669,Breakdown
4953,2,13,Afternoon,2482.1112250410806,495.1016745231217,2977.2128995642024,Setup
4954,9,16,Afternoon,11119.63189357879,1162.802509557997,12282.434403136787,Setup
4955,7,1,Morning,16834.244091216035,1337.6823046236493,18171.926395839684,No Power
4956,6,10,Night,8856.076020685658,1602.7945739266636,10458.870594612321,Maintenance
4957,9,5,Afternoon,6770.656748940046,539.385333952245,7310.042082892291,Maintenance
4958,4,17,Morning,5056.428750875226,698.9055544881776,5755.3343053634035,Setup
4959,3,6,Afternoon,5773.949005582763,1300.503033780113,7074.452039362875,Maintenance
4960,8,5,Morning,3071.4199236724353,678.2497972619026,3749.669720934338,Setup
4961,8,14,Night,11034.073377199129,1800.7078617931454,12834.781238992275,Setup
4962,4,16,Afternoon,10728.33607315217,1217.4965748641603,11945.83264801633,Maintenance
4963,4,13,Morning,6177.755940097387,584.1493288809623,6761.905268978349,Setup
4964,2,5,Morning,9571.107529802626,1169.7253243825799,10740.832854185206,Setup
4965,9,2,Night,8243.866649157248,606.5413252284243,8850.407974385671,Setup
4966,6,15,Morning,8921.497211000007,1507.9399426489713,10429.437153648978,Maintenance
4967,2,2,Night,5402.929734904142,1114.2008715345123,6517.130606438654,Maintenance
4968,7,15,Afternoon,7676.3679375418205,1103.033910142831,8779.401847684652,Maintenance
4969,6,9,Morning,4303.507622219415,862.25858645853,5165.766208677945,No Power
4970,9,17,Morning,9181.226851482192,534.1227404709643,9715.349591953156,Breakdown
4971,6,12,Morning,14380.546350000832,1472.0024336624322,15852.548783663264,Setup
4972,8,18,Afternoon,6961.952187213672,1419.4843469256145,8381.436534139286,No Power
4973,3,15,Morning,8793.496744778387,1606.2309661703523,10399.72771094874,Maintenance
4974,5,20,Afternoon,4246.261469086744,806.1789340240954,5052.44040311084,Breakdown
4975,1,1,Night,9108.818762807288,1043.0897357216659,10151.908498528954,Breakdown
4976,6,17,Afternoon,4385.876164318981,586.4528768900972,4972.329041209078,Setup
4977,5,16,Night,11176.166035279137,1810.548371532213,12986.71440681135,Maintenance
4978,8,5,Morning,5640.945647718965,1511.1229175795024,7152.068565298468,Breakdown
4979,10,1,Night,9562.001513124618,2159.688841994894,11721.690355119512,Setup
4980,8,5,Night,7315.241351112425,1095.9036999861103,8411.145051098536,No Power
4981,4,17,Afternoon,9536.901752845659,667.5023071897034,10204.404060035362,No Power
4982,10,20,Morning,3176.815106717294,461.4621381348848,3638.2772448521787,Maintenance
4983,2,19,Morning,10034.530287870528,1098.8628900000706,11133.3931778706,Breakdown
4984,2,7,Afternoon,11286.234758681885,786.4536009770528,12072.688359658938,Setup
4985,6,14,Afternoon,11551.34296539723,1129.7596330692147,12681.102598466445,Setup
4986,8,15,Morning,5820.539899502639,1190.8358231906286,7011.375722693268,Breakdown
4987,10,15,Morning,5221.644423723859,1215.192571852441,6436.8369955763,Maintenance
4988,5,18,Morning,14325.93220304374,1786.7514425541144,16112.683645597854,Breakdown
4989,7,6,Morning,9093.102256923308,983.0199939952054,10076.122250918514,Setup
4990,1,17,Afternoon,10221.641892929874,1332.9191758417066,11554.561068771582,Breakdown
4991,3,13,Afternoon,9326.904446926676,1495.6704774417242,10822.5749243684,Breakdown
4992,10,14,Morning,4178.828535330843,825.6600646348405,5004.4885999656835,Breakdown
4993,7,8,Night,2914.382557818802,516.3193745703453,3430.7019323891473,Maintenance
4994,1,10,Morning,13842.632872536318,1799.9988385428146,15642.631711079133,Setup
4995,2,20,Night,6970.024282164518,1110.2830770288826,8080.307359193401,Setup
4996,5,1,Night,7137.7207483338425,1234.7036423619938,8372.424390695836,Setup
4997,2,15,Afternoon,7792.301613657498,549.2377339151197,8341.539347572618,Breakdown
4998,5,18,Morning,6835.206753806395,1416.0912797856176,8251.298033592013,Setup
4999,8,11,Afternoon,10892.822156762499,1506.4830789507687,12399.305235713267,Setup
